model,dataset,method,tau,precision,coverage,n_accepted
minilm-l6,dbpedia-entity,raw,0.01,0.3937719738824711,0.8673491614027445,3982
minilm-l6,dbpedia-entity,raw,0.02,0.40676202860858257,0.837508168155086,3845
minilm-l6,dbpedia-entity,raw,0.03,0.4143808255659121,0.8179045959485951,3755
minilm-l6,dbpedia-entity,raw,0.04,0.4202819956616052,0.8033108255282073,3688
minilm-l6,dbpedia-entity,raw,0.05,0.423013698630137,0.7950337617076889,3650
minilm-l6,dbpedia-entity,raw,0.060000000000000005,0.4266334440753045,0.7867566978871705,3612
minilm-l6,dbpedia-entity,raw,0.06999999999999999,0.43073047858942065,0.7782618165976911,3573
minilm-l6,dbpedia-entity,raw,0.08,0.4326381059751973,0.7728163798736659,3548
minilm-l6,dbpedia-entity,raw,0.09,0.43511667615253274,0.7654105859289915,3514
minilm-l6,dbpedia-entity,raw,0.09999999999999999,0.4370689655172414,0.7580047919843171,3480
minilm-l6,dbpedia-entity,raw,0.11,0.4398496240601504,0.7532128076671749,3458
minilm-l6,dbpedia-entity,raw,0.12,0.4423412929528247,0.7479851884121107,3434
minilm-l6,dbpedia-entity,raw,0.13,0.4450629944330501,0.7434110215639295,3413
minilm-l6,dbpedia-entity,raw,0.14,0.44722877358490565,0.7388368547157482,3392
minilm-l6,dbpedia-entity,raw,0.15000000000000002,0.44822485207100593,0.7362230450882161,3380
minilm-l6,dbpedia-entity,raw,0.16,0.4504611722701577,0.7320845131779569,3361
minilm-l6,dbpedia-entity,raw,0.17,0.45188284518828453,0.7288172511435417,3346
minilm-l6,dbpedia-entity,raw,0.18000000000000002,0.45345345345345345,0.7253321716401655,3330
minilm-l6,dbpedia-entity,raw,0.19,0.45561594202898553,0.7214114571988673,3312
minilm-l6,dbpedia-entity,raw,0.2,0.45733373823261464,0.7172729252886082,3293
minilm-l6,dbpedia-entity,raw,0.21000000000000002,0.4587016153611704,0.714659115661076,3281
minilm-l6,dbpedia-entity,raw,0.22,0.46003062787136295,0.7111740361576998,3265
minilm-l6,dbpedia-entity,raw,0.23,0.461136712749616,0.7089958614680898,3255
minilm-l6,dbpedia-entity,raw,0.24000000000000002,0.46263125386040765,0.7052929644957525,3238
minilm-l6,dbpedia-entity,raw,0.25,0.46296870158041525,0.7028969723371814,3227
minilm-l6,dbpedia-entity,raw,0.26,0.46366459627329193,0.7013722500544544,3220
minilm-l6,dbpedia-entity,raw,0.27,0.4650655021834061,0.6983228054890002,3206
minilm-l6,dbpedia-entity,raw,0.28,0.46599811971168914,0.6950555434545851,3191
minilm-l6,dbpedia-entity,raw,0.29000000000000004,0.4671486953788117,0.692877368764975,3181
minilm-l6,dbpedia-entity,raw,0.3,0.4682865257178921,0.6902635591374429,3169
minilm-l6,dbpedia-entity,raw,0.31,0.46999047316608444,0.6859072097582226,3149
minilm-l6,dbpedia-entity,raw,0.32,0.4713193116634799,0.6835112175996515,3138
minilm-l6,dbpedia-entity,raw,0.33,0.47220447284345046,0.6817686778479634,3130
minilm-l6,dbpedia-entity,raw,0.34,0.47476695596271296,0.6776301459377042,3111
minilm-l6,dbpedia-entity,raw,0.35000000000000003,0.47583762886597936,0.6761054236549772,3104
minilm-l6,dbpedia-entity,raw,0.36000000000000004,0.4774862325882734,0.67240252668264,3087
minilm-l6,dbpedia-entity,raw,0.37,0.4788411458333333,0.6691352646482248,3072
minilm-l6,dbpedia-entity,raw,0.38,0.4802222948676038,0.6663036375517316,3059
minilm-l6,dbpedia-entity,raw,0.39,0.4812992125984252,0.6639076453931605,3048
minilm-l6,dbpedia-entity,raw,0.4,0.4818721160184575,0.6608582008277064,3034
minilm-l6,dbpedia-entity,raw,0.41000000000000003,0.4832615180643023,0.6571553038553692,3017
minilm-l6,dbpedia-entity,raw,0.42000000000000004,0.4858286095365122,0.653234589414071,2999
minilm-l6,dbpedia-entity,raw,0.43,0.4871108135252762,0.6506207797865389,2987
minilm-l6,dbpedia-entity,raw,0.44,0.48905355338497813,0.6467000653452407,2969
minilm-l6,dbpedia-entity,raw,0.45,0.4910260751777853,0.6432149858418645,2953
minilm-l6,dbpedia-entity,raw,0.46,0.4908350305498982,0.6416902635591375,2946
minilm-l6,dbpedia-entity,raw,0.47000000000000003,0.49250170415814587,0.6390764539316053,2934
minilm-l6,dbpedia-entity,raw,0.48000000000000004,0.4924812030075188,0.6373339141799172,2926
minilm-l6,dbpedia-entity,raw,0.49,0.4946717084908903,0.6336310172075801,2909
minilm-l6,dbpedia-entity,raw,0.5,0.49602488765986863,0.6301459377042039,2893
minilm-l6,dbpedia-entity,raw,0.51,0.49791376912378305,0.6264430407318667,2876
minilm-l6,dbpedia-entity,raw,0.52,0.49843041506801533,0.6244826835112176,2867
minilm-l6,dbpedia-entity,raw,0.53,0.49982511367611054,0.6227401437595295,2859
minilm-l6,dbpedia-entity,raw,0.54,0.5022879267863428,0.6188194293182313,2841
minilm-l6,dbpedia-entity,raw,0.55,0.503177966101695,0.6168590720975822,2832
minilm-l6,dbpedia-entity,raw,0.56,0.5040765685926977,0.6144630799390111,2821
minilm-l6,dbpedia-entity,raw,0.5700000000000001,0.5057061340941512,0.6107601829666739,2804
minilm-l6,dbpedia-entity,raw,0.5800000000000001,0.5077143882310728,0.6070572859943367,2787
minilm-l6,dbpedia-entity,raw,0.59,0.5091825711199136,0.6048791113047266,2777
minilm-l6,dbpedia-entity,raw,0.6,0.5104920405209841,0.6020474842082335,2764
minilm-l6,dbpedia-entity,raw,0.61,0.5121685434071922,0.5996514920496624,2753
minilm-l6,dbpedia-entity,raw,0.62,0.5136612021857924,0.5979089522979742,2745
minilm-l6,dbpedia-entity,raw,0.63,0.5155620651775906,0.5948595077325202,2731
minilm-l6,dbpedia-entity,raw,0.64,0.5174568173465638,0.59268133304291,2721
minilm-l6,dbpedia-entity,raw,0.65,0.5192165558019216,0.5894140710084949,2706
minilm-l6,dbpedia-entity,raw,0.66,0.520817843866171,0.5859289915051187,2690
minilm-l6,dbpedia-entity,raw,0.67,0.5212845407020165,0.5833151818775866,2678
minilm-l6,dbpedia-entity,raw,0.68,0.5236842105263158,0.5793944674362884,2660
minilm-l6,dbpedia-entity,raw,0.6900000000000001,0.5245098039215687,0.5776519276846003,2652
minilm-l6,dbpedia-entity,raw,0.7000000000000001,0.5258358662613982,0.5732955783053801,2632
minilm-l6,dbpedia-entity,raw,0.7100000000000001,0.5277246653919694,0.5695926813330429,2615
minilm-l6,dbpedia-entity,raw,0.72,0.5266999615827891,0.5669788717055108,2603
minilm-l6,dbpedia-entity,raw,0.73,0.5281635802469136,0.5645828795469396,2592
minilm-l6,dbpedia-entity,raw,0.74,0.53027950310559,0.5610978000435635,2576
minilm-l6,dbpedia-entity,raw,0.75,0.533359497645212,0.5549989109126552,2548
minilm-l6,dbpedia-entity,raw,0.76,0.5349388077378603,0.55173164887824,2533
minilm-l6,dbpedia-entity,raw,0.77,0.5367500993245927,0.5482465693748638,2517
minilm-l6,dbpedia-entity,raw,0.78,0.5388,0.5445436724025267,2500
minilm-l6,dbpedia-entity,raw,0.79,0.5413473174667205,0.5399695055543454,2479
minilm-l6,dbpedia-entity,raw,0.8,0.5417341977309562,0.5375735133957743,2468
minilm-l6,dbpedia-entity,raw,0.81,0.5435582822085889,0.5325637116096711,2445
minilm-l6,dbpedia-entity,raw,0.8200000000000001,0.5447422680412372,0.5282073622304508,2425
minilm-l6,dbpedia-entity,raw,0.8300000000000001,0.546622461665976,0.5255935526029187,2413
minilm-l6,dbpedia-entity,raw,0.8400000000000001,0.5502933780385583,0.5197124809409714,2386
minilm-l6,dbpedia-entity,raw,0.85,0.5539965986394558,0.5123066869962971,2352
minilm-l6,dbpedia-entity,raw,0.86,0.5574193548387096,0.5064256153343498,2325
minilm-l6,dbpedia-entity,raw,0.87,0.5604347826086956,0.5009801786103245,2300
minilm-l6,dbpedia-entity,raw,0.88,0.5638998682476943,0.4959703768242213,2277
minilm-l6,dbpedia-entity,raw,0.89,0.5672905525846702,0.48878240034850795,2244
minilm-l6,dbpedia-entity,raw,0.9,0.5731818181818182,0.4791984317142235,2200
minilm-l6,dbpedia-entity,raw,0.91,0.5809744779582366,0.469396645610978,2155
minilm-l6,dbpedia-entity,raw,0.92,0.5845570819516817,0.45981267697669354,2111
minilm-l6,dbpedia-entity,raw,0.93,0.5900048520135857,0.44892180352864297,2061
minilm-l6,dbpedia-entity,raw,0.9400000000000001,0.5975124378109453,0.43781311261163147,2010
minilm-l6,dbpedia-entity,raw,0.9500000000000001,0.6008209338122114,0.4245262470050098,1949
minilm-l6,dbpedia-entity,raw,0.9600000000000001,0.6073326248671626,0.40993247658462206,1882
minilm-l6,dbpedia-entity,raw,0.97,0.6226309921962095,0.39076453931605315,1794
minilm-l6,dbpedia-entity,raw,0.98,0.6464155528554071,0.35852755390982355,1646
minilm-l6,dbpedia-entity,raw,0.99,0.6913669064748201,0.30276628185580484,1390
minilm-l6,dbpedia-entity,temp,0.01,0.34698322805489,1.0,4591
minilm-l6,dbpedia-entity,temp,0.02,0.34698322805489,1.0,4591
minilm-l6,dbpedia-entity,temp,0.03,0.34698322805489,1.0,4591
minilm-l6,dbpedia-entity,temp,0.04,0.34698322805489,1.0,4591
minilm-l6,dbpedia-entity,temp,0.05,0.34698322805489,1.0,4591
minilm-l6,dbpedia-entity,temp,0.060000000000000005,0.34698322805489,1.0,4591
minilm-l6,dbpedia-entity,temp,0.06999999999999999,0.34698322805489,1.0,4591
minilm-l6,dbpedia-entity,temp,0.08,0.34698322805489,1.0,4591
minilm-l6,dbpedia-entity,temp,0.09,0.34698322805489,1.0,4591
minilm-l6,dbpedia-entity,temp,0.09999999999999999,0.34698322805489,1.0,4591
minilm-l6,dbpedia-entity,temp,0.11,0.34698322805489,1.0,4591
minilm-l6,dbpedia-entity,temp,0.12,0.34698322805489,1.0,4591
minilm-l6,dbpedia-entity,temp,0.13,0.34713445195031595,0.999564365062078,4589
minilm-l6,dbpedia-entity,temp,0.14,0.3485014220083133,0.9956436506207798,4571
minilm-l6,dbpedia-entity,temp,0.15000000000000002,0.35066079295154184,0.9888913090829885,4540
minilm-l6,dbpedia-entity,temp,0.16,0.3525243578387954,0.9836636898279242,4516
minilm-l6,dbpedia-entity,temp,0.17,0.354802763539113,0.9773469832280549,4487
minilm-l6,dbpedia-entity,temp,0.18000000000000002,0.35663082437275984,0.9723371814419517,4464
minilm-l6,dbpedia-entity,temp,0.19,0.35863933318314933,0.9668917447179264,4439
minilm-l6,dbpedia-entity,temp,0.2,0.36099773242630384,0.9605750381180571,4410
minilm-l6,dbpedia-entity,temp,0.21000000000000002,0.3634703196347032,0.9540405140492267,4380
minilm-l6,dbpedia-entity,temp,0.22,0.3657247875028716,0.9481594423872794,4353
minilm-l6,dbpedia-entity,temp,0.23,0.3677150786308973,0.9418427357874102,4324
minilm-l6,dbpedia-entity,temp,0.24000000000000002,0.3711749591217005,0.9324765846220867,4281
minilm-l6,dbpedia-entity,temp,0.25,0.37379212821117136,0.9241995208015683,4243
minilm-l6,dbpedia-entity,temp,0.26,0.37690114068441066,0.9165759093879329,4208
minilm-l6,dbpedia-entity,temp,0.27,0.3804034582132565,0.9069919407536484,4164
minilm-l6,dbpedia-entity,temp,0.28,0.38306647258612325,0.8978436070572859,4122
minilm-l6,dbpedia-entity,temp,0.29000000000000004,0.3863524791359843,0.8873883685471575,4074
minilm-l6,dbpedia-entity,temp,0.3,0.3909045725646123,0.8764974950991069,4024
minilm-l6,dbpedia-entity,temp,0.31,0.3930360721442886,0.8695273360923546,3992
minilm-l6,dbpedia-entity,temp,0.32,0.39701038763617935,0.8597255499891091,3947
minilm-l6,dbpedia-entity,temp,0.33,0.40190035952747816,0.8481812241341755,3894
minilm-l6,dbpedia-entity,temp,0.34,0.4073977598332899,0.83620126334132,3839
minilm-l6,dbpedia-entity,temp,0.35000000000000003,0.4116715077898072,0.8248747549553475,3787
minilm-l6,dbpedia-entity,temp,0.36000000000000004,0.4161756829137654,0.8133304291004139,3734
minilm-l6,dbpedia-entity,temp,0.37,0.4216113228089276,0.8002613809627532,3674
minilm-l6,dbpedia-entity,temp,0.38,0.4247178640242224,0.7913308647353517,3633
minilm-l6,dbpedia-entity,temp,0.39,0.4301285634432644,0.7793509039424962,3578
minilm-l6,dbpedia-entity,temp,0.4,0.43419190489668835,0.7695491178392507,3533
minilm-l6,dbpedia-entity,temp,0.41000000000000003,0.4388343912290825,0.7549553474188629,3466
minilm-l6,dbpedia-entity,temp,0.42000000000000004,0.4454225352112676,0.7423219342191244,3408
minilm-l6,dbpedia-entity,temp,0.43,0.45096870342771983,0.7307776083641908,3355
minilm-l6,dbpedia-entity,temp,0.44,0.45625189221919465,0.7194510999782182,3303
minilm-l6,dbpedia-entity,temp,0.45,0.4622496147919877,0.7068176867784797,3245
minilm-l6,dbpedia-entity,temp,0.46,0.4664366373902133,0.694402091047702,3188
minilm-l6,dbpedia-entity,temp,0.47000000000000003,0.472355385107063,0.6815508603790024,3129
minilm-l6,dbpedia-entity,temp,0.48000000000000004,0.4810085134250164,0.6652145502069265,3054
minilm-l6,dbpedia-entity,temp,0.49,0.48921832884097033,0.6464822478762797,2968
minilm-l6,dbpedia-entity,temp,0.5,0.49602488765986863,0.6301459377042039,2893
minilm-l6,dbpedia-entity,temp,0.51,0.5033628318584071,0.6153343498148551,2825
minilm-l6,dbpedia-entity,temp,0.52,0.5129137868315751,0.5987802221738183,2749
minilm-l6,dbpedia-entity,temp,0.53,0.5216417910447761,0.5837508168155086,2680
minilm-l6,dbpedia-entity,temp,0.54,0.5264773599386032,0.5676323241123938,2606
minilm-l6,dbpedia-entity,temp,0.55,0.5362089434111594,0.550424744064474,2527
minilm-l6,dbpedia-entity,temp,0.56,0.5418359057676686,0.5362666085820083,2462
minilm-l6,dbpedia-entity,temp,0.5700000000000001,0.5495194316757208,0.5212372032236985,2393
minilm-l6,dbpedia-entity,temp,0.5800000000000001,0.559410234171726,0.5022870834240906,2306
minilm-l6,dbpedia-entity,temp,0.59,0.5680393912264996,0.4866042256588978,2234
minilm-l6,dbpedia-entity,temp,0.6,0.5824742268041238,0.46482247876279675,2134
minilm-l6,dbpedia-entity,temp,0.61,0.590931253047294,0.4467436288390329,2051
minilm-l6,dbpedia-entity,temp,0.62,0.597979797979798,0.43127858854280116,1980
minilm-l6,dbpedia-entity,temp,0.63,0.6038824763903463,0.4151600958396863,1906
minilm-l6,dbpedia-entity,temp,0.64,0.6174055829228243,0.3979525157917665,1827
minilm-l6,dbpedia-entity,temp,0.65,0.6326647564469914,0.38009148333696363,1745
minilm-l6,dbpedia-entity,temp,0.66,0.644927536231884,0.3607057285994337,1656
minilm-l6,dbpedia-entity,temp,0.67,0.6686084142394823,0.3365279895447615,1545
minilm-l6,dbpedia-entity,temp,0.68,0.6815374056280027,0.3173600522761926,1457
minilm-l6,dbpedia-entity,temp,0.6900000000000001,0.6974358974358974,0.2973208451317796,1365
minilm-l6,dbpedia-entity,temp,0.7000000000000001,0.7082683307332294,0.2792419952080157,1282
minilm-l6,dbpedia-entity,temp,0.7100000000000001,0.7257383966244726,0.25811370071879763,1185
minilm-l6,dbpedia-entity,temp,0.72,0.7425650557620818,0.23437159660204748,1076
minilm-l6,dbpedia-entity,temp,0.73,0.7673935617860852,0.2097582226094533,963
minilm-l6,dbpedia-entity,temp,0.74,0.7799539170506913,0.18906556305815728,868
minilm-l6,dbpedia-entity,temp,0.75,0.8023407022106632,0.1675016336310172,769
minilm-l6,dbpedia-entity,temp,0.76,0.8130563798219584,0.14680897407972118,674
minilm-l6,dbpedia-entity,temp,0.77,0.8271812080536913,0.12981921150076237,596
minilm-l6,dbpedia-entity,temp,0.78,0.8440545808966862,0.11174036157699847,513
minilm-l6,dbpedia-entity,temp,0.79,0.860730593607306,0.09540405140492267,438
minilm-l6,dbpedia-entity,temp,0.8,0.8942857142857142,0.07623611413635374,350
minilm-l6,dbpedia-entity,temp,0.81,0.9120879120879121,0.059464169026355915,273
minilm-l6,dbpedia-entity,temp,0.8200000000000001,0.9583333333333334,0.04182095404051405,192
minilm-l6,dbpedia-entity,temp,0.8300000000000001,0.9710144927536232,0.030058810716619474,138
minilm-l6,dbpedia-entity,temp,0.8400000000000001,0.9523809523809523,0.018296667392724897,84
minilm-l6,dbpedia-entity,temp,0.85,0.9534883720930233,0.00936615116532346,43
minilm-l6,dbpedia-entity,temp,0.86,,0.003920714441298192,18
minilm-l6,dbpedia-entity,temp,0.87,,0.000653452406883032,3
minilm-l6,dbpedia-entity,temp,0.88,,0.0,0
minilm-l6,dbpedia-entity,temp,0.89,,0.0,0
minilm-l6,dbpedia-entity,temp,0.9,,0.0,0
minilm-l6,dbpedia-entity,temp,0.91,,0.0,0
minilm-l6,dbpedia-entity,temp,0.92,,0.0,0
minilm-l6,dbpedia-entity,temp,0.93,,0.0,0
minilm-l6,dbpedia-entity,temp,0.9400000000000001,,0.0,0
minilm-l6,dbpedia-entity,temp,0.9500000000000001,,0.0,0
minilm-l6,dbpedia-entity,temp,0.9600000000000001,,0.0,0
minilm-l6,dbpedia-entity,temp,0.97,,0.0,0
minilm-l6,dbpedia-entity,temp,0.98,,0.0,0
minilm-l6,dbpedia-entity,temp,0.99,,0.0,0
minilm-l6,dbpedia-entity,platt,0.01,0.35591325732170803,0.9742975386626007,4473
minilm-l6,dbpedia-entity,platt,0.02,0.3681649675625579,0.940100196035722,4316
minilm-l6,dbpedia-entity,platt,0.03,0.38067772170151404,0.9063384883467654,4161
minilm-l6,dbpedia-entity,platt,0.04,0.3911962198458095,0.8758440426922239,4021
minilm-l6,dbpedia-entity,platt,0.05,0.4011270491803279,0.8503593988237856,3904
minilm-l6,dbpedia-entity,platt,0.060000000000000005,0.4115628299894403,0.8250925724243084,3788
minilm-l6,dbpedia-entity,platt,0.06999999999999999,0.42080956261885355,0.8017861032454803,3681
minilm-l6,dbpedia-entity,platt,0.08,0.4278178789561355,0.7845785231975605,3602
minilm-l6,dbpedia-entity,platt,0.09,0.4346961953435548,0.7671531256806796,3522
minilm-l6,dbpedia-entity,platt,0.09999999999999999,0.44272806761877004,0.7473317360052276,3431
minilm-l6,dbpedia-entity,platt,0.11,0.44965844965844964,0.7333914179917229,3367
minilm-l6,dbpedia-entity,platt,0.12,0.4574726609963548,0.7170551078196471,3292
minilm-l6,dbpedia-entity,platt,0.13,0.46253869969040246,0.7035504247440645,3230
minilm-l6,dbpedia-entity,platt,0.14,0.46813880126182966,0.6904813766064039,3170
minilm-l6,dbpedia-entity,platt,0.15000000000000002,0.47583762886597936,0.6761054236549772,3104
minilm-l6,dbpedia-entity,platt,0.16,0.48217821782178216,0.6599869309518623,3030
minilm-l6,dbpedia-entity,platt,0.17,0.4911864406779661,0.6425615334349815,2950
minilm-l6,dbpedia-entity,platt,0.18000000000000002,0.49670710571923743,0.6284033979525158,2885
minilm-l6,dbpedia-entity,platt,0.19,0.5033557046979866,0.6166412546286212,2831
minilm-l6,dbpedia-entity,platt,0.2,0.5104920405209841,0.6020474842082335,2764
minilm-l6,dbpedia-entity,platt,0.21000000000000002,0.5180279617365711,0.592027880636027,2718
minilm-l6,dbpedia-entity,platt,0.22,0.5238811583301993,0.5791766499673274,2659
minilm-l6,dbpedia-entity,platt,0.23,0.5264773599386032,0.5676323241123938,2606
minilm-l6,dbpedia-entity,platt,0.24000000000000002,0.5329153605015674,0.5558701807884993,2552
minilm-l6,dbpedia-entity,platt,0.25,0.5387380191693291,0.5454149422783707,2504
minilm-l6,dbpedia-entity,platt,0.26,0.5418359057676686,0.5362666085820083,2462
minilm-l6,dbpedia-entity,platt,0.27,0.5457178320231693,0.5264648224787628,2417
minilm-l6,dbpedia-entity,platt,0.28,0.5529661016949152,0.5140492267479851,2360
minilm-l6,dbpedia-entity,platt,0.29000000000000004,0.5585313174946004,0.5042474406447397,2315
minilm-l6,dbpedia-entity,platt,0.3,0.5638998682476943,0.4959703768242213,2277
minilm-l6,dbpedia-entity,platt,0.31,0.5685483870967742,0.48616859072097585,2232
minilm-l6,dbpedia-entity,platt,0.32,0.577736890524379,0.4735351775212372,2174
minilm-l6,dbpedia-entity,platt,0.33,0.5826660386245879,0.46242648660422564,2123
minilm-l6,dbpedia-entity,platt,0.34,0.588348579682234,0.45240688303201915,2077
minilm-l6,dbpedia-entity,platt,0.35000000000000003,0.5932286555446517,0.44391200174253975,2038
minilm-l6,dbpedia-entity,platt,0.36000000000000004,0.5982008995502249,0.43585275539098234,2001
minilm-l6,dbpedia-entity,platt,0.37,0.5990806945863125,0.42648660422565887,1958
minilm-l6,dbpedia-entity,platt,0.38,0.6019771071800208,0.4186451753430625,1922
minilm-l6,dbpedia-entity,platt,0.39,0.6068965517241379,0.41058592899150514,1885
minilm-l6,dbpedia-entity,platt,0.4,0.6132686084142395,0.4038335874537138,1854
minilm-l6,dbpedia-entity,platt,0.41000000000000003,0.6200221238938053,0.3938139838815073,1808
minilm-l6,dbpedia-entity,platt,0.42000000000000004,0.6291690220463538,0.3853191025920279,1769
minilm-l6,dbpedia-entity,platt,0.43,0.6340474811812391,0.3761707688956654,1727
minilm-l6,dbpedia-entity,platt,0.44,0.6418798334324807,0.3661511653234589,1681
minilm-l6,dbpedia-entity,platt,0.45,0.6464155528554071,0.35852755390982355,1646
minilm-l6,dbpedia-entity,platt,0.46,0.6584905660377358,0.346329775648007,1590
minilm-l6,dbpedia-entity,platt,0.47000000000000003,0.6686084142394823,0.3365279895447615,1545
minilm-l6,dbpedia-entity,platt,0.48000000000000004,0.6750663129973474,0.32846874319320407,1508
minilm-l6,dbpedia-entity,platt,0.49,0.6802999318336742,0.31953822696580264,1467
minilm-l6,dbpedia-entity,platt,0.5,0.6852756454989533,0.3121324330211283,1433
minilm-l6,dbpedia-entity,platt,0.51,0.6911447084233261,0.30254846438684385,1389
minilm-l6,dbpedia-entity,platt,0.52,0.6972408650260999,0.2920932258767153,1341
minilm-l6,dbpedia-entity,platt,0.53,0.7020626432391138,0.28512306686996297,1309
minilm-l6,dbpedia-entity,platt,0.54,0.7094753328112764,0.2781529078632106,1277
minilm-l6,dbpedia-entity,platt,0.55,0.7153225806451613,0.27009366151165326,1240
minilm-l6,dbpedia-entity,platt,0.56,0.7250628667225482,0.2598562404704857,1193
minilm-l6,dbpedia-entity,platt,0.5700000000000001,0.7346760070052539,0.2487475495534742,1142
minilm-l6,dbpedia-entity,platt,0.5800000000000001,0.7416137805983681,0.24025266826399477,1103
minilm-l6,dbpedia-entity,platt,0.59,0.7438563327032136,0.2304508821607493,1058
minilm-l6,dbpedia-entity,platt,0.6,0.7514792899408284,0.22086691352646481,1014
minilm-l6,dbpedia-entity,platt,0.61,0.7679500520291364,0.20932258767153125,961
minilm-l6,dbpedia-entity,platt,0.62,0.7726293103448276,0.2021346111958179,928
minilm-l6,dbpedia-entity,platt,0.63,0.7746319365798414,0.19233282509257243,883
minilm-l6,dbpedia-entity,platt,0.64,0.7829181494661922,0.183620126334132,843
minilm-l6,dbpedia-entity,platt,0.65,0.795483061480552,0.1736005227619255,797
minilm-l6,dbpedia-entity,platt,0.66,0.8036649214659686,0.16641254628621216,764
minilm-l6,dbpedia-entity,platt,0.67,0.8047091412742382,0.1572642125898497,722
minilm-l6,dbpedia-entity,platt,0.68,0.8133333333333334,0.1470267915486822,675
minilm-l6,dbpedia-entity,platt,0.6900000000000001,0.8176197836166924,0.1409279024177739,647
minilm-l6,dbpedia-entity,platt,0.7000000000000001,0.8235294117647058,0.13330429100413854,612
minilm-l6,dbpedia-entity,platt,0.7100000000000001,0.8321799307958477,0.12589849705946418,578
minilm-l6,dbpedia-entity,platt,0.72,0.8445692883895131,0.1163145284251797,534
minilm-l6,dbpedia-entity,platt,0.73,0.84251968503937,0.11065127423219343,508
minilm-l6,dbpedia-entity,platt,0.74,0.8529411764705882,0.10368111522544109,476
minilm-l6,dbpedia-entity,platt,0.75,0.8587699316628702,0.09562186887388369,439
minilm-l6,dbpedia-entity,platt,0.76,0.8796068796068796,0.08865170986713135,407
minilm-l6,dbpedia-entity,platt,0.77,0.8888888888888888,0.07841428882596384,360
minilm-l6,dbpedia-entity,platt,0.78,0.9021406727828746,0.0712263123502505,327
minilm-l6,dbpedia-entity,platt,0.79,0.9094076655052264,0.06251361359181007,287
minilm-l6,dbpedia-entity,platt,0.8,0.9243027888446215,0.05467218470921368,251
minilm-l6,dbpedia-entity,platt,0.81,0.9436619718309859,0.046395120888695275,213
minilm-l6,dbpedia-entity,platt,0.8200000000000001,0.9597701149425287,0.03790023959921586,174
minilm-l6,dbpedia-entity,platt,0.8300000000000001,0.9655172413793104,0.03158353299934655,145
minilm-l6,dbpedia-entity,platt,0.8400000000000001,0.967479674796748,0.026791548682204312,123
minilm-l6,dbpedia-entity,platt,0.85,0.9560439560439561,0.01982138967545197,91
minilm-l6,dbpedia-entity,platt,0.86,0.9552238805970149,0.014593770420387715,67
minilm-l6,dbpedia-entity,platt,0.87,0.9545454545454546,0.00958396863428447,44
minilm-l6,dbpedia-entity,platt,0.88,1.0,0.006752341537791331,31
minilm-l6,dbpedia-entity,platt,0.89,,0.00326726203441516,15
minilm-l6,dbpedia-entity,platt,0.9,,0.0015247222827270747,7
minilm-l6,dbpedia-entity,platt,0.91,,0.0,0
minilm-l6,dbpedia-entity,platt,0.92,,0.0,0
minilm-l6,dbpedia-entity,platt,0.93,,0.0,0
minilm-l6,dbpedia-entity,platt,0.9400000000000001,,0.0,0
minilm-l6,dbpedia-entity,platt,0.9500000000000001,,0.0,0
minilm-l6,dbpedia-entity,platt,0.9600000000000001,,0.0,0
minilm-l6,dbpedia-entity,platt,0.97,,0.0,0
minilm-l6,dbpedia-entity,platt,0.98,,0.0,0
minilm-l6,dbpedia-entity,platt,0.99,,0.0,0
minilm-l6,dbpedia-entity,iso,0.01,0.35904375281912493,0.9658026573731213,4434
minilm-l6,dbpedia-entity,iso,0.02,0.35904375281912493,0.9658026573731213,4434
minilm-l6,dbpedia-entity,iso,0.03,0.36313868613138683,0.9549117839250708,4384
minilm-l6,dbpedia-entity,iso,0.04,0.4079394097675633,0.8340230886517098,3829
minilm-l6,dbpedia-entity,iso,0.05,0.4079394097675633,0.8340230886517098,3829
minilm-l6,dbpedia-entity,iso,0.060000000000000005,0.4193200215866163,0.8072315399695056,3706
minilm-l6,dbpedia-entity,iso,0.06999999999999999,0.41916329284750337,0.8070137225005446,3705
minilm-l6,dbpedia-entity,iso,0.08,0.4192764578833693,0.8067959050315835,3704
minilm-l6,dbpedia-entity,iso,0.09,0.4477567886658796,0.7379655848399042,3388
minilm-l6,dbpedia-entity,iso,0.09999999999999999,0.4477567886658796,0.7379655848399042,3388
minilm-l6,dbpedia-entity,iso,0.11,0.4477567886658796,0.7379655848399042,3388
minilm-l6,dbpedia-entity,iso,0.12,0.4475937407735459,0.7377477673709432,3387
minilm-l6,dbpedia-entity,iso,0.13,0.4475937407735459,0.7377477673709432,3387
minilm-l6,dbpedia-entity,iso,0.14,0.4512085944494181,0.7299063384883467,3351
minilm-l6,dbpedia-entity,iso,0.15000000000000002,0.4512085944494181,0.7299063384883467,3351
minilm-l6,dbpedia-entity,iso,0.16,0.4512085944494181,0.7299063384883467,3351
minilm-l6,dbpedia-entity,iso,0.17,0.4512085944494181,0.7299063384883467,3351
minilm-l6,dbpedia-entity,iso,0.18000000000000002,0.46773685867170284,0.6920060988891309,3177
minilm-l6,dbpedia-entity,iso,0.19,0.5022863172704889,0.6192550642561534,2843
minilm-l6,dbpedia-entity,iso,0.2,0.5022863172704889,0.6192550642561534,2843
minilm-l6,dbpedia-entity,iso,0.21000000000000002,0.5022863172704889,0.6192550642561534,2843
minilm-l6,dbpedia-entity,iso,0.22,0.5022863172704889,0.6192550642561534,2843
minilm-l6,dbpedia-entity,iso,0.23,0.541095890410959,0.5406229579612285,2482
minilm-l6,dbpedia-entity,iso,0.24000000000000002,0.541095890410959,0.5406229579612285,2482
minilm-l6,dbpedia-entity,iso,0.25,0.5579991375592928,0.5051187105205838,2319
minilm-l6,dbpedia-entity,iso,0.26,0.5591677503250976,0.5025049008930517,2307
minilm-l6,dbpedia-entity,iso,0.27,0.5591677503250976,0.5025049008930517,2307
minilm-l6,dbpedia-entity,iso,0.28,0.5591677503250976,0.5025049008930517,2307
minilm-l6,dbpedia-entity,iso,0.29000000000000004,0.559410234171726,0.5022870834240906,2306
minilm-l6,dbpedia-entity,iso,0.3,0.559410234171726,0.5022870834240906,2306
minilm-l6,dbpedia-entity,iso,0.31,0.559410234171726,0.5022870834240906,2306
minilm-l6,dbpedia-entity,iso,0.32,0.6005141388174807,0.4236549771291658,1945
minilm-l6,dbpedia-entity,iso,0.33,0.626614261650758,0.38793291221956,1781
minilm-l6,dbpedia-entity,iso,0.34,0.626614261650758,0.38793291221956,1781
minilm-l6,dbpedia-entity,iso,0.35000000000000003,0.6326647564469914,0.38009148333696363,1745
minilm-l6,dbpedia-entity,iso,0.36000000000000004,0.6326647564469914,0.38009148333696363,1745
minilm-l6,dbpedia-entity,iso,0.37,0.6326647564469914,0.38009148333696363,1745
minilm-l6,dbpedia-entity,iso,0.38,0.6330275229357798,0.37987366586800264,1744
minilm-l6,dbpedia-entity,iso,0.39,0.6330275229357798,0.37987366586800264,1744
minilm-l6,dbpedia-entity,iso,0.4,0.6330275229357798,0.37987366586800264,1744
minilm-l6,dbpedia-entity,iso,0.41000000000000003,0.6330275229357798,0.37987366586800264,1744
minilm-l6,dbpedia-entity,iso,0.42000000000000004,0.6330275229357798,0.37987366586800264,1744
minilm-l6,dbpedia-entity,iso,0.43,0.6433734939759036,0.36157699847527774,1660
minilm-l6,dbpedia-entity,iso,0.44,0.6445383222691611,0.36092354606839466,1657
minilm-l6,dbpedia-entity,iso,0.45,0.644927536231884,0.3607057285994337,1656
minilm-l6,dbpedia-entity,iso,0.46,0.6788866259334692,0.32084513177956875,1473
minilm-l6,dbpedia-entity,iso,0.47000000000000003,0.6788866259334692,0.32084513177956875,1473
minilm-l6,dbpedia-entity,iso,0.48000000000000004,0.6788866259334692,0.32084513177956875,1473
minilm-l6,dbpedia-entity,iso,0.49,0.6788866259334692,0.32084513177956875,1473
minilm-l6,dbpedia-entity,iso,0.5,0.6788866259334692,0.32084513177956875,1473
minilm-l6,dbpedia-entity,iso,0.51,0.6989409984871406,0.2879546939664561,1322
minilm-l6,dbpedia-entity,iso,0.52,0.7257383966244726,0.25811370071879763,1185
minilm-l6,dbpedia-entity,iso,0.53,0.7257383966244726,0.25811370071879763,1185
minilm-l6,dbpedia-entity,iso,0.54,0.7318339100346021,0.25179699411892836,1156
minilm-l6,dbpedia-entity,iso,0.55,0.7324675324675325,0.2515791766499673,1155
minilm-l6,dbpedia-entity,iso,0.56,0.7412082957619477,0.24155957307776083,1109
minilm-l6,dbpedia-entity,iso,0.5700000000000001,0.7412082957619477,0.24155957307776083,1109
minilm-l6,dbpedia-entity,iso,0.5800000000000001,0.7412082957619477,0.24155957307776083,1109
minilm-l6,dbpedia-entity,iso,0.59,0.7412082957619477,0.24155957307776083,1109
minilm-l6,dbpedia-entity,iso,0.6,0.7412082957619477,0.24155957307776083,1109
minilm-l6,dbpedia-entity,iso,0.61,0.7410795974382434,0.23807449357438468,1093
minilm-l6,dbpedia-entity,iso,0.62,0.7410795974382434,0.23807449357438468,1093
minilm-l6,dbpedia-entity,iso,0.63,0.7410795974382434,0.23807449357438468,1093
minilm-l6,dbpedia-entity,iso,0.64,0.7410795974382434,0.23807449357438468,1093
minilm-l6,dbpedia-entity,iso,0.65,0.8034076015727392,0.16619472881725114,763
minilm-l6,dbpedia-entity,iso,0.66,0.8034076015727392,0.16619472881725114,763
minilm-l6,dbpedia-entity,iso,0.67,0.8031496062992126,0.16597691134829012,762
minilm-l6,dbpedia-entity,iso,0.68,0.8530020703933747,0.10520583750816816,483
minilm-l6,dbpedia-entity,iso,0.6900000000000001,0.8526970954356846,0.10498802003920714,482
minilm-l6,dbpedia-entity,iso,0.7000000000000001,0.8520833333333333,0.10455238510128512,480
minilm-l6,dbpedia-entity,iso,0.7100000000000001,0.8517745302713987,0.10433456763232411,479
minilm-l6,dbpedia-entity,iso,0.72,0.8635294117647059,0.09257242430842953,425
minilm-l6,dbpedia-entity,iso,0.73,0.8632075471698113,0.09235460683946853,424
minilm-l6,dbpedia-entity,iso,0.74,0.8652482269503546,0.09213678937050751,423
minilm-l6,dbpedia-entity,iso,0.75,0.8652482269503546,0.09213678937050751,423
minilm-l6,dbpedia-entity,iso,0.76,0.8743961352657005,0.09017643214985842,414
minilm-l6,dbpedia-entity,iso,0.77,0.8743961352657005,0.09017643214985842,414
minilm-l6,dbpedia-entity,iso,0.78,0.8985074626865671,0.07296885210193857,335
minilm-l6,dbpedia-entity,iso,0.79,0.8982035928143712,0.07275103463297757,334
minilm-l6,dbpedia-entity,iso,0.8,0.8982035928143712,0.07275103463297757,334
minilm-l6,dbpedia-entity,iso,0.81,0.9,0.0653452406883032,300
minilm-l6,dbpedia-entity,iso,0.8200000000000001,0.9,0.0653452406883032,300
minilm-l6,dbpedia-entity,iso,0.8300000000000001,0.8996655518394648,0.06512742321934219,299
minilm-l6,dbpedia-entity,iso,0.8400000000000001,0.8996655518394648,0.06512742321934219,299
minilm-l6,dbpedia-entity,iso,0.85,0.8996655518394648,0.06512742321934219,299
minilm-l6,dbpedia-entity,iso,0.86,0.9084507042253521,0.06186016118492703,284
minilm-l6,dbpedia-entity,iso,0.87,0.9084507042253521,0.06186016118492703,284
minilm-l6,dbpedia-entity,iso,0.88,0.9583333333333334,0.04182095404051405,192
minilm-l6,dbpedia-entity,iso,0.89,0.9583333333333334,0.04182095404051405,192
minilm-l6,dbpedia-entity,iso,0.9,0.9642857142857143,0.012197778261816597,56
minilm-l6,dbpedia-entity,iso,0.91,0.9642857142857143,0.012197778261816597,56
minilm-l6,dbpedia-entity,iso,0.92,0.9636363636363636,0.011979960792855586,55
minilm-l6,dbpedia-entity,iso,0.93,0.9636363636363636,0.011979960792855586,55
minilm-l6,dbpedia-entity,iso,0.9400000000000001,0.9636363636363636,0.011979960792855586,55
minilm-l6,dbpedia-entity,iso,0.9500000000000001,0.9636363636363636,0.011979960792855586,55
minilm-l6,dbpedia-entity,iso,0.9600000000000001,0.9636363636363636,0.011979960792855586,55
minilm-l6,dbpedia-entity,iso,0.97,0.9636363636363636,0.011979960792855586,55
minilm-l6,dbpedia-entity,iso,0.98,0.9636363636363636,0.011979960792855586,55
minilm-l6,dbpedia-entity,iso,0.99,,0.0028316270964931388,13
minilm-l6,dbpedia-entity,temp_lodo,0.01,0.34698322805489,1.0,4591
minilm-l6,dbpedia-entity,temp_lodo,0.02,0.34698322805489,1.0,4591
minilm-l6,dbpedia-entity,temp_lodo,0.03,0.34698322805489,1.0,4591
minilm-l6,dbpedia-entity,temp_lodo,0.04,0.34698322805489,1.0,4591
minilm-l6,dbpedia-entity,temp_lodo,0.05,0.34698322805489,1.0,4591
minilm-l6,dbpedia-entity,temp_lodo,0.060000000000000005,0.34698322805489,1.0,4591
minilm-l6,dbpedia-entity,temp_lodo,0.06999999999999999,0.34698322805489,1.0,4591
minilm-l6,dbpedia-entity,temp_lodo,0.08,0.34698322805489,1.0,4591
minilm-l6,dbpedia-entity,temp_lodo,0.09,0.34698322805489,1.0,4591
minilm-l6,dbpedia-entity,temp_lodo,0.09999999999999999,0.34698322805489,1.0,4591
minilm-l6,dbpedia-entity,temp_lodo,0.11,0.34698322805489,1.0,4591
minilm-l6,dbpedia-entity,temp_lodo,0.12,0.34698322805489,1.0,4591
minilm-l6,dbpedia-entity,temp_lodo,0.13,0.34698322805489,1.0,4591
minilm-l6,dbpedia-entity,temp_lodo,0.14,0.34698322805489,1.0,4591
minilm-l6,dbpedia-entity,temp_lodo,0.15000000000000002,0.34698322805489,1.0,4591
minilm-l6,dbpedia-entity,temp_lodo,0.16,0.34713445195031595,0.999564365062078,4589
minilm-l6,dbpedia-entity,temp_lodo,0.17,0.3485014220083133,0.9956436506207798,4571
minilm-l6,dbpedia-entity,temp_lodo,0.18000000000000002,0.35066079295154184,0.9888913090829885,4540
minilm-l6,dbpedia-entity,temp_lodo,0.19,0.35229032971896435,0.9843171422348073,4519
minilm-l6,dbpedia-entity,temp_lodo,0.2,0.354802763539113,0.9773469832280549,4487
minilm-l6,dbpedia-entity,temp_lodo,0.21000000000000002,0.35647111509180474,0.9727728163798737,4466
minilm-l6,dbpedia-entity,temp_lodo,0.22,0.35863933318314933,0.9668917447179264,4439
minilm-l6,dbpedia-entity,temp_lodo,0.23,0.3612434762877241,0.959921585711174,4407
minilm-l6,dbpedia-entity,temp_lodo,0.24000000000000002,0.36355332267641016,0.9538226965802657,4379
minilm-l6,dbpedia-entity,temp_lodo,0.25,0.3659153633854646,0.9470703550424744,4348
minilm-l6,dbpedia-entity,temp_lodo,0.26,0.3681649675625579,0.940100196035722,4316
minilm-l6,dbpedia-entity,temp_lodo,0.27,0.37166276346604216,0.9300805924635156,4270
minilm-l6,dbpedia-entity,temp_lodo,0.28,0.3746751712733286,0.9220213461119582,4233
minilm-l6,dbpedia-entity,temp_lodo,0.29000000000000004,0.37819136244333096,0.9128730124155957,4191
minilm-l6,dbpedia-entity,temp_lodo,0.3,0.3818137964302943,0.9030712263123503,4146
minilm-l6,dbpedia-entity,temp_lodo,0.31,0.38497194437667726,0.8928338052711827,4099
minilm-l6,dbpedia-entity,temp_lodo,0.32,0.3896039603960396,0.8799825746024831,4040
minilm-l6,dbpedia-entity,temp_lodo,0.33,0.39220584561578814,0.8719233282509258,4003
minilm-l6,dbpedia-entity,temp_lodo,0.34,0.39646017699115044,0.8614680897407972,3955
minilm-l6,dbpedia-entity,temp_lodo,0.35000000000000003,0.4017971758664955,0.8483990416031366,3895
minilm-l6,dbpedia-entity,temp_lodo,0.36000000000000004,0.40771637122002086,0.835547810934437,3836
minilm-l6,dbpedia-entity,temp_lodo,0.37,0.4123411016949153,0.8224787627967763,3776
minilm-l6,dbpedia-entity,temp_lodo,0.38,0.4188679245283019,0.8081028098453495,3710
minilm-l6,dbpedia-entity,temp_lodo,0.39,0.4227508887065901,0.7965584839904161,3657
minilm-l6,dbpedia-entity,temp_lodo,0.4,0.4278178789561355,0.7845785231975605,3602
minilm-l6,dbpedia-entity,temp_lodo,0.41000000000000003,0.43284424379232506,0.7719451099978218,3544
minilm-l6,dbpedia-entity,temp_lodo,0.42000000000000004,0.4378238341968912,0.7566978871705511,3474
minilm-l6,dbpedia-entity,temp_lodo,0.43,0.4454225352112676,0.7423219342191244,3408
minilm-l6,dbpedia-entity,temp_lodo,0.44,0.4513432835820895,0.7296885210193857,3350
minilm-l6,dbpedia-entity,temp_lodo,0.45,0.45830797321972,0.715748203005881,3286
minilm-l6,dbpedia-entity,temp_lodo,0.46,0.46325581395348836,0.7024613373992594,3225
minilm-l6,dbpedia-entity,temp_lodo,0.47000000000000003,0.47015873015873016,0.6861250272271836,3150
minilm-l6,dbpedia-entity,temp_lodo,0.48000000000000004,0.4788411458333333,0.6691352646482248,3072
minilm-l6,dbpedia-entity,temp_lodo,0.49,0.4876005361930295,0.6499673273796559,2984
minilm-l6,dbpedia-entity,temp_lodo,0.5,0.49602488765986863,0.6301459377042039,2893
minilm-l6,dbpedia-entity,temp_lodo,0.51,0.5049822064056939,0.61206708778044,2810
minilm-l6,dbpedia-entity,temp_lodo,0.52,0.5157509157509158,0.5946416902635592,2730
minilm-l6,dbpedia-entity,temp_lodo,0.53,0.5249244712990937,0.5767806578087563,2648
minilm-l6,dbpedia-entity,temp_lodo,0.54,0.5324472243940579,0.5571770856022653,2558
minilm-l6,dbpedia-entity,temp_lodo,0.55,0.5416329830234439,0.5388804182095404,2474
minilm-l6,dbpedia-entity,temp_lodo,0.56,0.5482529118136439,0.5236331953822697,2404
minilm-l6,dbpedia-entity,temp_lodo,0.5700000000000001,0.559410234171726,0.5022870834240906,2306
minilm-l6,dbpedia-entity,temp_lodo,0.5800000000000001,0.5705272645335737,0.4833369636244827,2219
minilm-l6,dbpedia-entity,temp_lodo,0.59,0.5839243498817966,0.46068394685253755,2115
minilm-l6,dbpedia-entity,temp_lodo,0.6,0.5949554896142433,0.4404269222391636,2022
minilm-l6,dbpedia-entity,temp_lodo,0.61,0.6004130098089829,0.4219124373774777,1937
minilm-l6,dbpedia-entity,temp_lodo,0.62,0.6120365394948952,0.4053583097364409,1861
minilm-l6,dbpedia-entity,temp_lodo,0.63,0.6301758366420873,0.38401219777826184,1763
minilm-l6,dbpedia-entity,temp_lodo,0.64,0.6424278846153846,0.36244826835112176,1664
minilm-l6,dbpedia-entity,temp_lodo,0.65,0.6686084142394823,0.3365279895447615,1545
minilm-l6,dbpedia-entity,temp_lodo,0.66,0.681881051175657,0.31496406011762146,1446
minilm-l6,dbpedia-entity,temp_lodo,0.67,0.6972408650260999,0.2920932258767153,1341
minilm-l6,dbpedia-entity,temp_lodo,0.68,0.7149719775820657,0.27205401873230234,1249
minilm-l6,dbpedia-entity,temp_lodo,0.6900000000000001,0.7367957746478874,0.24744064473970812,1136
minilm-l6,dbpedia-entity,temp_lodo,0.7000000000000001,0.7495107632093934,0.2226094532781529,1022
minilm-l6,dbpedia-entity,temp_lodo,0.7100000000000001,0.7697368421052632,0.19864953169244173,912
minilm-l6,dbpedia-entity,temp_lodo,0.72,0.7957393483709273,0.17381834023088652,798
minilm-l6,dbpedia-entity,temp_lodo,0.73,0.8074712643678161,0.15160095839686344,696
minilm-l6,dbpedia-entity,temp_lodo,0.74,0.8235294117647058,0.13330429100413854,612
minilm-l6,dbpedia-entity,temp_lodo,0.75,0.8420038535645472,0.11304726639076454,519
minilm-l6,dbpedia-entity,temp_lodo,0.76,0.8587443946188341,0.09714659115661076,446
minilm-l6,dbpedia-entity,temp_lodo,0.77,0.8951841359773371,0.07688956654323677,353
minilm-l6,dbpedia-entity,temp_lodo,0.78,0.9120879120879121,0.059464169026355915,273
minilm-l6,dbpedia-entity,temp_lodo,0.79,0.9583333333333334,0.04182095404051405,192
minilm-l6,dbpedia-entity,temp_lodo,0.8,0.9705882352941176,0.029623175778697452,136
minilm-l6,dbpedia-entity,temp_lodo,0.81,0.9523809523809523,0.018296667392724897,84
minilm-l6,dbpedia-entity,temp_lodo,0.8200000000000001,0.9534883720930233,0.00936615116532346,43
minilm-l6,dbpedia-entity,temp_lodo,0.8300000000000001,,0.003920714441298192,18
minilm-l6,dbpedia-entity,temp_lodo,0.8400000000000001,,0.000653452406883032,3
minilm-l6,dbpedia-entity,temp_lodo,0.85,,0.0,0
minilm-l6,dbpedia-entity,temp_lodo,0.86,,0.0,0
minilm-l6,dbpedia-entity,temp_lodo,0.87,,0.0,0
minilm-l6,dbpedia-entity,temp_lodo,0.88,,0.0,0
minilm-l6,dbpedia-entity,temp_lodo,0.89,,0.0,0
minilm-l6,dbpedia-entity,temp_lodo,0.9,,0.0,0
minilm-l6,dbpedia-entity,temp_lodo,0.91,,0.0,0
minilm-l6,dbpedia-entity,temp_lodo,0.92,,0.0,0
minilm-l6,dbpedia-entity,temp_lodo,0.93,,0.0,0
minilm-l6,dbpedia-entity,temp_lodo,0.9400000000000001,,0.0,0
minilm-l6,dbpedia-entity,temp_lodo,0.9500000000000001,,0.0,0
minilm-l6,dbpedia-entity,temp_lodo,0.9600000000000001,,0.0,0
minilm-l6,dbpedia-entity,temp_lodo,0.97,,0.0,0
minilm-l6,dbpedia-entity,temp_lodo,0.98,,0.0,0
minilm-l6,dbpedia-entity,temp_lodo,0.99,,0.0,0
minilm-l6,trec-covid,raw,0.01,0.6584905660377358,0.9148446490218642,1590
minilm-l6,trec-covid,raw,0.02,0.6632718014003819,0.9039125431530495,1571
minilm-l6,trec-covid,raw,0.03,0.6679511881824021,0.8958573072497124,1557
minilm-l6,trec-covid,raw,0.04,0.6718547341115434,0.8872266973532796,1542
minilm-l6,trec-covid,raw,0.05,0.6756049705689994,0.879746835443038,1529
minilm-l6,trec-covid,raw,0.060000000000000005,0.6787360105332455,0.8739930955120828,1519
minilm-l6,trec-covid,raw,0.06999999999999999,0.6803170409511229,0.8711162255466053,1514
minilm-l6,trec-covid,raw,0.08,0.6812749003984063,0.8665132336018412,1506
minilm-l6,trec-covid,raw,0.09,0.6815159574468085,0.8653624856156502,1504
minilm-l6,trec-covid,raw,0.09999999999999999,0.6826666666666666,0.8630609896432682,1500
minilm-l6,trec-covid,raw,0.11,0.6835781041388518,0.8619102416570771,1498
minilm-l6,trec-covid,raw,0.12,0.6849498327759197,0.8601841196777905,1495
minilm-l6,trec-covid,raw,0.13,0.6856950973807925,0.8567318757192175,1489
minilm-l6,trec-covid,raw,0.14,0.6868686868686869,0.8544303797468354,1485
minilm-l6,trec-covid,raw,0.15000000000000002,0.6877950101146325,0.8532796317606444,1483
minilm-l6,trec-covid,raw,0.16,0.6913161465400272,0.8481012658227848,1474
minilm-l6,trec-covid,raw,0.17,0.6916780354706685,0.8434982738780207,1466
minilm-l6,trec-covid,raw,0.18000000000000002,0.6930963773069037,0.8417721518987342,1463
minilm-l6,trec-covid,raw,0.19,0.6928864569083447,0.8411967779056386,1462
minilm-l6,trec-covid,raw,0.2,0.6938356164383561,0.8400460299194477,1460
minilm-l6,trec-covid,raw,0.21000000000000002,0.6943681318681318,0.8377445339470656,1456
minilm-l6,trec-covid,raw,0.22,0.6948453608247422,0.8371691599539701,1455
minilm-l6,trec-covid,raw,0.23,0.6960716747070985,0.8348676639815881,1451
minilm-l6,trec-covid,raw,0.24000000000000002,0.6961325966850829,0.8331415420023015,1448
minilm-l6,trec-covid,raw,0.25,0.6971586971586972,0.830264672036824,1443
minilm-l6,trec-covid,raw,0.26,0.6967383761276891,0.8291139240506329,1441
minilm-l6,trec-covid,raw,0.27,0.6967383761276891,0.8291139240506329,1441
minilm-l6,trec-covid,raw,0.28,0.6977067407922168,0.8279631760644419,1439
minilm-l6,trec-covid,raw,0.29000000000000004,0.6989547038327526,0.8256616800920599,1435
minilm-l6,trec-covid,raw,0.3,0.698744769874477,0.8250863060989643,1434
minilm-l6,trec-covid,raw,0.31,0.6983904828551435,0.8222094361334867,1429
minilm-l6,trec-covid,raw,0.32,0.6989473684210527,0.8199079401611047,1425
minilm-l6,trec-covid,raw,0.33,0.69901547116737,0.8181818181818182,1422
minilm-l6,trec-covid,raw,0.34,0.6990838618745595,0.8164556962025317,1419
minilm-l6,trec-covid,raw,0.35000000000000003,0.6995768688293371,0.8158803222094362,1418
minilm-l6,trec-covid,raw,0.36000000000000004,0.7000705716302047,0.8153049482163406,1417
minilm-l6,trec-covid,raw,0.37,0.7003533568904594,0.8141542002301496,1415
minilm-l6,trec-covid,raw,0.38,0.7006369426751592,0.8130034522439585,1413
minilm-l6,trec-covid,raw,0.39,0.7009213323883771,0.8118527042577676,1411
minilm-l6,trec-covid,raw,0.4,0.700709219858156,0.8112773302646721,1410
minilm-l6,trec-covid,raw,0.41000000000000003,0.7012065294535131,0.8107019562715765,1409
minilm-l6,trec-covid,raw,0.42000000000000004,0.7022792022792023,0.807825086306099,1404
minilm-l6,trec-covid,raw,0.43,0.7022792022792023,0.807825086306099,1404
minilm-l6,trec-covid,raw,0.44,0.7021428571428572,0.8055235903337169,1400
minilm-l6,trec-covid,raw,0.45,0.7024320457796852,0.8043728423475259,1398
minilm-l6,trec-covid,raw,0.46,0.7020057306590258,0.8032220943613348,1396
minilm-l6,trec-covid,raw,0.47000000000000003,0.7030913012221424,0.8003452243958573,1391
minilm-l6,trec-covid,raw,0.48000000000000004,0.7033837293016558,0.7991944764096662,1389
minilm-l6,trec-covid,raw,0.49,0.703971119133574,0.7968929804372842,1385
minilm-l6,trec-covid,raw,0.5,0.7044797687861272,0.7963176064441887,1384
minilm-l6,trec-covid,raw,0.51,0.7044797687861272,0.7963176064441887,1384
minilm-l6,trec-covid,raw,0.52,0.7065217391304348,0.7940161104718066,1380
minilm-l6,trec-covid,raw,0.53,0.7063953488372093,0.7917146144994246,1376
minilm-l6,trec-covid,raw,0.54,0.7066957787481805,0.7905638665132336,1374
minilm-l6,trec-covid,raw,0.55,0.7067833698030634,0.7888377445339471,1371
minilm-l6,trec-covid,raw,0.56,0.7078159240321402,0.7876869965477561,1369
minilm-l6,trec-covid,raw,0.5700000000000001,0.7076023391812866,0.7871116225546605,1368
minilm-l6,trec-covid,raw,0.5800000000000001,0.7096774193548387,0.7848101265822784,1364
minilm-l6,trec-covid,raw,0.59,0.7091310751104566,0.7813578826237054,1358
minilm-l6,trec-covid,raw,0.6,0.7089167280766396,0.7807825086306099,1357
minilm-l6,trec-covid,raw,0.61,0.7095343680709535,0.7784810126582279,1353
minilm-l6,trec-covid,raw,0.62,0.7106824925816023,0.7756041426927502,1348
minilm-l6,trec-covid,raw,0.63,0.7118391660461653,0.7727272727272727,1343
minilm-l6,trec-covid,raw,0.64,0.7124719940253921,0.7704257767548907,1339
minilm-l6,trec-covid,raw,0.65,0.7135377711293942,0.7692750287686997,1337
minilm-l6,trec-covid,raw,0.66,0.7143928035982009,0.7675489067894131,1334
minilm-l6,trec-covid,raw,0.67,0.7143933685003768,0.7635212888377445,1327
minilm-l6,trec-covid,raw,0.68,0.7147169811320755,0.7623705408515535,1325
minilm-l6,trec-covid,raw,0.6900000000000001,0.7143939393939394,0.759493670886076,1320
minilm-l6,trec-covid,raw,0.7000000000000001,0.715261958997722,0.7577675489067894,1317
minilm-l6,trec-covid,raw,0.7100000000000001,0.7157012195121951,0.7548906789413119,1312
minilm-l6,trec-covid,raw,0.72,0.7152671755725191,0.7537399309551208,1310
minilm-l6,trec-covid,raw,0.73,0.7164750957854407,0.7508630609896433,1305
minilm-l6,trec-covid,raw,0.74,0.7169230769230769,0.7479861910241657,1300
minilm-l6,trec-covid,raw,0.75,0.7185813415574402,0.7462600690448792,1297
minilm-l6,trec-covid,raw,0.76,0.7192846034214619,0.7399309551208285,1286
minilm-l6,trec-covid,raw,0.77,0.7208756841282252,0.7359033371691599,1279
minilm-l6,trec-covid,raw,0.78,0.7221350078492935,0.7330264672036824,1274
minilm-l6,trec-covid,raw,0.79,0.7251184834123223,0.7284234752589183,1266
minilm-l6,trec-covid,raw,0.8,0.7265500794912559,0.7238204833141542,1258
minilm-l6,trec-covid,raw,0.81,0.7286512370311253,0.7209436133486766,1253
minilm-l6,trec-covid,raw,0.8200000000000001,0.7289494787489976,0.7174913693901036,1247
minilm-l6,trec-covid,raw,0.8300000000000001,0.7290322580645161,0.713463751438435,1240
minilm-l6,trec-covid,raw,0.8400000000000001,0.7317073170731707,0.7077100115074798,1230
minilm-l6,trec-covid,raw,0.85,0.7350287120590648,0.7013808975834293,1219
minilm-l6,trec-covid,raw,0.86,0.737936772046589,0.6915995397008056,1202
minilm-l6,trec-covid,raw,0.87,0.7401508801341157,0.6864211737629459,1193
minilm-l6,trec-covid,raw,0.88,0.7408975444538527,0.6795166858457997,1181
minilm-l6,trec-covid,raw,0.89,0.7452830188679245,0.6708860759493671,1166
minilm-l6,trec-covid,raw,0.9,0.7493495229835212,0.6634062140391255,1153
minilm-l6,trec-covid,raw,0.91,0.7532923617208077,0.6553509781357882,1139
minilm-l6,trec-covid,raw,0.92,0.7566844919786097,0.6455696202531646,1122
minilm-l6,trec-covid,raw,0.93,0.7634212920837125,0.6323360184119677,1099
minilm-l6,trec-covid,raw,0.9400000000000001,0.7702325581395348,0.6185270425776754,1075
minilm-l6,trec-covid,raw,0.9500000000000001,0.774500475737393,0.6047180667433832,1051
minilm-l6,trec-covid,raw,0.9600000000000001,0.781563126252505,0.5742232451093211,998
minilm-l6,trec-covid,raw,0.97,0.7867095391211146,0.5368239355581128,933
minilm-l6,trec-covid,raw,0.98,0.7964497041420119,0.4861910241657077,845
minilm-l6,trec-covid,raw,0.99,0.8214804063860668,0.39643268124280784,689
minilm-l6,trec-covid,temp,0.01,0.6242807825086306,1.0,1738
minilm-l6,trec-covid,temp,0.02,0.6242807825086306,1.0,1738
minilm-l6,trec-covid,temp,0.03,0.6242807825086306,1.0,1738
minilm-l6,trec-covid,temp,0.04,0.6242807825086306,1.0,1738
minilm-l6,trec-covid,temp,0.05,0.6242807825086306,1.0,1738
minilm-l6,trec-covid,temp,0.060000000000000005,0.6242807825086306,1.0,1738
minilm-l6,trec-covid,temp,0.06999999999999999,0.6242807825086306,1.0,1738
minilm-l6,trec-covid,temp,0.08,0.626951995373048,0.9948216340621404,1729
minilm-l6,trec-covid,temp,0.09,0.6288539848749273,0.9890678941311852,1719
minilm-l6,trec-covid,temp,0.09999999999999999,0.6292200232828871,0.9884925201380897,1718
minilm-l6,trec-covid,temp,0.11,0.6304093567251462,0.9838895281933256,1710
minilm-l6,trec-covid,temp,0.12,0.6315172817809022,0.9821634062140391,1707
minilm-l6,trec-covid,temp,0.13,0.632258064516129,0.9810126582278481,1705
minilm-l6,trec-covid,temp,0.14,0.633097762073027,0.9769850402761795,1698
minilm-l6,trec-covid,temp,0.15000000000000002,0.6333530455351862,0.9729574223245109,1691
minilm-l6,trec-covid,temp,0.16,0.6355529131985731,0.9677790563866513,1682
minilm-l6,trec-covid,temp,0.17,0.6377245508982036,0.9608745684695051,1670
minilm-l6,trec-covid,temp,0.18000000000000002,0.6409638554216868,0.9551208285385501,1660
minilm-l6,trec-covid,temp,0.19,0.6454159077109897,0.9476409666283084,1647
minilm-l6,trec-covid,temp,0.2,0.6475609756097561,0.9436133486766398,1640
minilm-l6,trec-covid,temp,0.21000000000000002,0.6494464944649446,0.9355581127733027,1626
minilm-l6,trec-covid,temp,0.22,0.6504315659679408,0.9332566168009206,1622
minilm-l6,trec-covid,temp,0.23,0.6516089108910891,0.9298043728423475,1616
minilm-l6,trec-covid,temp,0.24000000000000002,0.6552582451773491,0.9246260069044879,1607
minilm-l6,trec-covid,temp,0.25,0.6570713391739674,0.9194476409666283,1598
minilm-l6,trec-covid,temp,0.26,0.6584905660377358,0.9148446490218642,1590
minilm-l6,trec-covid,temp,0.27,0.6601389766266582,0.9108170310701956,1583
minilm-l6,trec-covid,temp,0.28,0.6615969581749049,0.9079401611047181,1578
minilm-l6,trec-covid,temp,0.29000000000000004,0.6632718014003819,0.9039125431530495,1571
minilm-l6,trec-covid,temp,0.3,0.6647509578544061,0.9010356731875719,1566
minilm-l6,trec-covid,temp,0.31,0.6673076923076923,0.8975834292289988,1560
minilm-l6,trec-covid,temp,0.32,0.6692456479690522,0.8924050632911392,1551
minilm-l6,trec-covid,temp,0.33,0.672514619883041,0.8855005753739931,1539
minilm-l6,trec-covid,temp,0.34,0.6758349705304518,0.8785960874568469,1527
minilm-l6,trec-covid,temp,0.35000000000000003,0.6791831357048749,0.8734177215189873,1518
minilm-l6,trec-covid,temp,0.36000000000000004,0.6805555555555556,0.8699654775604143,1512
minilm-l6,trec-covid,temp,0.37,0.6815159574468085,0.8653624856156502,1504
minilm-l6,trec-covid,temp,0.38,0.6831220813875917,0.8624856156501726,1499
minilm-l6,trec-covid,temp,0.39,0.6849498327759197,0.8601841196777905,1495
minilm-l6,trec-covid,temp,0.4,0.6877950101146325,0.8532796317606444,1483
minilm-l6,trec-covid,temp,0.41000000000000003,0.69141689373297,0.8446490218642118,1468
minilm-l6,trec-covid,temp,0.42000000000000004,0.6933607118412046,0.8406214039125431,1461
minilm-l6,trec-covid,temp,0.43,0.6953232462173315,0.8365937859608745,1454
minilm-l6,trec-covid,temp,0.44,0.6969486823855756,0.8296892980437284,1442
minilm-l6,trec-covid,temp,0.45,0.6989547038327526,0.8256616800920599,1435
minilm-l6,trec-covid,temp,0.46,0.69901547116737,0.8181818181818182,1422
minilm-l6,trec-covid,temp,0.47000000000000003,0.7003533568904594,0.8141542002301496,1415
minilm-l6,trec-covid,temp,0.48000000000000004,0.7014925373134329,0.8095512082853855,1407
minilm-l6,trec-covid,temp,0.49,0.7020057306590258,0.8032220943613348,1396
minilm-l6,trec-covid,temp,0.5,0.7044797687861272,0.7963176064441887,1384
minilm-l6,trec-covid,temp,0.51,0.706997084548105,0.7894131185270425,1372
minilm-l6,trec-covid,temp,0.52,0.7088235294117647,0.7825086306098964,1360
minilm-l6,trec-covid,temp,0.53,0.7118391660461653,0.7727272727272727,1343
minilm-l6,trec-covid,temp,0.54,0.7143933685003768,0.7635212888377445,1327
minilm-l6,trec-covid,temp,0.55,0.715372907153729,0.7560414269275029,1314
minilm-l6,trec-covid,temp,0.56,0.7174749807544265,0.7474108170310702,1299
minilm-l6,trec-covid,temp,0.5700000000000001,0.7215686274509804,0.733601841196778,1275
minilm-l6,trec-covid,temp,0.5800000000000001,0.7280701754385965,0.7215189873417721,1254
minilm-l6,trec-covid,temp,0.59,0.7288135593220338,0.7128883774453395,1239
minilm-l6,trec-covid,temp,0.6,0.7369727047146402,0.6956271576524741,1209
minilm-l6,trec-covid,temp,0.61,0.7409282700421941,0.6818181818181818,1185
minilm-l6,trec-covid,temp,0.62,0.7469775474956822,0.666283084004603,1158
minilm-l6,trec-covid,temp,0.63,0.7541850220264317,0.6530494821634062,1135
minilm-l6,trec-covid,temp,0.64,0.7606142728093948,0.6369390103567318,1107
minilm-l6,trec-covid,temp,0.65,0.7685185185185185,0.6214039125431531,1080
minilm-l6,trec-covid,temp,0.66,0.7725118483412322,0.6070195627157653,1055
minilm-l6,trec-covid,temp,0.67,0.7821393523061825,0.5863060989643268,1019
minilm-l6,trec-covid,temp,0.68,0.7853457172342622,0.5575373993095513,969
minilm-l6,trec-covid,temp,0.6900000000000001,0.7878787878787878,0.5316455696202531,924
minilm-l6,trec-covid,temp,0.7000000000000001,0.7952218430034129,0.5057537399309551,879
minilm-l6,trec-covid,temp,0.7100000000000001,0.7978468899521531,0.4810126582278481,836
minilm-l6,trec-covid,temp,0.72,0.7984886649874056,0.4568469505178366,794
minilm-l6,trec-covid,temp,0.73,0.8113975576662144,0.4240506329113924,737
minilm-l6,trec-covid,temp,0.74,0.8226744186046512,0.3958573072497123,688
minilm-l6,trec-covid,temp,0.75,0.8215434083601286,0.3578826237054085,622
minilm-l6,trec-covid,temp,0.76,0.829981718464351,0.3147295742232451,547
minilm-l6,trec-covid,temp,0.77,0.8485477178423236,0.2773302646720368,482
minilm-l6,trec-covid,temp,0.78,0.8497536945812808,0.2336018411967779,406
minilm-l6,trec-covid,temp,0.79,0.8609467455621301,0.19447640966628307,338
minilm-l6,trec-covid,temp,0.8,0.851985559566787,0.15937859608745686,277
minilm-l6,trec-covid,temp,0.81,0.8488888888888889,0.12945914844649023,225
minilm-l6,trec-covid,temp,0.8200000000000001,0.856353591160221,0.10414269275028769,181
minilm-l6,trec-covid,temp,0.8300000000000001,0.8702290076335878,0.07537399309551208,131
minilm-l6,trec-covid,temp,0.8400000000000001,0.8809523809523809,0.04833141542002301,84
minilm-l6,trec-covid,temp,0.85,0.8793103448275862,0.0333716915995397,58
minilm-l6,trec-covid,temp,0.86,0.9487179487179487,0.02243958573072497,39
minilm-l6,trec-covid,temp,0.87,,0.01380897583429229,24
minilm-l6,trec-covid,temp,0.88,,0.00805523590333717,14
minilm-l6,trec-covid,temp,0.89,,0.0034522439585730723,6
minilm-l6,trec-covid,temp,0.9,,0.0017261219792865361,3
minilm-l6,trec-covid,temp,0.91,,0.0,0
minilm-l6,trec-covid,temp,0.92,,0.0,0
minilm-l6,trec-covid,temp,0.93,,0.0,0
minilm-l6,trec-covid,temp,0.9400000000000001,,0.0,0
minilm-l6,trec-covid,temp,0.9500000000000001,,0.0,0
minilm-l6,trec-covid,temp,0.9600000000000001,,0.0,0
minilm-l6,trec-covid,temp,0.97,,0.0,0
minilm-l6,trec-covid,temp,0.98,,0.0,0
minilm-l6,trec-covid,temp,0.99,,0.0,0
minilm-l6,trec-covid,platt,0.01,0.6242807825086306,1.0,1738
minilm-l6,trec-covid,platt,0.02,0.6242807825086306,1.0,1738
minilm-l6,trec-covid,platt,0.03,0.6242807825086306,1.0,1738
minilm-l6,trec-covid,platt,0.04,0.6242807825086306,1.0,1738
minilm-l6,trec-covid,platt,0.05,0.6242807825086306,1.0,1738
minilm-l6,trec-covid,platt,0.060000000000000005,0.6242807825086306,1.0,1738
minilm-l6,trec-covid,platt,0.06999999999999999,0.6257208765859285,0.997698504027618,1734
minilm-l6,trec-covid,platt,0.08,0.6289198606271778,0.9907940161104718,1722
minilm-l6,trec-covid,platt,0.09,0.6292200232828871,0.9884925201380897,1718
minilm-l6,trec-covid,platt,0.09999999999999999,0.6298890834792761,0.9856156501726122,1713
minilm-l6,trec-covid,platt,0.11,0.6315172817809022,0.9821634062140391,1707
minilm-l6,trec-covid,platt,0.12,0.6318874560375146,0.9815880322209436,1706
minilm-l6,trec-covid,platt,0.13,0.633097762073027,0.9769850402761795,1698
minilm-l6,trec-covid,platt,0.14,0.6337278106508876,0.9723820483314154,1690
minilm-l6,trec-covid,platt,0.15000000000000002,0.635930993456276,0.9672036823935558,1681
minilm-l6,trec-covid,platt,0.16,0.6381066506890354,0.9602991944764097,1669
minilm-l6,trec-covid,platt,0.17,0.6413502109704642,0.9545454545454546,1659
minilm-l6,trec-covid,platt,0.18000000000000002,0.6454159077109897,0.9476409666283084,1647
minilm-l6,trec-covid,platt,0.19,0.6483516483516484,0.9424626006904487,1638
minilm-l6,trec-covid,platt,0.2,0.6502463054187192,0.9344073647871116,1624
minilm-l6,trec-covid,platt,0.21000000000000002,0.6502159161011721,0.932681242807825,1621
minilm-l6,trec-covid,platt,0.22,0.6524163568773235,0.9286536248561565,1614
minilm-l6,trec-covid,platt,0.23,0.6560747663551402,0.9234752589182968,1605
minilm-l6,trec-covid,platt,0.24000000000000002,0.6570713391739674,0.9194476409666283,1598
minilm-l6,trec-covid,platt,0.25,0.6586901763224181,0.9136939010356732,1588
minilm-l6,trec-covid,platt,0.26,0.6603415559772297,0.9096662830840047,1581
minilm-l6,trec-covid,platt,0.27,0.6620164870006341,0.9073647871116226,1577
minilm-l6,trec-covid,platt,0.28,0.6632718014003819,0.9039125431530495,1571
minilm-l6,trec-covid,platt,0.29000000000000004,0.6647509578544061,0.9010356731875719,1566
minilm-l6,trec-covid,platt,0.3,0.6679511881824021,0.8958573072497124,1557
minilm-l6,trec-covid,platt,0.31,0.6692506459948321,0.8906789413118527,1548
minilm-l6,trec-covid,platt,0.32,0.6740547588005215,0.8826237054085155,1534
minilm-l6,trec-covid,platt,0.33,0.6780551905387647,0.8757192174913694,1522
minilm-l6,trec-covid,platt,0.34,0.679419525065963,0.8722669735327964,1516
minilm-l6,trec-covid,platt,0.35000000000000003,0.6816976127320955,0.8676639815880323,1508
minilm-l6,trec-covid,platt,0.36000000000000004,0.6815159574468085,0.8653624856156502,1504
minilm-l6,trec-covid,platt,0.37,0.6831220813875917,0.8624856156501726,1499
minilm-l6,trec-covid,platt,0.38,0.6854460093896714,0.8578826237054085,1491
minilm-l6,trec-covid,platt,0.39,0.6877950101146325,0.8532796317606444,1483
minilm-l6,trec-covid,platt,0.4,0.6926229508196722,0.8423475258918297,1464
minilm-l6,trec-covid,platt,0.41000000000000003,0.6938356164383561,0.8400460299194477,1460
minilm-l6,trec-covid,platt,0.42000000000000004,0.6960716747070985,0.8348676639815881,1451
minilm-l6,trec-covid,platt,0.43,0.6967383761276891,0.8291139240506329,1441
minilm-l6,trec-covid,platt,0.44,0.698744769874477,0.8250863060989643,1434
minilm-l6,trec-covid,platt,0.45,0.6992957746478873,0.8170310701956272,1420
minilm-l6,trec-covid,platt,0.46,0.7001414427157001,0.8135788262370541,1414
minilm-l6,trec-covid,platt,0.47000000000000003,0.7019914651493598,0.80897583429229,1406
minilm-l6,trec-covid,platt,0.48000000000000004,0.7020057306590258,0.8032220943613348,1396
minilm-l6,trec-covid,platt,0.49,0.7044797687861272,0.7963176064441887,1384
minilm-l6,trec-covid,platt,0.5,0.706997084548105,0.7894131185270425,1372
minilm-l6,trec-covid,platt,0.51,0.7088235294117647,0.7825086306098964,1360
minilm-l6,trec-covid,platt,0.52,0.7120535714285714,0.7733026467203682,1344
minilm-l6,trec-covid,platt,0.53,0.7140707298720843,0.7646720368239356,1329
minilm-l6,trec-covid,platt,0.54,0.715372907153729,0.7560414269275029,1314
minilm-l6,trec-covid,platt,0.55,0.7169230769230769,0.7479861910241657,1300
minilm-l6,trec-covid,platt,0.56,0.7208756841282252,0.7359033371691599,1279
minilm-l6,trec-covid,platt,0.5700000000000001,0.7265500794912559,0.7238204833141542,1258
minilm-l6,trec-covid,platt,0.5800000000000001,0.7296862429605793,0.7151898734177216,1243
minilm-l6,trec-covid,platt,0.59,0.7360197368421053,0.6996547756041427,1216
minilm-l6,trec-covid,platt,0.6,0.7399328859060402,0.6858457997698504,1192
minilm-l6,trec-covid,platt,0.61,0.7452830188679245,0.6708860759493671,1166
minilm-l6,trec-covid,platt,0.62,0.7526315789473684,0.6559263521288837,1140
minilm-l6,trec-covid,platt,0.63,0.7569258266309205,0.643843498273878,1119
minilm-l6,trec-covid,platt,0.64,0.7655677655677655,0.6283084004602992,1092
minilm-l6,trec-covid,platt,0.65,0.7708920187793428,0.6127733026467204,1065
minilm-l6,trec-covid,platt,0.66,0.7773475314617618,0.594361334867664,1033
minilm-l6,trec-covid,platt,0.67,0.782520325203252,0.5661680092059839,984
minilm-l6,trec-covid,platt,0.68,0.7858649789029536,0.5454545454545454,948
minilm-l6,trec-covid,platt,0.6900000000000001,0.7920353982300885,0.520138089758343,904
minilm-l6,trec-covid,platt,0.7000000000000001,0.7955865272938444,0.4953970080552359,861
minilm-l6,trec-covid,platt,0.7100000000000001,0.7965686274509803,0.46950517836593786,816
minilm-l6,trec-covid,platt,0.72,0.8033854166666666,0.44188722669735325,768
minilm-l6,trec-covid,platt,0.73,0.814404432132964,0.4154200230149597,722
minilm-l6,trec-covid,platt,0.74,0.8254437869822485,0.38895281933256615,676
minilm-l6,trec-covid,platt,0.75,0.8289036544850499,0.34637514384349827,602
minilm-l6,trec-covid,platt,0.76,0.8342749529190208,0.3055235903337169,531
minilm-l6,trec-covid,platt,0.77,0.8473118279569892,0.2675489067894131,465
minilm-l6,trec-covid,platt,0.78,0.8491048593350383,0.22497123130034521,391
minilm-l6,trec-covid,platt,0.79,0.8584615384615385,0.18699654775604144,325
minilm-l6,trec-covid,platt,0.8,0.8533834586466166,0.15304948216340622,266
minilm-l6,trec-covid,platt,0.81,0.8482142857142857,0.12888377445339472,224
minilm-l6,trec-covid,platt,0.8200000000000001,0.8595505617977528,0.10241657077100115,178
minilm-l6,trec-covid,platt,0.8300000000000001,0.872,0.07192174913693901,125
minilm-l6,trec-covid,platt,0.8400000000000001,0.8809523809523809,0.04833141542002301,84
minilm-l6,trec-covid,platt,0.85,0.8793103448275862,0.0333716915995397,58
minilm-l6,trec-covid,platt,0.86,0.9487179487179487,0.02243958573072497,39
minilm-l6,trec-covid,platt,0.87,,0.01380897583429229,24
minilm-l6,trec-covid,platt,0.88,,0.00805523590333717,14
minilm-l6,trec-covid,platt,0.89,,0.0034522439585730723,6
minilm-l6,trec-covid,platt,0.9,,0.0017261219792865361,3
minilm-l6,trec-covid,platt,0.91,,0.0,0
minilm-l6,trec-covid,platt,0.92,,0.0,0
minilm-l6,trec-covid,platt,0.93,,0.0,0
minilm-l6,trec-covid,platt,0.9400000000000001,,0.0,0
minilm-l6,trec-covid,platt,0.9500000000000001,,0.0,0
minilm-l6,trec-covid,platt,0.9600000000000001,,0.0,0
minilm-l6,trec-covid,platt,0.97,,0.0,0
minilm-l6,trec-covid,platt,0.98,,0.0,0
minilm-l6,trec-covid,platt,0.99,,0.0,0
minilm-l6,trec-covid,iso,0.01,0.6246401842256765,0.9994246260069045,1737
minilm-l6,trec-covid,iso,0.02,0.6246401842256765,0.9994246260069045,1737
minilm-l6,trec-covid,iso,0.03,0.6246401842256765,0.9994246260069045,1737
minilm-l6,trec-covid,iso,0.04,0.6246401842256765,0.9994246260069045,1737
minilm-l6,trec-covid,iso,0.05,0.625,0.998849252013809,1736
minilm-l6,trec-covid,iso,0.060000000000000005,0.625,0.998849252013809,1736
minilm-l6,trec-covid,iso,0.06999999999999999,0.625,0.998849252013809,1736
minilm-l6,trec-covid,iso,0.08,0.6253602305475504,0.9982738780207134,1735
minilm-l6,trec-covid,iso,0.09,0.6253602305475504,0.9982738780207134,1735
minilm-l6,trec-covid,iso,0.09999999999999999,0.6253602305475504,0.9982738780207134,1735
minilm-l6,trec-covid,iso,0.11,0.6253602305475504,0.9982738780207134,1735
minilm-l6,trec-covid,iso,0.12,0.6257208765859285,0.997698504027618,1734
minilm-l6,trec-covid,iso,0.13,0.6257208765859285,0.997698504027618,1734
minilm-l6,trec-covid,iso,0.14,0.6257208765859285,0.997698504027618,1734
minilm-l6,trec-covid,iso,0.15000000000000002,0.6288539848749273,0.9890678941311852,1719
minilm-l6,trec-covid,iso,0.16,0.6288539848749273,0.9890678941311852,1719
minilm-l6,trec-covid,iso,0.17,0.6288539848749273,0.9890678941311852,1719
minilm-l6,trec-covid,iso,0.18000000000000002,0.6288539848749273,0.9890678941311852,1719
minilm-l6,trec-covid,iso,0.19,0.6292200232828871,0.9884925201380897,1718
minilm-l6,trec-covid,iso,0.2,0.6475609756097561,0.9436133486766398,1640
minilm-l6,trec-covid,iso,0.21000000000000002,0.6494464944649446,0.9355581127733027,1626
minilm-l6,trec-covid,iso,0.22,0.6494464944649446,0.9355581127733027,1626
minilm-l6,trec-covid,iso,0.23,0.6494464944649446,0.9355581127733027,1626
minilm-l6,trec-covid,iso,0.24000000000000002,0.6494464944649446,0.9355581127733027,1626
minilm-l6,trec-covid,iso,0.25,0.6498461538461539,0.9349827387802071,1625
minilm-l6,trec-covid,iso,0.26,0.6498461538461539,0.9349827387802071,1625
minilm-l6,trec-covid,iso,0.27,0.6498461538461539,0.9349827387802071,1625
minilm-l6,trec-covid,iso,0.28,0.6498461538461539,0.9349827387802071,1625
minilm-l6,trec-covid,iso,0.29000000000000004,0.6498461538461539,0.9349827387802071,1625
minilm-l6,trec-covid,iso,0.3,0.6771653543307087,0.8768699654775605,1524
minilm-l6,trec-covid,iso,0.31,0.6826666666666666,0.8630609896432682,1500
minilm-l6,trec-covid,iso,0.32,0.6826666666666666,0.8630609896432682,1500
minilm-l6,trec-covid,iso,0.33,0.6826666666666666,0.8630609896432682,1500
minilm-l6,trec-covid,iso,0.34,0.6831220813875917,0.8624856156501726,1499
minilm-l6,trec-covid,iso,0.35000000000000003,0.6943681318681318,0.8377445339470656,1456
minilm-l6,trec-covid,iso,0.36000000000000004,0.6943681318681318,0.8377445339470656,1456
minilm-l6,trec-covid,iso,0.37,0.6948453608247422,0.8371691599539701,1455
minilm-l6,trec-covid,iso,0.38,0.6960716747070985,0.8348676639815881,1451
minilm-l6,trec-covid,iso,0.39,0.6960716747070985,0.8348676639815881,1451
minilm-l6,trec-covid,iso,0.4,0.6960716747070985,0.8348676639815881,1451
minilm-l6,trec-covid,iso,0.41000000000000003,0.6960716747070985,0.8348676639815881,1451
minilm-l6,trec-covid,iso,0.42000000000000004,0.7072992700729926,0.7882623705408516,1370
minilm-l6,trec-covid,iso,0.43,0.7072992700729926,0.7882623705408516,1370
minilm-l6,trec-covid,iso,0.44,0.7072992700729926,0.7882623705408516,1370
minilm-l6,trec-covid,iso,0.45,0.7072992700729926,0.7882623705408516,1370
minilm-l6,trec-covid,iso,0.46,0.7072992700729926,0.7882623705408516,1370
minilm-l6,trec-covid,iso,0.47000000000000003,0.7072992700729926,0.7882623705408516,1370
minilm-l6,trec-covid,iso,0.48000000000000004,0.7123695976154992,0.7721518987341772,1342
minilm-l6,trec-covid,iso,0.49,0.7123695976154992,0.7721518987341772,1342
minilm-l6,trec-covid,iso,0.5,0.7124719940253921,0.7704257767548907,1339
minilm-l6,trec-covid,iso,0.51,0.7135377711293942,0.7692750287686997,1337
minilm-l6,trec-covid,iso,0.52,0.7135377711293942,0.7692750287686997,1337
minilm-l6,trec-covid,iso,0.53,0.7317073170731707,0.7077100115074798,1230
minilm-l6,trec-covid,iso,0.54,0.7323026851098454,0.7071346375143843,1229
minilm-l6,trec-covid,iso,0.55,0.7557726465364121,0.6478711162255466,1126
minilm-l6,trec-covid,iso,0.56,0.7557726465364121,0.6478711162255466,1126
minilm-l6,trec-covid,iso,0.5700000000000001,0.7557726465364121,0.6478711162255466,1126
minilm-l6,trec-covid,iso,0.5800000000000001,0.7557726465364121,0.6478711162255466,1126
minilm-l6,trec-covid,iso,0.59,0.7564444444444445,0.6472957422324511,1125
minilm-l6,trec-covid,iso,0.6,0.7864806866952789,0.5362485615650172,932
minilm-l6,trec-covid,iso,0.61,0.7874186550976139,0.5304948216340621,922
minilm-l6,trec-covid,iso,0.62,0.7874186550976139,0.5304948216340621,922
minilm-l6,trec-covid,iso,0.63,0.7874186550976139,0.5304948216340621,922
minilm-l6,trec-covid,iso,0.64,0.7874186550976139,0.5304948216340621,922
minilm-l6,trec-covid,iso,0.65,0.7874186550976139,0.5304948216340621,922
minilm-l6,trec-covid,iso,0.66,0.7874186550976139,0.5304948216340621,922
minilm-l6,trec-covid,iso,0.67,0.7882096069868996,0.5270425776754891,916
minilm-l6,trec-covid,iso,0.68,0.7882096069868996,0.5270425776754891,916
minilm-l6,trec-covid,iso,0.6900000000000001,0.825,0.3912543153049482,680
minilm-l6,trec-covid,iso,0.7000000000000001,0.825,0.3912543153049482,680
minilm-l6,trec-covid,iso,0.7100000000000001,0.825,0.3912543153049482,680
minilm-l6,trec-covid,iso,0.72,0.825,0.3912543153049482,680
minilm-l6,trec-covid,iso,0.73,0.825,0.3912543153049482,680
minilm-l6,trec-covid,iso,0.74,0.825,0.3912543153049482,680
minilm-l6,trec-covid,iso,0.75,0.825,0.3912543153049482,680
minilm-l6,trec-covid,iso,0.76,0.825,0.3912543153049482,680
minilm-l6,trec-covid,iso,0.77,0.8291873963515755,0.3469505178365938,603
minilm-l6,trec-covid,iso,0.78,0.8291873963515755,0.3469505178365938,603
minilm-l6,trec-covid,iso,0.79,0.8291873963515755,0.3469505178365938,603
minilm-l6,trec-covid,iso,0.8,0.8621700879765396,0.1962025316455696,341
minilm-l6,trec-covid,iso,0.81,0.8621700879765396,0.1962025316455696,341
minilm-l6,trec-covid,iso,0.8200000000000001,0.8621700879765396,0.1962025316455696,341
minilm-l6,trec-covid,iso,0.8300000000000001,0.8621700879765396,0.1962025316455696,341
minilm-l6,trec-covid,iso,0.8400000000000001,0.8609467455621301,0.19447640966628307,338
minilm-l6,trec-covid,iso,0.85,0.8601190476190477,0.19332566168009205,336
minilm-l6,trec-covid,iso,0.86,0.8571428571428571,0.11277330264672036,196
minilm-l6,trec-covid,iso,0.87,0.8564102564102564,0.11219792865362485,195
minilm-l6,trec-covid,iso,0.88,0.8564102564102564,0.11219792865362485,195
minilm-l6,trec-covid,iso,0.89,0.8556701030927835,0.11162255466052934,194
minilm-l6,trec-covid,iso,0.9,0.8776978417266187,0.07997698504027619,139
minilm-l6,trec-covid,iso,0.91,0.8768115942028986,0.07940161104718067,138
minilm-l6,trec-covid,iso,0.92,,0.014384349827387802,25
minilm-l6,trec-covid,iso,0.93,,0.014384349827387802,25
minilm-l6,trec-covid,iso,0.9400000000000001,,0.014384349827387802,25
minilm-l6,trec-covid,iso,0.9500000000000001,,0.014384349827387802,25
minilm-l6,trec-covid,iso,0.9600000000000001,,0.014384349827387802,25
minilm-l6,trec-covid,iso,0.97,,0.014384349827387802,25
minilm-l6,trec-covid,iso,0.98,,0.014384349827387802,25
minilm-l6,trec-covid,iso,0.99,,0.014384349827387802,25
minilm-l6,trec-covid,temp_lodo,0.01,0.6242807825086306,1.0,1738
minilm-l6,trec-covid,temp_lodo,0.02,0.6242807825086306,1.0,1738
minilm-l6,trec-covid,temp_lodo,0.03,0.6242807825086306,1.0,1738
minilm-l6,trec-covid,temp_lodo,0.04,0.6242807825086306,1.0,1738
minilm-l6,trec-covid,temp_lodo,0.05,0.6242807825086306,1.0,1738
minilm-l6,trec-covid,temp_lodo,0.060000000000000005,0.6242807825086306,1.0,1738
minilm-l6,trec-covid,temp_lodo,0.06999999999999999,0.6242807825086306,1.0,1738
minilm-l6,trec-covid,temp_lodo,0.08,0.6242807825086306,1.0,1738
minilm-l6,trec-covid,temp_lodo,0.09,0.6242807825086306,1.0,1738
minilm-l6,trec-covid,temp_lodo,0.09999999999999999,0.6242807825086306,1.0,1738
minilm-l6,trec-covid,temp_lodo,0.11,0.6242807825086306,1.0,1738
minilm-l6,trec-covid,temp_lodo,0.12,0.6242807825086306,1.0,1738
minilm-l6,trec-covid,temp_lodo,0.13,0.6242807825086306,1.0,1738
minilm-l6,trec-covid,temp_lodo,0.14,0.6242807825086306,1.0,1738
minilm-l6,trec-covid,temp_lodo,0.15000000000000002,0.6242807825086306,1.0,1738
minilm-l6,trec-covid,temp_lodo,0.16,0.6242807825086306,1.0,1738
minilm-l6,trec-covid,temp_lodo,0.17,0.626951995373048,0.9948216340621404,1729
minilm-l6,trec-covid,temp_lodo,0.18000000000000002,0.6289198606271778,0.9907940161104718,1722
minilm-l6,trec-covid,temp_lodo,0.19,0.6292200232828871,0.9884925201380897,1718
minilm-l6,trec-covid,temp_lodo,0.2,0.6293706293706294,0.9873417721518988,1716
minilm-l6,trec-covid,temp_lodo,0.21000000000000002,0.6311475409836066,0.9827387802071347,1708
minilm-l6,trec-covid,temp_lodo,0.22,0.6318874560375146,0.9815880322209436,1706
minilm-l6,trec-covid,temp_lodo,0.23,0.6325690770135215,0.9787111622554661,1701
minilm-l6,trec-covid,temp_lodo,0.24000000000000002,0.6336283185840708,0.9752589182968929,1695
minilm-l6,trec-covid,temp_lodo,0.25,0.6350148367952523,0.9695051783659379,1685
minilm-l6,trec-covid,temp_lodo,0.26,0.6356589147286822,0.9649021864211738,1677
minilm-l6,trec-covid,temp_lodo,0.27,0.6405779650812763,0.9556962025316456,1661
minilm-l6,trec-covid,temp_lodo,0.28,0.6438522107813447,0.9499424626006905,1651
minilm-l6,trec-covid,temp_lodo,0.29000000000000004,0.6479560707748627,0.9430379746835443,1639
minilm-l6,trec-covid,temp_lodo,0.3,0.6506469500924215,0.9338319907940161,1623
minilm-l6,trec-covid,temp_lodo,0.31,0.650401482396541,0.9315304948216341,1619
minilm-l6,trec-covid,temp_lodo,0.32,0.6548507462686567,0.9252013808975834,1608
minilm-l6,trec-covid,temp_lodo,0.33,0.6570713391739674,0.9194476409666283,1598
minilm-l6,trec-covid,temp_lodo,0.34,0.6588902900378311,0.9125431530494822,1586
minilm-l6,trec-covid,temp_lodo,0.35000000000000003,0.660759493670886,0.9090909090909091,1580
minilm-l6,trec-covid,temp_lodo,0.36000000000000004,0.6632718014003819,0.9039125431530495,1571
minilm-l6,trec-covid,temp_lodo,0.37,0.6656010230179028,0.8998849252013809,1564
minilm-l6,trec-covid,temp_lodo,0.38,0.6692456479690522,0.8924050632911392,1551
minilm-l6,trec-covid,temp_lodo,0.39,0.6753755715218811,0.880897583429229,1531
minilm-l6,trec-covid,temp_lodo,0.4,0.6787360105332455,0.8739930955120828,1519
minilm-l6,trec-covid,temp_lodo,0.41000000000000003,0.6812749003984063,0.8665132336018412,1506
minilm-l6,trec-covid,temp_lodo,0.42000000000000004,0.6826666666666666,0.8630609896432682,1500
minilm-l6,trec-covid,temp_lodo,0.43,0.6856950973807925,0.8567318757192175,1489
minilm-l6,trec-covid,temp_lodo,0.44,0.6920462270564242,0.8463751438434983,1471
minilm-l6,trec-covid,temp_lodo,0.45,0.693891557995882,0.8383199079401611,1457
minilm-l6,trec-covid,temp_lodo,0.46,0.6971586971586972,0.830264672036824,1443
minilm-l6,trec-covid,temp_lodo,0.47000000000000003,0.6979020979020979,0.8227848101265823,1430
minilm-l6,trec-covid,temp_lodo,0.48000000000000004,0.7003533568904594,0.8141542002301496,1415
minilm-l6,trec-covid,temp_lodo,0.49,0.7022792022792023,0.807825086306099,1404
minilm-l6,trec-covid,temp_lodo,0.5,0.7044797687861272,0.7963176064441887,1384
minilm-l6,trec-covid,temp_lodo,0.51,0.7076023391812866,0.7871116225546605,1368
minilm-l6,trec-covid,temp_lodo,0.52,0.7123695976154992,0.7721518987341772,1342
minilm-l6,trec-covid,temp_lodo,0.53,0.7154779969650986,0.7583429228998849,1318
minilm-l6,trec-covid,temp_lodo,0.54,0.7180277349768875,0.7468354430379747,1298
minilm-l6,trec-covid,temp_lodo,0.55,0.7256916996047431,0.7278481012658228,1265
minilm-l6,trec-covid,temp_lodo,0.56,0.7307380373073804,0.7094361334867664,1233
minilm-l6,trec-covid,temp_lodo,0.5700000000000001,0.7401508801341157,0.6864211737629459,1193
minilm-l6,trec-covid,temp_lodo,0.5800000000000001,0.7474048442906575,0.6651323360184119,1156
minilm-l6,trec-covid,temp_lodo,0.59,0.7569258266309205,0.643843498273878,1119
minilm-l6,trec-covid,temp_lodo,0.6,0.7702325581395348,0.6185270425776754,1075
minilm-l6,trec-covid,temp_lodo,0.61,0.7773475314617618,0.594361334867664,1033
minilm-l6,trec-covid,temp_lodo,0.62,0.7853457172342622,0.5575373993095513,969
minilm-l6,trec-covid,temp_lodo,0.63,0.7911602209944751,0.5207134637514385,905
minilm-l6,trec-covid,temp_lodo,0.64,0.7964497041420119,0.4861910241657077,845
minilm-l6,trec-covid,temp_lodo,0.65,0.8018018018018018,0.4470655926352129,777
minilm-l6,trec-covid,temp_lodo,0.66,0.814866760168303,0.41024165707710014,713
minilm-l6,trec-covid,temp_lodo,0.67,0.821939586645469,0.3619102416570771,629
minilm-l6,trec-covid,temp_lodo,0.68,0.833641404805915,0.311277330264672,541
minilm-l6,trec-covid,temp_lodo,0.6900000000000001,0.8468271334792122,0.262945914844649,457
minilm-l6,trec-covid,temp_lodo,0.7000000000000001,0.8523676880222841,0.20655926352128884,359
minilm-l6,trec-covid,temp_lodo,0.7100000000000001,0.8530465949820788,0.16052934407364788,279
minilm-l6,trec-covid,temp_lodo,0.72,0.8488888888888889,0.12945914844649023,225
minilm-l6,trec-covid,temp_lodo,0.73,0.8654970760233918,0.09838895281933256,171
minilm-l6,trec-covid,temp_lodo,0.74,0.8636363636363636,0.06329113924050633,110
minilm-l6,trec-covid,temp_lodo,0.75,0.8888888888888888,0.04142692750287687,72
minilm-l6,trec-covid,temp_lodo,0.76,0.9574468085106383,0.02704257767548907,47
minilm-l6,trec-covid,temp_lodo,0.77,,0.015535097813578827,27
minilm-l6,trec-covid,temp_lodo,0.78,,0.009781357882623706,17
minilm-l6,trec-covid,temp_lodo,0.79,,0.004602991944764097,8
minilm-l6,trec-covid,temp_lodo,0.8,,0.0023014959723820483,4
minilm-l6,trec-covid,temp_lodo,0.81,,0.0011507479861910242,2
minilm-l6,trec-covid,temp_lodo,0.8200000000000001,,0.0,0
minilm-l6,trec-covid,temp_lodo,0.8300000000000001,,0.0,0
minilm-l6,trec-covid,temp_lodo,0.8400000000000001,,0.0,0
minilm-l6,trec-covid,temp_lodo,0.85,,0.0,0
minilm-l6,trec-covid,temp_lodo,0.86,,0.0,0
minilm-l6,trec-covid,temp_lodo,0.87,,0.0,0
minilm-l6,trec-covid,temp_lodo,0.88,,0.0,0
minilm-l6,trec-covid,temp_lodo,0.89,,0.0,0
minilm-l6,trec-covid,temp_lodo,0.9,,0.0,0
minilm-l6,trec-covid,temp_lodo,0.91,,0.0,0
minilm-l6,trec-covid,temp_lodo,0.92,,0.0,0
minilm-l6,trec-covid,temp_lodo,0.93,,0.0,0
minilm-l6,trec-covid,temp_lodo,0.9400000000000001,,0.0,0
minilm-l6,trec-covid,temp_lodo,0.9500000000000001,,0.0,0
minilm-l6,trec-covid,temp_lodo,0.9600000000000001,,0.0,0
minilm-l6,trec-covid,temp_lodo,0.97,,0.0,0
minilm-l6,trec-covid,temp_lodo,0.98,,0.0,0
minilm-l6,trec-covid,temp_lodo,0.99,,0.0,0
minilm-l6,trec-dl-2019,raw,0.01,0.3918430562725865,0.8399826539462273,1937
minilm-l6,trec-dl-2019,raw,0.02,0.397757608115323,0.8122289679098005,1873
minilm-l6,trec-dl-2019,raw,0.03,0.4042904290429043,0.7883781439722463,1818
minilm-l6,trec-dl-2019,raw,0.04,0.407636159460977,0.7723330442324371,1781
minilm-l6,trec-dl-2019,raw,0.05,0.4113960113960114,0.7610581092801387,1755
minilm-l6,trec-dl-2019,raw,0.060000000000000005,0.4146482122260669,0.7519514310494363,1734
minilm-l6,trec-dl-2019,raw,0.06999999999999999,0.4174418604651163,0.7458803122289679,1720
minilm-l6,trec-dl-2019,raw,0.08,0.42052785923753666,0.7393755420641804,1705
minilm-l6,trec-dl-2019,raw,0.09,0.4204946996466431,0.7363399826539462,1698
minilm-l6,trec-dl-2019,raw,0.09999999999999999,0.42195845697329376,0.730702515177797,1685
minilm-l6,trec-dl-2019,raw,0.11,0.424024024024024,0.7220294882914137,1665
minilm-l6,trec-dl-2019,raw,0.12,0.4269254093389933,0.715091066782307,1649
minilm-l6,trec-dl-2019,raw,0.13,0.42717854966483854,0.7116218560277537,1641
minilm-l6,trec-dl-2019,raw,0.14,0.42786985880908535,0.7064180398959237,1629
minilm-l6,trec-dl-2019,raw,0.15000000000000002,0.4296342219466832,0.699479618386817,1613
minilm-l6,trec-dl-2019,raw,0.16,0.4311639549436796,0.6929748482220295,1598
minilm-l6,trec-dl-2019,raw,0.17,0.4327044025157233,0.6895056374674762,1590
minilm-l6,trec-dl-2019,raw,0.18000000000000002,0.43591370558375636,0.6834345186470078,1576
minilm-l6,trec-dl-2019,raw,0.19,0.43522654754307594,0.6795316565481353,1567
minilm-l6,trec-dl-2019,raw,0.2,0.43573264781491,0.6747614917606245,1556
minilm-l6,trec-dl-2019,raw,0.21000000000000002,0.4362934362934363,0.6738941890719862,1554
minilm-l6,trec-dl-2019,raw,0.22,0.4378238341968912,0.6695576756287944,1544
minilm-l6,trec-dl-2019,raw,0.23,0.4388020833333333,0.6660884648742411,1536
minilm-l6,trec-dl-2019,raw,0.24000000000000002,0.4394237066142764,0.6621856027753686,1527
minilm-l6,trec-dl-2019,raw,0.25,0.44042132982225146,0.6587163920208152,1519
minilm-l6,trec-dl-2019,raw,0.26,0.44289508632138114,0.6530789245446661,1506
minilm-l6,trec-dl-2019,raw,0.27,0.44370419720186544,0.6509106678230703,1501
minilm-l6,trec-dl-2019,raw,0.28,0.44481605351170567,0.6483087597571553,1495
minilm-l6,trec-dl-2019,raw,0.29000000000000004,0.44549125168236875,0.6444058976582827,1486
minilm-l6,trec-dl-2019,raw,0.3,0.44594594594594594,0.6418039895923677,1480
minilm-l6,trec-dl-2019,raw,0.31,0.4467073998642227,0.6387684301821336,1473
minilm-l6,trec-dl-2019,raw,0.32,0.44747612551159616,0.6357328707718994,1466
minilm-l6,trec-dl-2019,raw,0.33,0.44962302947224125,0.6326973113616652,1459
minilm-l6,trec-dl-2019,raw,0.34,0.45017182130584193,0.6309627059843885,1455
minilm-l6,trec-dl-2019,raw,0.35000000000000003,0.4507914659325533,0.6300954032957502,1453
minilm-l6,trec-dl-2019,raw,0.36000000000000004,0.45228215767634855,0.627059843885516,1446
minilm-l6,trec-dl-2019,raw,0.37,0.4538514920194309,0.6248915871639202,1441
minilm-l6,trec-dl-2019,raw,0.38,0.45473537604456826,0.6227233304423244,1436
minilm-l6,trec-dl-2019,raw,0.39,0.45722300140252453,0.6183868169991327,1426
minilm-l6,trec-dl-2019,raw,0.4,0.4573643410852713,0.6153512575888985,1419
minilm-l6,trec-dl-2019,raw,0.41000000000000003,0.4581560283687943,0.611448395490026,1410
minilm-l6,trec-dl-2019,raw,0.42000000000000004,0.4585121602288984,0.606244579358196,1398
minilm-l6,trec-dl-2019,raw,0.43,0.46098265895953755,0.6001734605377277,1384
minilm-l6,trec-dl-2019,raw,0.44,0.46198406951484433,0.5988725065047702,1381
minilm-l6,trec-dl-2019,raw,0.45,0.4625998547567175,0.5971379011274935,1377
minilm-l6,trec-dl-2019,raw,0.46,0.4642857142857143,0.5949696444058976,1372
minilm-l6,trec-dl-2019,raw,0.47000000000000003,0.4663250366032211,0.5923677363399826,1366
minilm-l6,trec-dl-2019,raw,0.48000000000000004,0.4676470588235294,0.5897658282740676,1360
minilm-l6,trec-dl-2019,raw,0.49,0.4700665188470067,0.5867302688638335,1353
minilm-l6,trec-dl-2019,raw,0.5,0.4728624535315985,0.5832610581092801,1345
minilm-l6,trec-dl-2019,raw,0.51,0.47344801795063574,0.5797918473547268,1337
minilm-l6,trec-dl-2019,raw,0.52,0.47518796992481205,0.5767562879444926,1330
minilm-l6,trec-dl-2019,raw,0.53,0.4779969650986343,0.5715524718126627,1318
minilm-l6,trec-dl-2019,raw,0.54,0.4805491990846682,0.5685169124024284,1311
minilm-l6,trec-dl-2019,raw,0.55,0.4820198928844682,0.5667823070251518,1307
minilm-l6,trec-dl-2019,raw,0.56,0.48419429452582885,0.5624457935819601,1297
minilm-l6,trec-dl-2019,raw,0.5700000000000001,0.48604651162790696,0.559410234171726,1290
minilm-l6,trec-dl-2019,raw,0.5800000000000001,0.4875,0.5550737207285342,1280
minilm-l6,trec-dl-2019,raw,0.59,0.48822605965463106,0.5524718126626192,1274
minilm-l6,trec-dl-2019,raw,0.6,0.48976377952755906,0.5507372072853426,1270
minilm-l6,trec-dl-2019,raw,0.61,0.4928571428571429,0.546400693842151,1260
minilm-l6,trec-dl-2019,raw,0.62,0.495603517186251,0.5424978317432784,1251
minilm-l6,trec-dl-2019,raw,0.63,0.4975806451612903,0.5377276669557676,1240
minilm-l6,trec-dl-2019,raw,0.64,0.500406834825061,0.5329575021682568,1229
minilm-l6,trec-dl-2019,raw,0.65,0.5004081632653061,0.53122289679098,1225
minilm-l6,trec-dl-2019,raw,0.66,0.5016393442622951,0.5290546400693842,1220
minilm-l6,trec-dl-2019,raw,0.67,0.502880658436214,0.5268863833477884,1215
minilm-l6,trec-dl-2019,raw,0.68,0.5033167495854063,0.5229835212489159,1206
minilm-l6,trec-dl-2019,raw,0.6900000000000001,0.504594820384294,0.5190806591500433,1197
minilm-l6,trec-dl-2019,raw,0.7000000000000001,0.507563025210084,0.5160450997398092,1190
minilm-l6,trec-dl-2019,raw,0.7100000000000001,0.5093220338983051,0.5117085862966175,1180
minilm-l6,trec-dl-2019,raw,0.72,0.5110732538330494,0.5091066782307025,1174
minilm-l6,trec-dl-2019,raw,0.73,0.5137221269296741,0.5056374674761491,1166
minilm-l6,trec-dl-2019,raw,0.74,0.5124677558039553,0.5043365134431916,1163
minilm-l6,trec-dl-2019,raw,0.75,0.5134899912967799,0.49826539462272335,1149
minilm-l6,trec-dl-2019,raw,0.76,0.5135371179039301,0.49653078924544664,1145
minilm-l6,trec-dl-2019,raw,0.77,0.5136804942630185,0.49132697311361667,1133
minilm-l6,trec-dl-2019,raw,0.78,0.5145888594164456,0.49045967042497834,1131
minilm-l6,trec-dl-2019,raw,0.79,0.5155555555555555,0.4878577623590633,1125
minilm-l6,trec-dl-2019,raw,0.8,0.5171480144404332,0.48048568950563747,1108
minilm-l6,trec-dl-2019,raw,0.81,0.5174311926605505,0.47267996530789247,1090
minilm-l6,trec-dl-2019,raw,0.8200000000000001,0.5175925925925926,0.4683434518647008,1080
minilm-l6,trec-dl-2019,raw,0.8300000000000001,0.5196261682242991,0.4640069384215091,1070
minilm-l6,trec-dl-2019,raw,0.8400000000000001,0.5226843100189036,0.4588031222896791,1058
minilm-l6,trec-dl-2019,raw,0.85,0.5258126195028681,0.4535993061578491,1046
minilm-l6,trec-dl-2019,raw,0.86,0.5290135396518375,0.4483954900260191,1034
minilm-l6,trec-dl-2019,raw,0.87,0.5332681017612525,0.44319167389418906,1022
minilm-l6,trec-dl-2019,raw,0.88,0.5337972166998012,0.4362532523850824,1006
minilm-l6,trec-dl-2019,raw,0.89,0.5365853658536586,0.42671292281006074,984
minilm-l6,trec-dl-2019,raw,0.9,0.5382231404958677,0.419774501300954,968
minilm-l6,trec-dl-2019,raw,0.91,0.5430672268907563,0.41283607979184733,952
minilm-l6,trec-dl-2019,raw,0.92,0.5491891891891892,0.40112749349522986,925
minilm-l6,trec-dl-2019,raw,0.93,0.5538290788013318,0.3907198612315698,901
minilm-l6,trec-dl-2019,raw,0.9400000000000001,0.5590909090909091,0.38161318300086733,880
minilm-l6,trec-dl-2019,raw,0.9500000000000001,0.5707547169811321,0.3677363399826539,848
minilm-l6,trec-dl-2019,raw,0.9600000000000001,0.5864197530864198,0.3512575888985256,810
minilm-l6,trec-dl-2019,raw,0.97,0.5966057441253264,0.33217692974848223,766
minilm-l6,trec-dl-2019,raw,0.98,0.622286541244573,0.2996530789245447,691
minilm-l6,trec-dl-2019,raw,0.99,0.6492411467116358,0.25715524718126626,593
minilm-l6,trec-dl-2019,temp,0.01,0.34952298352124894,1.0,2306
minilm-l6,trec-dl-2019,temp,0.02,0.34952298352124894,1.0,2306
minilm-l6,trec-dl-2019,temp,0.03,0.34952298352124894,1.0,2306
minilm-l6,trec-dl-2019,temp,0.04,0.34952298352124894,1.0,2306
minilm-l6,trec-dl-2019,temp,0.05,0.34952298352124894,1.0,2306
minilm-l6,trec-dl-2019,temp,0.060000000000000005,0.34952298352124894,1.0,2306
minilm-l6,trec-dl-2019,temp,0.06999999999999999,0.34952298352124894,1.0,2306
minilm-l6,trec-dl-2019,temp,0.08,0.34952298352124894,1.0,2306
minilm-l6,trec-dl-2019,temp,0.09,0.34952298352124894,1.0,2306
minilm-l6,trec-dl-2019,temp,0.09999999999999999,0.34952298352124894,1.0,2306
minilm-l6,trec-dl-2019,temp,0.11,0.34952298352124894,1.0,2306
minilm-l6,trec-dl-2019,temp,0.12,0.34952298352124894,1.0,2306
minilm-l6,trec-dl-2019,temp,0.13,0.34952298352124894,1.0,2306
minilm-l6,trec-dl-2019,temp,0.14,0.34952298352124894,1.0,2306
minilm-l6,trec-dl-2019,temp,0.15000000000000002,0.34952298352124894,1.0,2306
minilm-l6,trec-dl-2019,temp,0.16,0.35135135135135137,0.99479618386817,2294
minilm-l6,trec-dl-2019,temp,0.17,0.35445281346920693,0.9787510841283608,2257
minilm-l6,trec-dl-2019,temp,0.18000000000000002,0.35637823371989297,0.9722463139635733,2242
minilm-l6,trec-dl-2019,temp,0.19,0.3563424473330345,0.9674761491760624,2231
minilm-l6,trec-dl-2019,temp,0.2,0.3570784490532011,0.9618386816999133,2218
minilm-l6,trec-dl-2019,temp,0.21000000000000002,0.3583106267029973,0.9549002601908065,2202
minilm-l6,trec-dl-2019,temp,0.22,0.36001829826166515,0.9479618386816999,2186
minilm-l6,trec-dl-2019,temp,0.23,0.36250575771533855,0.9414570685169124,2171
minilm-l6,trec-dl-2019,temp,0.24000000000000002,0.36414305620065024,0.9336513443191674,2153
minilm-l6,trec-dl-2019,temp,0.25,0.36679174484052535,0.9245446660884649,2132
minilm-l6,trec-dl-2019,temp,0.26,0.36939064714218234,0.9180398959236774,2117
minilm-l6,trec-dl-2019,temp,0.27,0.372848948374761,0.9071986123156982,2092
minilm-l6,trec-dl-2019,temp,0.28,0.3750601829561868,0.9006938421509106,2077
minilm-l6,trec-dl-2019,temp,0.29000000000000004,0.3794447150511447,0.8902862098872506,2053
minilm-l6,trec-dl-2019,temp,0.3,0.3821499013806706,0.8794449262792715,2028
minilm-l6,trec-dl-2019,temp,0.31,0.38527054108216435,0.8655680832610582,1996
minilm-l6,trec-dl-2019,temp,0.32,0.38809766022380465,0.852558542931483,1966
minilm-l6,trec-dl-2019,temp,0.33,0.3906330416881112,0.8425845620121423,1943
minilm-l6,trec-dl-2019,temp,0.34,0.39427083333333335,0.8326105810928014,1920
minilm-l6,trec-dl-2019,temp,0.35000000000000003,0.39525065963060685,0.8217692974848222,1895
minilm-l6,trec-dl-2019,temp,0.36000000000000004,0.3981730252552391,0.8070251517779705,1861
minilm-l6,trec-dl-2019,temp,0.37,0.40384615384615385,0.7892454466608847,1820
minilm-l6,trec-dl-2019,temp,0.38,0.40784313725490196,0.7740676496097137,1785
minilm-l6,trec-dl-2019,temp,0.39,0.41163055872291904,0.7606244579358196,1754
minilm-l6,trec-dl-2019,temp,0.4,0.4167150319210679,0.7471812662619254,1723
minilm-l6,trec-dl-2019,temp,0.41000000000000003,0.4206815511163337,0.738074588031223,1702
minilm-l6,trec-dl-2019,temp,0.42000000000000004,0.4237895995218171,0.7254986990459671,1673
minilm-l6,trec-dl-2019,temp,0.43,0.42769981696156195,0.7107545533391153,1639
minilm-l6,trec-dl-2019,temp,0.44,0.4327044025157233,0.6895056374674762,1590
minilm-l6,trec-dl-2019,temp,0.45,0.4362934362934363,0.6738941890719862,1554
minilm-l6,trec-dl-2019,temp,0.46,0.4426011944260119,0.6535125758889853,1507
minilm-l6,trec-dl-2019,temp,0.47000000000000003,0.4467073998642227,0.6387684301821336,1473
minilm-l6,trec-dl-2019,temp,0.48000000000000004,0.45416666666666666,0.6244579358196011,1440
minilm-l6,trec-dl-2019,temp,0.49,0.4613159797541576,0.5997398091934085,1383
minilm-l6,trec-dl-2019,temp,0.5,0.4728624535315985,0.5832610581092801,1345
minilm-l6,trec-dl-2019,temp,0.51,0.4852941176470588,0.5602775368603643,1292
minilm-l6,trec-dl-2019,temp,0.52,0.4963855421686747,0.5398959236773634,1245
minilm-l6,trec-dl-2019,temp,0.53,0.505,0.5203816131830009,1200
minilm-l6,trec-dl-2019,temp,0.54,0.5124677558039553,0.5043365134431916,1163
minilm-l6,trec-dl-2019,temp,0.55,0.5155555555555555,0.4878577623590633,1125
minilm-l6,trec-dl-2019,temp,0.56,0.5196261682242991,0.4640069384215091,1070
minilm-l6,trec-dl-2019,temp,0.5700000000000001,0.5300387596899225,0.44752818733738076,1032
minilm-l6,trec-dl-2019,temp,0.5800000000000001,0.5372069317023446,0.4254119687771032,981
minilm-l6,trec-dl-2019,temp,0.59,0.5471092077087795,0.40503035559410233,934
minilm-l6,trec-dl-2019,temp,0.6,0.5536912751677853,0.3876843018213356,894
minilm-l6,trec-dl-2019,temp,0.61,0.5687426556991775,0.3690372940156115,851
minilm-l6,trec-dl-2019,temp,0.62,0.587360594795539,0.3499566348655681,807
minilm-l6,trec-dl-2019,temp,0.63,0.5978975032851511,0.33000867302688636,761
minilm-l6,trec-dl-2019,temp,0.64,0.6126760563380281,0.30789245446660884,710
minilm-l6,trec-dl-2019,temp,0.65,0.6216216216216216,0.2888117953165655,666
minilm-l6,trec-dl-2019,temp,0.66,0.6434359805510534,0.2675628794449263,617
minilm-l6,trec-dl-2019,temp,0.67,0.6508474576271186,0.25585429314830876,590
minilm-l6,trec-dl-2019,temp,0.68,0.6642728904847397,0.24154379878577623,557
minilm-l6,trec-dl-2019,temp,0.6900000000000001,0.6711798839458414,0.22419774501300954,517
minilm-l6,trec-dl-2019,temp,0.7000000000000001,0.6956521739130435,0.20945359930615784,483
minilm-l6,trec-dl-2019,temp,0.7100000000000001,0.7136465324384788,0.1938421509106678,447
minilm-l6,trec-dl-2019,temp,0.72,0.7270408163265306,0.16999132697311362,392
minilm-l6,trec-dl-2019,temp,0.73,0.7478753541076487,0.1530789245446661,353
minilm-l6,trec-dl-2019,temp,0.74,0.7817589576547231,0.1331309627059844,307
minilm-l6,trec-dl-2019,temp,0.75,0.7854545454545454,0.11925411968777103,275
minilm-l6,trec-dl-2019,temp,0.76,0.7947598253275109,0.09930615784908933,229
minilm-l6,trec-dl-2019,temp,0.77,0.788659793814433,0.08412836079791847,194
minilm-l6,trec-dl-2019,temp,0.78,0.7816901408450704,0.06157849089332177,142
minilm-l6,trec-dl-2019,temp,0.79,0.75,0.04163052905464007,96
minilm-l6,trec-dl-2019,temp,0.8,0.7536231884057971,0.02992194275802255,69
minilm-l6,trec-dl-2019,temp,0.81,0.7272727272727273,0.019080659150043366,44
minilm-l6,trec-dl-2019,temp,0.8200000000000001,,0.010407632263660017,24
minilm-l6,trec-dl-2019,temp,0.8300000000000001,,0.004770164787510842,11
minilm-l6,trec-dl-2019,temp,0.8400000000000001,,0.0004336513443191674,1
minilm-l6,trec-dl-2019,temp,0.85,,0.0,0
minilm-l6,trec-dl-2019,temp,0.86,,0.0,0
minilm-l6,trec-dl-2019,temp,0.87,,0.0,0
minilm-l6,trec-dl-2019,temp,0.88,,0.0,0
minilm-l6,trec-dl-2019,temp,0.89,,0.0,0
minilm-l6,trec-dl-2019,temp,0.9,,0.0,0
minilm-l6,trec-dl-2019,temp,0.91,,0.0,0
minilm-l6,trec-dl-2019,temp,0.92,,0.0,0
minilm-l6,trec-dl-2019,temp,0.93,,0.0,0
minilm-l6,trec-dl-2019,temp,0.9400000000000001,,0.0,0
minilm-l6,trec-dl-2019,temp,0.9500000000000001,,0.0,0
minilm-l6,trec-dl-2019,temp,0.9600000000000001,,0.0,0
minilm-l6,trec-dl-2019,temp,0.97,,0.0,0
minilm-l6,trec-dl-2019,temp,0.98,,0.0,0
minilm-l6,trec-dl-2019,temp,0.99,,0.0,0
minilm-l6,trec-dl-2019,platt,0.01,0.34952298352124894,1.0,2306
minilm-l6,trec-dl-2019,platt,0.02,0.34952298352124894,1.0,2306
minilm-l6,trec-dl-2019,platt,0.03,0.3529929577464789,0.9852558542931483,2272
minilm-l6,trec-dl-2019,platt,0.04,0.35656474820143885,0.9644405897658282,2224
minilm-l6,trec-dl-2019,platt,0.05,0.36018306636155606,0.9475281873373808,2185
minilm-l6,trec-dl-2019,platt,0.060000000000000005,0.36465116279069765,0.9323503902862099,2150
minilm-l6,trec-dl-2019,platt,0.06999999999999999,0.37019458946369244,0.9137033824804857,2107
minilm-l6,trec-dl-2019,platt,0.08,0.3766924564796905,0.8967909800520382,2068
minilm-l6,trec-dl-2019,platt,0.09,0.3820335636722606,0.8785776235906332,2026
minilm-l6,trec-dl-2019,platt,0.09999999999999999,0.38711314053779805,0.854726799653079,1971
minilm-l6,trec-dl-2019,platt,0.11,0.39285714285714285,0.8378143972246314,1932
minilm-l6,trec-dl-2019,platt,0.12,0.3941145559642669,0.8252385082393755,1903
minilm-l6,trec-dl-2019,platt,0.13,0.39935240151106316,0.8035559410234172,1853
minilm-l6,trec-dl-2019,platt,0.14,0.40420819490586934,0.7831743278404163,1806
minilm-l6,trec-dl-2019,platt,0.15000000000000002,0.409734012450481,0.7662619254119688,1767
minilm-l6,trec-dl-2019,platt,0.16,0.4167150319210679,0.7471812662619254,1723
minilm-l6,trec-dl-2019,platt,0.17,0.42058823529411765,0.7372072853425846,1700
minilm-l6,trec-dl-2019,platt,0.18000000000000002,0.42460796139927626,0.7189939288811795,1658
minilm-l6,trec-dl-2019,platt,0.19,0.42945544554455445,0.7007805724197745,1616
minilm-l6,trec-dl-2019,platt,0.2,0.435031847133758,0.6808326105810928,1570
minilm-l6,trec-dl-2019,platt,0.21000000000000002,0.4385165907612232,0.6665221162185603,1537
minilm-l6,trec-dl-2019,platt,0.22,0.44481605351170567,0.6483087597571553,1495
minilm-l6,trec-dl-2019,platt,0.23,0.44962302947224125,0.6326973113616652,1459
minilm-l6,trec-dl-2019,platt,0.24000000000000002,0.45690259285213736,0.6188204683434518,1427
minilm-l6,trec-dl-2019,platt,0.25,0.46226415094339623,0.5975715524718127,1378
minilm-l6,trec-dl-2019,platt,0.26,0.4735272184936615,0.5815264527320034,1341
minilm-l6,trec-dl-2019,platt,0.27,0.48382126348228044,0.5628794449262793,1298
minilm-l6,trec-dl-2019,platt,0.28,0.4932486100079428,0.5459670424978318,1259
minilm-l6,trec-dl-2019,platt,0.29000000000000004,0.5012305168170632,0.528620988725065,1219
minilm-l6,trec-dl-2019,platt,0.3,0.5093062605752962,0.5125758889852559,1182
minilm-l6,trec-dl-2019,platt,0.31,0.5130434782608696,0.4986990459670425,1150
minilm-l6,trec-dl-2019,platt,0.32,0.5159857904085258,0.48829141370338247,1126
minilm-l6,trec-dl-2019,platt,0.33,0.5193726937269373,0.47007805724197743,1084
minilm-l6,trec-dl-2019,platt,0.34,0.5247148288973384,0.4562012142237641,1052
minilm-l6,trec-dl-2019,platt,0.35000000000000003,0.5321637426900585,0.4449262792714657,1026
minilm-l6,trec-dl-2019,platt,0.36000000000000004,0.5365111561866126,0.42758022549869906,986
minilm-l6,trec-dl-2019,platt,0.37,0.5401459854014599,0.41587163920208153,959
minilm-l6,trec-dl-2019,platt,0.38,0.5504885993485342,0.39939288811795315,921
minilm-l6,trec-dl-2019,platt,0.39,0.5534521158129176,0.38941890719861233,898
minilm-l6,trec-dl-2019,platt,0.4,0.5627157652474108,0.3768430182133565,869
minilm-l6,trec-dl-2019,platt,0.41000000000000003,0.575,0.3642671292281006,840
minilm-l6,trec-dl-2019,platt,0.42000000000000004,0.5864197530864198,0.3512575888985256,810
minilm-l6,trec-dl-2019,platt,0.43,0.5906210392902408,0.34215091066782305,789
minilm-l6,trec-dl-2019,platt,0.44,0.6024096385542169,0.32393755420641807,747
minilm-l6,trec-dl-2019,platt,0.45,0.6077348066298343,0.3139635732870772,724
minilm-l6,trec-dl-2019,platt,0.46,0.622286541244573,0.2996530789245447,691
minilm-l6,trec-dl-2019,platt,0.47000000000000003,0.6216216216216216,0.2888117953165655,666
minilm-l6,trec-dl-2019,platt,0.48000000000000004,0.6333333333333333,0.2732003469210755,630
minilm-l6,trec-dl-2019,platt,0.49,0.6437908496732027,0.2653946227233304,612
minilm-l6,trec-dl-2019,platt,0.5,0.6492411467116358,0.25715524718126626,593
minilm-l6,trec-dl-2019,platt,0.51,0.6557093425605537,0.25065047701647875,578
minilm-l6,trec-dl-2019,platt,0.52,0.6630824372759857,0.2419774501300954,558
minilm-l6,trec-dl-2019,platt,0.53,0.6654205607476635,0.23200346921075454,535
minilm-l6,trec-dl-2019,platt,0.54,0.6758349705304518,0.2207285342584562,509
minilm-l6,trec-dl-2019,platt,0.55,0.6896551724137931,0.21379011274934953,493
minilm-l6,trec-dl-2019,platt,0.56,0.6997885835095138,0.20511708586296618,473
minilm-l6,trec-dl-2019,platt,0.5700000000000001,0.7092511013215859,0.19687771032090198,454
minilm-l6,trec-dl-2019,platt,0.5800000000000001,0.7156177156177156,0.1860364267129228,429
minilm-l6,trec-dl-2019,platt,0.59,0.7233502538071066,0.17085862966175194,394
minilm-l6,trec-dl-2019,platt,0.6,0.7338709677419355,0.16131830008673026,372
minilm-l6,trec-dl-2019,platt,0.61,0.7521367521367521,0.15221162185602774,351
minilm-l6,trec-dl-2019,platt,0.62,0.7661538461538462,0.1409366869037294,325
minilm-l6,trec-dl-2019,platt,0.63,0.7796052631578947,0.13183000867302688,304
minilm-l6,trec-dl-2019,platt,0.64,0.7852112676056338,0.12315698178664354,284
minilm-l6,trec-dl-2019,platt,0.65,0.7884615384615384,0.11274934952298352,260
minilm-l6,trec-dl-2019,platt,0.66,0.7907949790794979,0.10364267129228101,239
minilm-l6,trec-dl-2019,platt,0.67,0.7909090909090909,0.09540329575021683,220
minilm-l6,trec-dl-2019,platt,0.68,0.79,0.08673026886383348,200
minilm-l6,trec-dl-2019,platt,0.6900000000000001,0.7916666666666666,0.07285342584562012,168
minilm-l6,trec-dl-2019,platt,0.7000000000000001,0.7762237762237763,0.062012142237640934,143
minilm-l6,trec-dl-2019,platt,0.7100000000000001,0.7410714285714286,0.04856895056374675,112
minilm-l6,trec-dl-2019,platt,0.72,0.7608695652173914,0.0398959236773634,92
minilm-l6,trec-dl-2019,platt,0.73,0.7283950617283951,0.03512575888985256,81
minilm-l6,trec-dl-2019,platt,0.74,0.7619047619047619,0.027320034692107545,63
minilm-l6,trec-dl-2019,platt,0.75,0.7551020408163265,0.021248915871639202,49
minilm-l6,trec-dl-2019,platt,0.76,0.7105263157894737,0.01647875108412836,38
minilm-l6,trec-dl-2019,platt,0.77,,0.011708586296617519,27
minilm-l6,trec-dl-2019,platt,0.78,,0.009106678230702514,21
minilm-l6,trec-dl-2019,platt,0.79,,0.004770164787510842,11
minilm-l6,trec-dl-2019,platt,0.8,,0.0008673026886383347,2
minilm-l6,trec-dl-2019,platt,0.81,,0.0004336513443191674,1
minilm-l6,trec-dl-2019,platt,0.8200000000000001,,0.0,0
minilm-l6,trec-dl-2019,platt,0.8300000000000001,,0.0,0
minilm-l6,trec-dl-2019,platt,0.8400000000000001,,0.0,0
minilm-l6,trec-dl-2019,platt,0.85,,0.0,0
minilm-l6,trec-dl-2019,platt,0.86,,0.0,0
minilm-l6,trec-dl-2019,platt,0.87,,0.0,0
minilm-l6,trec-dl-2019,platt,0.88,,0.0,0
minilm-l6,trec-dl-2019,platt,0.89,,0.0,0
minilm-l6,trec-dl-2019,platt,0.9,,0.0,0
minilm-l6,trec-dl-2019,platt,0.91,,0.0,0
minilm-l6,trec-dl-2019,platt,0.92,,0.0,0
minilm-l6,trec-dl-2019,platt,0.93,,0.0,0
minilm-l6,trec-dl-2019,platt,0.9400000000000001,,0.0,0
minilm-l6,trec-dl-2019,platt,0.9500000000000001,,0.0,0
minilm-l6,trec-dl-2019,platt,0.9600000000000001,,0.0,0
minilm-l6,trec-dl-2019,platt,0.97,,0.0,0
minilm-l6,trec-dl-2019,platt,0.98,,0.0,0
minilm-l6,trec-dl-2019,platt,0.99,,0.0,0
minilm-l6,trec-dl-2019,iso,0.01,0.3516819571865443,0.9926279271465741,2289
minilm-l6,trec-dl-2019,iso,0.02,0.3518356643356643,0.9921942758022549,2288
minilm-l6,trec-dl-2019,iso,0.03,0.3519895059029296,0.9917606244579358,2287
minilm-l6,trec-dl-2019,iso,0.04,0.3521434820647419,0.9913269731136166,2286
minilm-l6,trec-dl-2019,iso,0.05,0.35637823371989297,0.9722463139635733,2242
minilm-l6,trec-dl-2019,iso,0.060000000000000005,0.35637823371989297,0.9722463139635733,2242
minilm-l6,trec-dl-2019,iso,0.06999999999999999,0.35637823371989297,0.9722463139635733,2242
minilm-l6,trec-dl-2019,iso,0.08,0.35637823371989297,0.9722463139635733,2242
minilm-l6,trec-dl-2019,iso,0.09,0.38092909535452324,0.8868169991326973,2045
minilm-l6,trec-dl-2019,iso,0.09999999999999999,0.38092909535452324,0.8868169991326973,2045
minilm-l6,trec-dl-2019,iso,0.11,0.38111545988258316,0.8863833477883781,2044
minilm-l6,trec-dl-2019,iso,0.12,0.38111545988258316,0.8863833477883781,2044
minilm-l6,trec-dl-2019,iso,0.13,0.38130200685266763,0.885949696444059,2043
minilm-l6,trec-dl-2019,iso,0.14,0.38130200685266763,0.885949696444059,2043
minilm-l6,trec-dl-2019,iso,0.15000000000000002,0.38130200685266763,0.885949696444059,2043
minilm-l6,trec-dl-2019,iso,0.16,0.3972310969116081,0.8143972246313964,1878
minilm-l6,trec-dl-2019,iso,0.17,0.3979591836734694,0.8074588031222897,1862
minilm-l6,trec-dl-2019,iso,0.18000000000000002,0.3981730252552391,0.8070251517779705,1861
minilm-l6,trec-dl-2019,iso,0.19,0.3981730252552391,0.8070251517779705,1861
minilm-l6,trec-dl-2019,iso,0.2,0.5020542317173378,0.5277536860364267,1217
minilm-l6,trec-dl-2019,iso,0.21000000000000002,0.5020542317173378,0.5277536860364267,1217
minilm-l6,trec-dl-2019,iso,0.22,0.5093220338983051,0.5117085862966175,1180
minilm-l6,trec-dl-2019,iso,0.23,0.5093220338983051,0.5117085862966175,1180
minilm-l6,trec-dl-2019,iso,0.24000000000000002,0.5093220338983051,0.5117085862966175,1180
minilm-l6,trec-dl-2019,iso,0.25,0.5093220338983051,0.5117085862966175,1180
minilm-l6,trec-dl-2019,iso,0.26,0.5126416739319966,0.497398091934085,1147
minilm-l6,trec-dl-2019,iso,0.27,0.5126416739319966,0.497398091934085,1147
minilm-l6,trec-dl-2019,iso,0.28,0.5201499531396439,0.4627059843885516,1067
minilm-l6,trec-dl-2019,iso,0.29000000000000004,0.5196998123827392,0.46227233304423243,1066
minilm-l6,trec-dl-2019,iso,0.3,0.5867665418227216,0.34735472679965307,801
minilm-l6,trec-dl-2019,iso,0.31,0.5867665418227216,0.34735472679965307,801
minilm-l6,trec-dl-2019,iso,0.32,0.5867665418227216,0.34735472679965307,801
minilm-l6,trec-dl-2019,iso,0.33,0.5867665418227216,0.34735472679965307,801
minilm-l6,trec-dl-2019,iso,0.34,0.5867665418227216,0.34735472679965307,801
minilm-l6,trec-dl-2019,iso,0.35000000000000003,0.5867665418227216,0.34735472679965307,801
minilm-l6,trec-dl-2019,iso,0.36000000000000004,0.5875,0.3469210754553339,800
minilm-l6,trec-dl-2019,iso,0.37,0.5869837296620776,0.34648742411101474,799
minilm-l6,trec-dl-2019,iso,0.38,0.6303317535545023,0.27450130095403297,633
minilm-l6,trec-dl-2019,iso,0.39,0.6303317535545023,0.27450130095403297,633
minilm-l6,trec-dl-2019,iso,0.4,0.6303317535545023,0.27450130095403297,633
minilm-l6,trec-dl-2019,iso,0.41000000000000003,0.6530612244897959,0.25498699045967044,588
minilm-l6,trec-dl-2019,iso,0.42000000000000004,0.6530612244897959,0.25498699045967044,588
minilm-l6,trec-dl-2019,iso,0.43,0.6530612244897959,0.25498699045967044,588
minilm-l6,trec-dl-2019,iso,0.44,0.6530612244897959,0.25498699045967044,588
minilm-l6,trec-dl-2019,iso,0.45,0.6530612244897959,0.25498699045967044,588
minilm-l6,trec-dl-2019,iso,0.46,0.6524701873935264,0.2545533391153513,587
minilm-l6,trec-dl-2019,iso,0.47000000000000003,0.6524701873935264,0.2545533391153513,587
minilm-l6,trec-dl-2019,iso,0.48000000000000004,0.6524701873935264,0.2545533391153513,587
minilm-l6,trec-dl-2019,iso,0.49,0.6524701873935264,0.2545533391153513,587
minilm-l6,trec-dl-2019,iso,0.5,0.6524701873935264,0.2545533391153513,587
minilm-l6,trec-dl-2019,iso,0.51,0.6524701873935264,0.2545533391153513,587
minilm-l6,trec-dl-2019,iso,0.52,0.6524701873935264,0.2545533391153513,587
minilm-l6,trec-dl-2019,iso,0.53,0.6524701873935264,0.2545533391153513,587
minilm-l6,trec-dl-2019,iso,0.54,0.6524701873935264,0.2545533391153513,587
minilm-l6,trec-dl-2019,iso,0.55,0.6535836177474402,0.2541196877710321,586
minilm-l6,trec-dl-2019,iso,0.56,0.6934156378600823,0.21075455333911536,486
minilm-l6,trec-dl-2019,iso,0.5700000000000001,0.6934156378600823,0.21075455333911536,486
minilm-l6,trec-dl-2019,iso,0.5800000000000001,0.7352941176470589,0.16218560277536861,374
minilm-l6,trec-dl-2019,iso,0.59,0.7352941176470589,0.16218560277536861,374
minilm-l6,trec-dl-2019,iso,0.6,0.7352941176470589,0.16218560277536861,374
minilm-l6,trec-dl-2019,iso,0.61,0.7352941176470589,0.16218560277536861,374
minilm-l6,trec-dl-2019,iso,0.62,0.7352941176470589,0.16218560277536861,374
minilm-l6,trec-dl-2019,iso,0.63,0.7528735632183908,0.15091066782307025,348
minilm-l6,trec-dl-2019,iso,0.64,0.7528735632183908,0.15091066782307025,348
minilm-l6,trec-dl-2019,iso,0.65,0.7528735632183908,0.15091066782307025,348
minilm-l6,trec-dl-2019,iso,0.66,0.7528735632183908,0.15091066782307025,348
minilm-l6,trec-dl-2019,iso,0.67,0.7528735632183908,0.15091066782307025,348
minilm-l6,trec-dl-2019,iso,0.68,0.7528735632183908,0.15091066782307025,348
minilm-l6,trec-dl-2019,iso,0.6900000000000001,0.7528735632183908,0.15091066782307025,348
minilm-l6,trec-dl-2019,iso,0.7000000000000001,0.7528735632183908,0.15091066782307025,348
minilm-l6,trec-dl-2019,iso,0.7100000000000001,0.7528735632183908,0.15091066782307025,348
minilm-l6,trec-dl-2019,iso,0.72,0.7857142857142857,0.12749349522983522,294
minilm-l6,trec-dl-2019,iso,0.73,0.7849829351535836,0.12705984388551606,293
minilm-l6,trec-dl-2019,iso,0.74,0.7849829351535836,0.12705984388551606,293
minilm-l6,trec-dl-2019,iso,0.75,0.7849829351535836,0.12705984388551606,293
minilm-l6,trec-dl-2019,iso,0.76,0.7867647058823529,0.11795316565481354,272
minilm-l6,trec-dl-2019,iso,0.77,0.7909090909090909,0.09540329575021683,220
minilm-l6,trec-dl-2019,iso,0.78,0.7909090909090909,0.09540329575021683,220
minilm-l6,trec-dl-2019,iso,0.79,0.7909090909090909,0.09540329575021683,220
minilm-l6,trec-dl-2019,iso,0.8,0.7909090909090909,0.09540329575021683,220
minilm-l6,trec-dl-2019,iso,0.81,,0.0004336513443191674,1
minilm-l6,trec-dl-2019,iso,0.8200000000000001,,0.0004336513443191674,1
minilm-l6,trec-dl-2019,iso,0.8300000000000001,,0.0004336513443191674,1
minilm-l6,trec-dl-2019,iso,0.8400000000000001,,0.0004336513443191674,1
minilm-l6,trec-dl-2019,iso,0.85,,0.0004336513443191674,1
minilm-l6,trec-dl-2019,iso,0.86,,0.0004336513443191674,1
minilm-l6,trec-dl-2019,iso,0.87,,0.0004336513443191674,1
minilm-l6,trec-dl-2019,iso,0.88,,0.0004336513443191674,1
minilm-l6,trec-dl-2019,iso,0.89,,0.0004336513443191674,1
minilm-l6,trec-dl-2019,iso,0.9,,0.0,0
minilm-l6,trec-dl-2019,iso,0.91,,0.0,0
minilm-l6,trec-dl-2019,iso,0.92,,0.0,0
minilm-l6,trec-dl-2019,iso,0.93,,0.0,0
minilm-l6,trec-dl-2019,iso,0.9400000000000001,,0.0,0
minilm-l6,trec-dl-2019,iso,0.9500000000000001,,0.0,0
minilm-l6,trec-dl-2019,iso,0.9600000000000001,,0.0,0
minilm-l6,trec-dl-2019,iso,0.97,,0.0,0
minilm-l6,trec-dl-2019,iso,0.98,,0.0,0
minilm-l6,trec-dl-2019,iso,0.99,,0.0,0
minilm-l6,trec-dl-2019,temp_lodo,0.01,0.34952298352124894,1.0,2306
minilm-l6,trec-dl-2019,temp_lodo,0.02,0.34952298352124894,1.0,2306
minilm-l6,trec-dl-2019,temp_lodo,0.03,0.34952298352124894,1.0,2306
minilm-l6,trec-dl-2019,temp_lodo,0.04,0.34952298352124894,1.0,2306
minilm-l6,trec-dl-2019,temp_lodo,0.05,0.34952298352124894,1.0,2306
minilm-l6,trec-dl-2019,temp_lodo,0.060000000000000005,0.34952298352124894,1.0,2306
minilm-l6,trec-dl-2019,temp_lodo,0.06999999999999999,0.34952298352124894,1.0,2306
minilm-l6,trec-dl-2019,temp_lodo,0.08,0.34952298352124894,1.0,2306
minilm-l6,trec-dl-2019,temp_lodo,0.09,0.34952298352124894,1.0,2306
minilm-l6,trec-dl-2019,temp_lodo,0.09999999999999999,0.34952298352124894,1.0,2306
minilm-l6,trec-dl-2019,temp_lodo,0.11,0.34952298352124894,1.0,2306
minilm-l6,trec-dl-2019,temp_lodo,0.12,0.34952298352124894,1.0,2306
minilm-l6,trec-dl-2019,temp_lodo,0.13,0.34952298352124894,1.0,2306
minilm-l6,trec-dl-2019,temp_lodo,0.14,0.34952298352124894,1.0,2306
minilm-l6,trec-dl-2019,temp_lodo,0.15000000000000002,0.35135135135135137,0.99479618386817,2294
minilm-l6,trec-dl-2019,temp_lodo,0.16,0.35445281346920693,0.9787510841283608,2257
minilm-l6,trec-dl-2019,temp_lodo,0.17,0.35637823371989297,0.9722463139635733,2242
minilm-l6,trec-dl-2019,temp_lodo,0.18000000000000002,0.3563424473330345,0.9674761491760624,2231
minilm-l6,trec-dl-2019,temp_lodo,0.19,0.3570784490532011,0.9618386816999133,2218
minilm-l6,trec-dl-2019,temp_lodo,0.2,0.3581479800272356,0.9553339115351258,2203
minilm-l6,trec-dl-2019,temp_lodo,0.21000000000000002,0.36001829826166515,0.9479618386816999,2186
minilm-l6,trec-dl-2019,temp_lodo,0.22,0.36250575771533855,0.9414570685169124,2171
minilm-l6,trec-dl-2019,temp_lodo,0.23,0.3638051044083527,0.9345186470078057,2155
minilm-l6,trec-dl-2019,temp_lodo,0.24000000000000002,0.3666197843413033,0.924978317432784,2133
minilm-l6,trec-dl-2019,temp_lodo,0.25,0.36939064714218234,0.9180398959236774,2117
minilm-l6,trec-dl-2019,temp_lodo,0.26,0.37213740458015265,0.9089332176929749,2096
minilm-l6,trec-dl-2019,temp_lodo,0.27,0.3748796920115496,0.9011274934952298,2078
minilm-l6,trec-dl-2019,temp_lodo,0.28,0.3787068546426835,0.8920208152645274,2057
minilm-l6,trec-dl-2019,temp_lodo,0.29000000000000004,0.3813976377952756,0.8811795316565482,2032
minilm-l6,trec-dl-2019,temp_lodo,0.3,0.3849226160758862,0.8686036426712923,2003
minilm-l6,trec-dl-2019,temp_lodo,0.31,0.38711314053779805,0.854726799653079,1971
minilm-l6,trec-dl-2019,temp_lodo,0.32,0.39036885245901637,0.8464874241110147,1952
minilm-l6,trec-dl-2019,temp_lodo,0.33,0.3935617860851506,0.8352124891587164,1926
minilm-l6,trec-dl-2019,temp_lodo,0.34,0.39424083769633506,0.8282740676496098,1910
minilm-l6,trec-dl-2019,temp_lodo,0.35000000000000003,0.39797008547008544,0.8117953165654813,1872
minilm-l6,trec-dl-2019,temp_lodo,0.36000000000000004,0.4009793253536453,0.7970511708586296,1838
minilm-l6,trec-dl-2019,temp_lodo,0.37,0.40488075429839154,0.7818733738074588,1803
minilm-l6,trec-dl-2019,temp_lodo,0.38,0.40788732394366195,0.7697311361665221,1775
minilm-l6,trec-dl-2019,temp_lodo,0.39,0.41284403669724773,0.7562879444926279,1744
minilm-l6,trec-dl-2019,temp_lodo,0.4,0.4180758017492711,0.7437120555073721,1715
minilm-l6,trec-dl-2019,temp_lodo,0.41000000000000003,0.4206489675516224,0.7350390286209887,1695
minilm-l6,trec-dl-2019,temp_lodo,0.42000000000000004,0.4251207729468599,0.7181266261925412,1656
minilm-l6,trec-dl-2019,temp_lodo,0.43,0.42865966646077824,0.702081526452732,1619
minilm-l6,trec-dl-2019,temp_lodo,0.44,0.43591370558375636,0.6834345186470078,1576
minilm-l6,trec-dl-2019,temp_lodo,0.45,0.4378238341968912,0.6695576756287944,1544
minilm-l6,trec-dl-2019,temp_lodo,0.46,0.4434840425531915,0.6522116218560278,1504
minilm-l6,trec-dl-2019,temp_lodo,0.47000000000000003,0.44747612551159616,0.6357328707718994,1466
minilm-l6,trec-dl-2019,temp_lodo,0.48000000000000004,0.4541029207232267,0.6235906331309627,1438
minilm-l6,trec-dl-2019,temp_lodo,0.49,0.46198406951484433,0.5988725065047702,1381
minilm-l6,trec-dl-2019,temp_lodo,0.5,0.4728624535315985,0.5832610581092801,1345
minilm-l6,trec-dl-2019,temp_lodo,0.51,0.4845440494590417,0.5611448395490026,1294
minilm-l6,trec-dl-2019,temp_lodo,0.52,0.49599358974358976,0.5411968777103209,1248
minilm-l6,trec-dl-2019,temp_lodo,0.53,0.5033167495854063,0.5229835212489159,1206
minilm-l6,trec-dl-2019,temp_lodo,0.54,0.5133047210300429,0.50520381613183,1165
minilm-l6,trec-dl-2019,temp_lodo,0.55,0.5145888594164456,0.49045967042497834,1131
minilm-l6,trec-dl-2019,temp_lodo,0.56,0.5175925925925926,0.4683434518647008,1080
minilm-l6,trec-dl-2019,temp_lodo,0.5700000000000001,0.525911708253359,0.4518647007805724,1042
minilm-l6,trec-dl-2019,temp_lodo,0.5800000000000001,0.5362173038229376,0.43104943625325237,994
minilm-l6,trec-dl-2019,temp_lodo,0.59,0.5407098121085595,0.41543798785776237,958
minilm-l6,trec-dl-2019,temp_lodo,0.6,0.5518763796909493,0.39288811795316564,906
minilm-l6,trec-dl-2019,temp_lodo,0.61,0.5625717566016073,0.3777103209019948,871
minilm-l6,trec-dl-2019,temp_lodo,0.62,0.5802171290711701,0.35949696444058976,829
minilm-l6,trec-dl-2019,temp_lodo,0.63,0.589873417721519,0.3425845620121422,790
minilm-l6,trec-dl-2019,temp_lodo,0.64,0.6059782608695652,0.3191673894189072,736
minilm-l6,trec-dl-2019,temp_lodo,0.65,0.622286541244573,0.2996530789245447,691
minilm-l6,trec-dl-2019,temp_lodo,0.66,0.6290571870170015,0.2805724197745013,647
minilm-l6,trec-dl-2019,temp_lodo,0.67,0.6442622950819672,0.2645273200346921,610
minilm-l6,trec-dl-2019,temp_lodo,0.68,0.6529209621993127,0.2523850823937554,582
minilm-l6,trec-dl-2019,temp_lodo,0.6900000000000001,0.666058394160584,0.23764093668690373,548
minilm-l6,trec-dl-2019,temp_lodo,0.7000000000000001,0.6771653543307087,0.22029488291413704,508
minilm-l6,trec-dl-2019,temp_lodo,0.7100000000000001,0.6983122362869199,0.20555073720728534,474
minilm-l6,trec-dl-2019,temp_lodo,0.72,0.715261958997722,0.19037294015611447,439
minilm-l6,trec-dl-2019,temp_lodo,0.73,0.7258485639686684,0.16608846487424112,383
minilm-l6,trec-dl-2019,temp_lodo,0.74,0.7535816618911175,0.1513443191673894,349
minilm-l6,trec-dl-2019,temp_lodo,0.75,0.7810457516339869,0.1326973113616652,306
minilm-l6,trec-dl-2019,temp_lodo,0.76,0.7875457875457875,0.1183868169991327,273
minilm-l6,trec-dl-2019,temp_lodo,0.77,0.793859649122807,0.09887250650477017,228
minilm-l6,trec-dl-2019,temp_lodo,0.78,0.7916666666666666,0.08326105810928014,192
minilm-l6,trec-dl-2019,temp_lodo,0.79,0.7785714285714286,0.060711188204683436,140
minilm-l6,trec-dl-2019,temp_lodo,0.8,0.7578947368421053,0.0411968777103209,95
minilm-l6,trec-dl-2019,temp_lodo,0.81,0.7536231884057971,0.02992194275802255,69
minilm-l6,trec-dl-2019,temp_lodo,0.8200000000000001,0.7272727272727273,0.019080659150043366,44
minilm-l6,trec-dl-2019,temp_lodo,0.8300000000000001,,0.010407632263660017,24
minilm-l6,trec-dl-2019,temp_lodo,0.8400000000000001,,0.004770164787510842,11
minilm-l6,trec-dl-2019,temp_lodo,0.85,,0.0004336513443191674,1
minilm-l6,trec-dl-2019,temp_lodo,0.86,,0.0,0
minilm-l6,trec-dl-2019,temp_lodo,0.87,,0.0,0
minilm-l6,trec-dl-2019,temp_lodo,0.88,,0.0,0
minilm-l6,trec-dl-2019,temp_lodo,0.89,,0.0,0
minilm-l6,trec-dl-2019,temp_lodo,0.9,,0.0,0
minilm-l6,trec-dl-2019,temp_lodo,0.91,,0.0,0
minilm-l6,trec-dl-2019,temp_lodo,0.92,,0.0,0
minilm-l6,trec-dl-2019,temp_lodo,0.93,,0.0,0
minilm-l6,trec-dl-2019,temp_lodo,0.9400000000000001,,0.0,0
minilm-l6,trec-dl-2019,temp_lodo,0.9500000000000001,,0.0,0
minilm-l6,trec-dl-2019,temp_lodo,0.9600000000000001,,0.0,0
minilm-l6,trec-dl-2019,temp_lodo,0.97,,0.0,0
minilm-l6,trec-dl-2019,temp_lodo,0.98,,0.0,0
minilm-l6,trec-dl-2019,temp_lodo,0.99,,0.0,0
minilm-l6,trec-dl-2020,raw,0.01,0.2028985507246377,0.8251846640872318,2346
minilm-l6,trec-dl-2020,raw,0.02,0.20996912218791355,0.797397115722828,2267
minilm-l6,trec-dl-2020,raw,0.03,0.21303370786516854,0.7826239887442842,2225
minilm-l6,trec-dl-2020,raw,0.04,0.21793103448275863,0.7650369328174463,2175
minilm-l6,trec-dl-2020,raw,0.05,0.2209737827715356,0.7513190291945129,2136
minilm-l6,trec-dl-2020,raw,0.060000000000000005,0.22364672364672364,0.7407667956384101,2106
minilm-l6,trec-dl-2020,raw,0.06999999999999999,0.22526416906820365,0.7323250087935279,2082
minilm-l6,trec-dl-2020,raw,0.08,0.22696411251212414,0.7252901864227929,2062
minilm-l6,trec-dl-2020,raw,0.09,0.22854340362923,0.7172001406964474,2039
minilm-l6,trec-dl-2020,raw,0.09999999999999999,0.23012345679012347,0.7122757650369328,2025
minilm-l6,trec-dl-2020,raw,0.11,0.23207171314741035,0.706296166021808,2008
minilm-l6,trec-dl-2020,raw,0.12,0.23319959879638916,0.7013717903622934,1994
minilm-l6,trec-dl-2020,raw,0.13,0.23568170299037,0.6939852268730214,1973
minilm-l6,trec-dl-2020,raw,0.14,0.2372448979591837,0.6894125923320437,1960
minilm-l6,trec-dl-2020,raw,0.15000000000000002,0.23833931317273194,0.6862469222652128,1951
minilm-l6,trec-dl-2020,raw,0.16,0.24031007751937986,0.6806190643686247,1935
minilm-l6,trec-dl-2020,raw,0.17,0.24256651017214398,0.6742877242349631,1917
minilm-l6,trec-dl-2020,raw,0.18000000000000002,0.2439664218258132,0.6704185719310587,1906
minilm-l6,trec-dl-2020,raw,0.19,0.24381253291205898,0.6679563841013014,1899
minilm-l6,trec-dl-2020,raw,0.2,0.24497354497354498,0.6647907140344707,1890
minilm-l6,trec-dl-2020,raw,0.21000000000000002,0.2454835281615303,0.6619767850861765,1882
minilm-l6,trec-dl-2020,raw,0.22,0.24626068376068377,0.658459373900809,1872
minilm-l6,trec-dl-2020,raw,0.23,0.24758324382384533,0.6549419627154415,1862
minilm-l6,trec-dl-2020,raw,0.24000000000000002,0.24838012958963282,0.6514245515300738,1852
minilm-l6,trec-dl-2020,raw,0.25,0.25,0.6472036581076328,1840
minilm-l6,trec-dl-2020,raw,0.26,0.25177887246852765,0.6426310235666549,1827
minilm-l6,trec-dl-2020,raw,0.27,0.2521978021978022,0.6401688357368976,1820
minilm-l6,trec-dl-2020,raw,0.28,0.25303197353914003,0.6380583890256771,1814
minilm-l6,trec-dl-2020,raw,0.29000000000000004,0.253185595567867,0.6348927189588462,1805
minilm-l6,trec-dl-2020,raw,0.3,0.25403001667593106,0.6327822722476257,1799
minilm-l6,trec-dl-2020,raw,0.31,0.25559284116331094,0.6289131199437215,1788
minilm-l6,trec-dl-2020,raw,0.32,0.2564534231200898,0.6268026732325008,1782
minilm-l6,trec-dl-2020,raw,0.33,0.25690140845070425,0.6243404854027436,1775
minilm-l6,trec-dl-2020,raw,0.34,0.25879682179341656,0.6197678508617658,1762
minilm-l6,trec-dl-2020,raw,0.35000000000000003,0.26012549914432403,0.6166021807949349,1753
minilm-l6,trec-dl-2020,raw,0.36000000000000004,0.26146788990825687,0.6134365107281041,1744
minilm-l6,trec-dl-2020,raw,0.37,0.26252158894645944,0.6109743228983469,1737
minilm-l6,trec-dl-2020,raw,0.38,0.2643811737361999,0.6053464650017587,1721
minilm-l6,trec-dl-2020,raw,0.39,0.2654970760233918,0.6014773126978544,1710
minilm-l6,trec-dl-2020,raw,0.4,0.2658450704225352,0.5993668659866338,1704
minilm-l6,trec-dl-2020,raw,0.41000000000000003,0.266548463356974,0.5951459725641928,1692
minilm-l6,trec-dl-2020,raw,0.42000000000000004,0.2678147268408551,0.5923320436158988,1684
minilm-l6,trec-dl-2020,raw,0.43,0.26805970149253733,0.5891663735490679,1675
minilm-l6,trec-dl-2020,raw,0.44,0.2692307692307692,0.5852972212451636,1664
minilm-l6,trec-dl-2020,raw,0.45,0.2700906344410876,0.5821315511783327,1655
minilm-l6,trec-dl-2020,raw,0.46,0.2712378640776699,0.5796693633485754,1648
minilm-l6,trec-dl-2020,raw,0.47000000000000003,0.2727272727272727,0.5765036932817447,1639
minilm-l6,trec-dl-2020,raw,0.48000000000000004,0.27328431372549017,0.5740415054519873,1632
minilm-l6,trec-dl-2020,raw,0.49,0.2742927429274293,0.5719310587407668,1626
minilm-l6,trec-dl-2020,raw,0.5,0.27492260061919505,0.5680619064368625,1615
minilm-l6,trec-dl-2020,raw,0.51,0.2764632627646326,0.5648962363700316,1606
minilm-l6,trec-dl-2020,raw,0.52,0.2775,0.5627857896588111,1600
minilm-l6,trec-dl-2020,raw,0.53,0.2781954887218045,0.5613788251846641,1596
minilm-l6,trec-dl-2020,raw,0.54,0.278441231929604,0.5596201195919803,1591
minilm-l6,trec-dl-2020,raw,0.55,0.2798483891345546,0.5568061906436862,1583
minilm-l6,trec-dl-2020,raw,0.56,0.279467680608365,0.5550474850510024,1578
minilm-l6,trec-dl-2020,raw,0.5700000000000001,0.28061224489795916,0.5515300738656349,1568
minilm-l6,trec-dl-2020,raw,0.5800000000000001,0.28205128205128205,0.5487161449173409,1560
minilm-l6,trec-dl-2020,raw,0.59,0.28241335044929394,0.5480126626802673,1558
minilm-l6,trec-dl-2020,raw,0.6,0.28286082474226804,0.5459022159690468,1552
minilm-l6,trec-dl-2020,raw,0.61,0.2837750484809308,0.544143510376363,1547
minilm-l6,trec-dl-2020,raw,0.62,0.2850649350649351,0.5416813225466057,1540
minilm-l6,trec-dl-2020,raw,0.63,0.2858072916666667,0.5402743580724587,1536
minilm-l6,trec-dl-2020,raw,0.64,0.28627450980392155,0.5381639113612381,1530
minilm-l6,trec-dl-2020,raw,0.65,0.2874015748031496,0.5360534646500176,1524
minilm-l6,trec-dl-2020,raw,0.66,0.2887277521423863,0.5335912768202603,1517
minilm-l6,trec-dl-2020,raw,0.67,0.2901726427622842,0.5297221245163559,1506
minilm-l6,trec-dl-2020,raw,0.68,0.2901934623082055,0.5272599366865987,1499
minilm-l6,trec-dl-2020,raw,0.6900000000000001,0.2931266846361186,0.5219838199085474,1484
minilm-l6,trec-dl-2020,raw,0.7000000000000001,0.2956403269754768,0.5163559620119592,1468
minilm-l6,trec-dl-2020,raw,0.7100000000000001,0.29698216735253774,0.5128385508265916,1458
minilm-l6,trec-dl-2020,raw,0.72,0.29724137931034483,0.5100246218782976,1450
minilm-l6,trec-dl-2020,raw,0.73,0.29812369701181374,0.5061554695743933,1439
minilm-l6,trec-dl-2020,raw,0.74,0.3004201680672269,0.5022863172704889,1428
minilm-l6,trec-dl-2020,raw,0.75,0.3019000703729768,0.4998241294407316,1421
minilm-l6,trec-dl-2020,raw,0.76,0.30326704545454547,0.4952514948997538,1408
minilm-l6,trec-dl-2020,raw,0.77,0.3046594982078853,0.49067886035877595,1395
minilm-l6,trec-dl-2020,raw,0.78,0.3068017366136035,0.4861062258177981,1382
minilm-l6,trec-dl-2020,raw,0.79,0.30881281864530225,0.4829405557509673,1373
minilm-l6,trec-dl-2020,raw,0.8,0.3101173020527859,0.47977488568413645,1364
minilm-l6,trec-dl-2020,raw,0.81,0.31166912850812406,0.47625747449876893,1354
minilm-l6,trec-dl-2020,raw,0.8200000000000001,0.3144560357675112,0.47203658107632784,1342
minilm-l6,trec-dl-2020,raw,0.8300000000000001,0.31677953348382243,0.46746394653535,1329
minilm-l6,trec-dl-2020,raw,0.8400000000000001,0.3181818181818182,0.4642982764685192,1320
minilm-l6,trec-dl-2020,raw,0.85,0.32061068702290074,0.4607808652831516,1310
minilm-l6,trec-dl-2020,raw,0.86,0.3225058004640371,0.45480126626802675,1293
minilm-l6,trec-dl-2020,raw,0.87,0.32576350822239625,0.4491734083714386,1277
minilm-l6,trec-dl-2020,raw,0.88,0.3272438443208896,0.442842068237777,1259
minilm-l6,trec-dl-2020,raw,0.89,0.3300970873786408,0.4347520225114316,1236
minilm-l6,trec-dl-2020,raw,0.9,0.3333333333333333,0.42842068237777,1218
minilm-l6,trec-dl-2020,raw,0.91,0.33668341708542715,0.4199788955328878,1194
minilm-l6,trec-dl-2020,raw,0.92,0.3390264730999146,0.4118888498065424,1171
minilm-l6,trec-dl-2020,raw,0.93,0.343585237258348,0.4002813928948294,1138
minilm-l6,trec-dl-2020,raw,0.9400000000000001,0.35049683830171635,0.38937741822018995,1107
minilm-l6,trec-dl-2020,raw,0.9500000000000001,0.357609710550887,0.3767147379528667,1071
minilm-l6,trec-dl-2020,raw,0.9600000000000001,0.3612463485881207,0.36123812873724936,1027
minilm-l6,trec-dl-2020,raw,0.97,0.3730407523510972,0.3366162504396764,957
minilm-l6,trec-dl-2020,raw,0.98,0.39443155452436196,0.3032008441786845,862
minilm-l6,trec-dl-2020,raw,0.99,0.4274193548387097,0.2616953921913472,744
minilm-l6,trec-dl-2020,temp,0.01,0.16848399577910658,1.0,2843
minilm-l6,trec-dl-2020,temp,0.02,0.16848399577910658,1.0,2843
minilm-l6,trec-dl-2020,temp,0.03,0.16848399577910658,1.0,2843
minilm-l6,trec-dl-2020,temp,0.04,0.16848399577910658,1.0,2843
minilm-l6,trec-dl-2020,temp,0.05,0.16848399577910658,1.0,2843
minilm-l6,trec-dl-2020,temp,0.060000000000000005,0.16848399577910658,1.0,2843
minilm-l6,trec-dl-2020,temp,0.06999999999999999,0.16848399577910658,1.0,2843
minilm-l6,trec-dl-2020,temp,0.08,0.16848399577910658,1.0,2843
minilm-l6,trec-dl-2020,temp,0.09,0.16848399577910658,1.0,2843
minilm-l6,trec-dl-2020,temp,0.09999999999999999,0.16848399577910658,1.0,2843
minilm-l6,trec-dl-2020,temp,0.11,0.16848399577910658,1.0,2843
minilm-l6,trec-dl-2020,temp,0.12,0.16848399577910658,1.0,2843
minilm-l6,trec-dl-2020,temp,0.13,0.16848399577910658,1.0,2843
minilm-l6,trec-dl-2020,temp,0.14,0.16848399577910658,1.0,2843
minilm-l6,trec-dl-2020,temp,0.15000000000000002,0.16848399577910658,1.0,2843
minilm-l6,trec-dl-2020,temp,0.16,0.16848399577910658,1.0,2843
minilm-l6,trec-dl-2020,temp,0.17,0.16848399577910658,1.0,2843
minilm-l6,trec-dl-2020,temp,0.18000000000000002,0.16848399577910658,1.0,2843
minilm-l6,trec-dl-2020,temp,0.19,0.16848399577910658,1.0,2843
minilm-l6,trec-dl-2020,temp,0.2,0.16848399577910658,1.0,2843
minilm-l6,trec-dl-2020,temp,0.21000000000000002,0.16848399577910658,1.0,2843
minilm-l6,trec-dl-2020,temp,0.22,0.16848399577910658,1.0,2843
minilm-l6,trec-dl-2020,temp,0.23,0.16848399577910658,1.0,2843
minilm-l6,trec-dl-2020,temp,0.24000000000000002,0.1704626334519573,0.9883925430882871,2810
minilm-l6,trec-dl-2020,temp,0.25,0.17267483777937995,0.9757298628209637,2774
minilm-l6,trec-dl-2020,temp,0.26,0.17424518006547834,0.9669363348575448,2749
minilm-l6,trec-dl-2020,temp,0.27,0.17636229749631813,0.9553288779458319,2716
minilm-l6,trec-dl-2020,temp,0.28,0.1777365491651206,0.94794231445656,2695
minilm-l6,trec-dl-2020,temp,0.29000000000000004,0.17953523238380809,0.9384453042560675,2668
minilm-l6,trec-dl-2020,temp,0.3,0.18164580963215776,0.9275413295814281,2637
minilm-l6,trec-dl-2020,temp,0.31,0.18345461509000383,0.9183960604994724,2611
minilm-l6,trec-dl-2020,temp,0.32,0.1849129593810445,0.9092507914175167,2585
minilm-l6,trec-dl-2020,temp,0.33,0.18691222570532914,0.8976433345058037,2552
minilm-l6,trec-dl-2020,temp,0.34,0.18898573692551507,0.8877945831867745,2524
minilm-l6,trec-dl-2020,temp,0.35000000000000003,0.19141252006420545,0.8765388673935983,2492
minilm-l6,trec-dl-2020,temp,0.36000000000000004,0.1951718494271686,0.859655293703834,2444
minilm-l6,trec-dl-2020,temp,0.37,0.19858451290591175,0.8448821667252902,2402
minilm-l6,trec-dl-2020,temp,0.38,0.2026338147833475,0.8279985930355258,2354
minilm-l6,trec-dl-2020,temp,0.39,0.20623916811091855,0.8118185015828351,2308
minilm-l6,trec-dl-2020,temp,0.4,0.20996912218791355,0.797397115722828,2267
minilm-l6,trec-dl-2020,temp,0.41000000000000003,0.21293800539083557,0.7829757298628209,2226
minilm-l6,trec-dl-2020,temp,0.42000000000000004,0.21954608615099583,0.7594090749208583,2159
minilm-l6,trec-dl-2020,temp,0.43,0.22380952380952382,0.7386563489271896,2100
minilm-l6,trec-dl-2020,temp,0.44,0.22854340362923,0.7172001406964474,2039
minilm-l6,trec-dl-2020,temp,0.45,0.23508594539939331,0.6957439324657052,1978
minilm-l6,trec-dl-2020,temp,0.46,0.24358302776322682,0.6714737952866691,1909
minilm-l6,trec-dl-2020,temp,0.47000000000000003,0.24838012958963282,0.6514245515300738,1852
minilm-l6,trec-dl-2020,temp,0.48000000000000004,0.2561659192825112,0.6275061554695744,1784
minilm-l6,trec-dl-2020,temp,0.49,0.26635238656452564,0.5969046781568765,1697
minilm-l6,trec-dl-2020,temp,0.5,0.27492260061919505,0.5680619064368625,1615
minilm-l6,trec-dl-2020,temp,0.51,0.28267868641339344,0.5462539570875835,1553
minilm-l6,trec-dl-2020,temp,0.52,0.29116465863453816,0.5255012310939149,1494
minilm-l6,trec-dl-2020,temp,0.53,0.30326704545454547,0.4952514948997538,1408
minilm-l6,trec-dl-2020,temp,0.54,0.31516056758775207,0.47098135772071753,1339
minilm-l6,trec-dl-2020,temp,0.55,0.32600157109190886,0.4477664438972916,1273
minilm-l6,trec-dl-2020,temp,0.56,0.3369656328583403,0.41962715441435106,1193
minilm-l6,trec-dl-2020,temp,0.5700000000000001,0.3485663082437276,0.3925430882870207,1116
minilm-l6,trec-dl-2020,temp,0.5800000000000001,0.36153846153846153,0.3658107632782272,1040
minilm-l6,trec-dl-2020,temp,0.59,0.3746065057712487,0.33520928596552935,953
minilm-l6,trec-dl-2020,temp,0.6,0.39443155452436196,0.3032008441786845,862
minilm-l6,trec-dl-2020,temp,0.61,0.4124223602484472,0.28315160042208937,805
minilm-l6,trec-dl-2020,temp,0.62,0.43191196698762035,0.2557157931762223,727
minilm-l6,trec-dl-2020,temp,0.63,0.4459665144596651,0.2310939148786493,657
minilm-l6,trec-dl-2020,temp,0.64,0.45546218487394957,0.20928596552937037,595
minilm-l6,trec-dl-2020,temp,0.65,0.4832347140039448,0.17833274709813576,507
minilm-l6,trec-dl-2020,temp,0.66,0.5011337868480725,0.15511783327470982,441
minilm-l6,trec-dl-2020,temp,0.67,0.5218508997429306,0.13682729511079844,389
minilm-l6,trec-dl-2020,temp,0.68,0.5520504731861199,0.11150193457615196,317
minilm-l6,trec-dl-2020,temp,0.6900000000000001,0.5708661417322834,0.08934224410833626,254
minilm-l6,trec-dl-2020,temp,0.7000000000000001,0.6091370558375635,0.06929300035174112,197
minilm-l6,trec-dl-2020,temp,0.7100000000000001,0.5957446808510638,0.049595497713682726,141
minilm-l6,trec-dl-2020,temp,0.72,0.6382978723404256,0.03306366514245515,94
minilm-l6,trec-dl-2020,temp,0.73,0.625,0.01969750263805839,56
minilm-l6,trec-dl-2020,temp,0.74,,0.008441786844882167,24
minilm-l6,trec-dl-2020,temp,0.75,,0.0035174111853675696,10
minilm-l6,trec-dl-2020,temp,0.76,,0.00035174111853675694,1
minilm-l6,trec-dl-2020,temp,0.77,,0.0,0
minilm-l6,trec-dl-2020,temp,0.78,,0.0,0
minilm-l6,trec-dl-2020,temp,0.79,,0.0,0
minilm-l6,trec-dl-2020,temp,0.8,,0.0,0
minilm-l6,trec-dl-2020,temp,0.81,,0.0,0
minilm-l6,trec-dl-2020,temp,0.8200000000000001,,0.0,0
minilm-l6,trec-dl-2020,temp,0.8300000000000001,,0.0,0
minilm-l6,trec-dl-2020,temp,0.8400000000000001,,0.0,0
minilm-l6,trec-dl-2020,temp,0.85,,0.0,0
minilm-l6,trec-dl-2020,temp,0.86,,0.0,0
minilm-l6,trec-dl-2020,temp,0.87,,0.0,0
minilm-l6,trec-dl-2020,temp,0.88,,0.0,0
minilm-l6,trec-dl-2020,temp,0.89,,0.0,0
minilm-l6,trec-dl-2020,temp,0.9,,0.0,0
minilm-l6,trec-dl-2020,temp,0.91,,0.0,0
minilm-l6,trec-dl-2020,temp,0.92,,0.0,0
minilm-l6,trec-dl-2020,temp,0.93,,0.0,0
minilm-l6,trec-dl-2020,temp,0.9400000000000001,,0.0,0
minilm-l6,trec-dl-2020,temp,0.9500000000000001,,0.0,0
minilm-l6,trec-dl-2020,temp,0.9600000000000001,,0.0,0
minilm-l6,trec-dl-2020,temp,0.97,,0.0,0
minilm-l6,trec-dl-2020,temp,0.98,,0.0,0
minilm-l6,trec-dl-2020,temp,0.99,,0.0,0
minilm-l6,trec-dl-2020,platt,0.01,0.1886867088607595,0.8892015476609215,2528
minilm-l6,trec-dl-2020,platt,0.02,0.20623916811091855,0.8118185015828351,2308
minilm-l6,trec-dl-2020,platt,0.03,0.22004662004662004,0.7544846992613436,2145
minilm-l6,trec-dl-2020,platt,0.04,0.23207171314741035,0.706296166021808,2008
minilm-l6,trec-dl-2020,platt,0.05,0.24497354497354498,0.6647907140344707,1890
minilm-l6,trec-dl-2020,platt,0.060000000000000005,0.25559284116331094,0.6289131199437215,1788
minilm-l6,trec-dl-2020,platt,0.06999999999999999,0.26805970149253733,0.5891663735490679,1675
minilm-l6,trec-dl-2020,platt,0.08,0.278441231929604,0.5596201195919803,1591
minilm-l6,trec-dl-2020,platt,0.09,0.28608752449379493,0.5385156524797748,1531
minilm-l6,trec-dl-2020,platt,0.09999999999999999,0.29718599862731643,0.5124868097080548,1457
minilm-l6,trec-dl-2020,platt,0.11,0.3061959654178674,0.4882166725290186,1388
minilm-l6,trec-dl-2020,platt,0.12,0.3156320119670905,0.470277875483644,1337
minilm-l6,trec-dl-2020,platt,0.13,0.3235065942591156,0.4533943017938797,1289
minilm-l6,trec-dl-2020,platt,0.14,0.3300970873786408,0.4347520225114316,1236
minilm-l6,trec-dl-2020,platt,0.15000000000000002,0.33725820016820857,0.418220189940204,1189
minilm-l6,trec-dl-2020,platt,0.16,0.3438320209973753,0.4020400984875132,1143
minilm-l6,trec-dl-2020,platt,0.17,0.3527803099361896,0.38586000703482237,1097
minilm-l6,trec-dl-2020,platt,0.18000000000000002,0.35984848484848486,0.37143862117481535,1056
minilm-l6,trec-dl-2020,platt,0.19,0.361328125,0.3601829053816391,1024
minilm-l6,trec-dl-2020,platt,0.2,0.3712820512820513,0.342947590573338,975
minilm-l6,trec-dl-2020,platt,0.21000000000000002,0.3775620280474649,0.32606401688357367,927
minilm-l6,trec-dl-2020,platt,0.22,0.3887640449438202,0.31304959549771366,890
minilm-l6,trec-dl-2020,platt,0.23,0.3953216374269006,0.3007386563489272,855
minilm-l6,trec-dl-2020,platt,0.24000000000000002,0.4043321299638989,0.29229686950404504,831
minilm-l6,trec-dl-2020,platt,0.25,0.4124223602484472,0.28315160042208937,805
minilm-l6,trec-dl-2020,platt,0.26,0.41935483870967744,0.2725993668659866,775
minilm-l6,trec-dl-2020,platt,0.27,0.4266487213997308,0.26134365107281043,743
minilm-l6,trec-dl-2020,platt,0.28,0.43115438108484005,0.25290186422792826,719
minilm-l6,trec-dl-2020,platt,0.29000000000000004,0.4357864357864358,0.24375659514597256,693
minilm-l6,trec-dl-2020,platt,0.3,0.4434389140271493,0.23320436158986985,663
minilm-l6,trec-dl-2020,platt,0.31,0.446875,0.22511431586352446,640
minilm-l6,trec-dl-2020,platt,0.32,0.44983818770226536,0.2173760112557158,618
minilm-l6,trec-dl-2020,platt,0.33,0.45484949832775917,0.21034118888498066,598
minilm-l6,trec-dl-2020,platt,0.34,0.4660714285714286,0.1969750263805839,560
minilm-l6,trec-dl-2020,platt,0.35000000000000003,0.4701492537313433,0.18853323953570172,536
minilm-l6,trec-dl-2020,platt,0.36000000000000004,0.4794520547945205,0.1797397115722828,511
minilm-l6,trec-dl-2020,platt,0.37,0.48879837067209775,0.17270488920154767,491
minilm-l6,trec-dl-2020,platt,0.38,0.4829787234042553,0.16531832571227575,470
minilm-l6,trec-dl-2020,platt,0.39,0.49888641425389757,0.15793176222300387,449
minilm-l6,trec-dl-2020,platt,0.4,0.502283105022831,0.15406260991909954,438
minilm-l6,trec-dl-2020,platt,0.41000000000000003,0.5107913669064749,0.14667604642982765,417
minilm-l6,trec-dl-2020,platt,0.42000000000000004,0.5187032418952618,0.14104818853323953,401
minilm-l6,trec-dl-2020,platt,0.43,0.5219638242894057,0.13612381287372494,387
minilm-l6,trec-dl-2020,platt,0.44,0.5284552845528455,0.1297924727400633,369
minilm-l6,trec-dl-2020,platt,0.45,0.5356125356125356,0.1234611326064017,351
minilm-l6,trec-dl-2020,platt,0.46,0.5462962962962963,0.11396412240590925,324
minilm-l6,trec-dl-2020,platt,0.47000000000000003,0.5573770491803278,0.10728104115371087,305
minilm-l6,trec-dl-2020,platt,0.48000000000000004,0.5614035087719298,0.10024621878297572,285
minilm-l6,trec-dl-2020,platt,0.49,0.5601503759398496,0.09356313753077734,266
minilm-l6,trec-dl-2020,platt,0.5,0.5725490196078431,0.08969398522687302,255
minilm-l6,trec-dl-2020,platt,0.51,0.5743801652892562,0.08512135068589519,242
minilm-l6,trec-dl-2020,platt,0.52,0.5882352941176471,0.07773478719662329,221
minilm-l6,trec-dl-2020,platt,0.53,0.6,0.07386563489271895,210
minilm-l6,trec-dl-2020,platt,0.54,0.6137566137566137,0.06647907140344707,189
minilm-l6,trec-dl-2020,platt,0.55,0.6091954022988506,0.06120295462539571,174
minilm-l6,trec-dl-2020,platt,0.56,0.5949367088607594,0.055575096728807595,158
minilm-l6,trec-dl-2020,platt,0.5700000000000001,0.589041095890411,0.05135420330636652,146
minilm-l6,trec-dl-2020,platt,0.5800000000000001,0.5877862595419847,0.04607808652831516,131
minilm-l6,trec-dl-2020,platt,0.59,0.5932203389830508,0.04150545198733732,118
minilm-l6,trec-dl-2020,platt,0.6,0.6055045871559633,0.03833978192050651,109
minilm-l6,trec-dl-2020,platt,0.61,0.6382978723404256,0.03306366514245515,94
minilm-l6,trec-dl-2020,platt,0.62,0.6506024096385542,0.02919451283855083,83
minilm-l6,trec-dl-2020,platt,0.63,0.6338028169014085,0.024973619416109743,71
minilm-l6,trec-dl-2020,platt,0.64,0.6349206349206349,0.022159690467815688,63
minilm-l6,trec-dl-2020,platt,0.65,0.6226415094339622,0.018642279282448118,53
minilm-l6,trec-dl-2020,platt,0.66,0.6222222222222222,0.015828350334154064,45
minilm-l6,trec-dl-2020,platt,0.67,0.6857142857142857,0.012310939148786493,35
minilm-l6,trec-dl-2020,platt,0.68,,0.009848751319029195,28
minilm-l6,trec-dl-2020,platt,0.6900000000000001,,0.007386563489271896,21
minilm-l6,trec-dl-2020,platt,0.7000000000000001,,0.006683081252198382,19
minilm-l6,trec-dl-2020,platt,0.7100000000000001,,0.004220893422441084,12
minilm-l6,trec-dl-2020,platt,0.72,,0.0031656700668308124,9
minilm-l6,trec-dl-2020,platt,0.73,,0.001055223355610271,3
minilm-l6,trec-dl-2020,platt,0.74,,0.0007034822370735139,2
minilm-l6,trec-dl-2020,platt,0.75,,0.0007034822370735139,2
minilm-l6,trec-dl-2020,platt,0.76,,0.0,0
minilm-l6,trec-dl-2020,platt,0.77,,0.0,0
minilm-l6,trec-dl-2020,platt,0.78,,0.0,0
minilm-l6,trec-dl-2020,platt,0.79,,0.0,0
minilm-l6,trec-dl-2020,platt,0.8,,0.0,0
minilm-l6,trec-dl-2020,platt,0.81,,0.0,0
minilm-l6,trec-dl-2020,platt,0.8200000000000001,,0.0,0
minilm-l6,trec-dl-2020,platt,0.8300000000000001,,0.0,0
minilm-l6,trec-dl-2020,platt,0.8400000000000001,,0.0,0
minilm-l6,trec-dl-2020,platt,0.85,,0.0,0
minilm-l6,trec-dl-2020,platt,0.86,,0.0,0
minilm-l6,trec-dl-2020,platt,0.87,,0.0,0
minilm-l6,trec-dl-2020,platt,0.88,,0.0,0
minilm-l6,trec-dl-2020,platt,0.89,,0.0,0
minilm-l6,trec-dl-2020,platt,0.9,,0.0,0
minilm-l6,trec-dl-2020,platt,0.91,,0.0,0
minilm-l6,trec-dl-2020,platt,0.92,,0.0,0
minilm-l6,trec-dl-2020,platt,0.93,,0.0,0
minilm-l6,trec-dl-2020,platt,0.9400000000000001,,0.0,0
minilm-l6,trec-dl-2020,platt,0.9500000000000001,,0.0,0
minilm-l6,trec-dl-2020,platt,0.9600000000000001,,0.0,0
minilm-l6,trec-dl-2020,platt,0.97,,0.0,0
minilm-l6,trec-dl-2020,platt,0.98,,0.0,0
minilm-l6,trec-dl-2020,platt,0.99,,0.0,0
minilm-l6,trec-dl-2020,iso,0.01,0.19850187265917604,0.8452339078438269,2403
minilm-l6,trec-dl-2020,iso,0.02,0.21467391304347827,0.7766443897291594,2208
minilm-l6,trec-dl-2020,iso,0.03,0.23012345679012347,0.7122757650369328,2025
minilm-l6,trec-dl-2020,iso,0.04,0.23023715415019763,0.711924023918396,2024
minilm-l6,trec-dl-2020,iso,0.05,0.250272034820457,0.6465001758705593,1838
minilm-l6,trec-dl-2020,iso,0.060000000000000005,0.25040827436037016,0.6461484347520225,1837
minilm-l6,trec-dl-2020,iso,0.06999999999999999,0.266548463356974,0.5951459725641928,1692
minilm-l6,trec-dl-2020,iso,0.08,0.266548463356974,0.5951459725641928,1692
minilm-l6,trec-dl-2020,iso,0.09,0.266548463356974,0.5951459725641928,1692
minilm-l6,trec-dl-2020,iso,0.09999999999999999,0.280202403542062,0.5561027084066127,1581
minilm-l6,trec-dl-2020,iso,0.11,0.28608752449379493,0.5385156524797748,1531
minilm-l6,trec-dl-2020,iso,0.12,0.3101173020527859,0.47977488568413645,1364
minilm-l6,trec-dl-2020,iso,0.13,0.3101173020527859,0.47977488568413645,1364
minilm-l6,trec-dl-2020,iso,0.14,0.3101173020527859,0.47977488568413645,1364
minilm-l6,trec-dl-2020,iso,0.15000000000000002,0.3169811320754717,0.46605698206120294,1325
minilm-l6,trec-dl-2020,iso,0.16,0.40758873929008566,0.28737249384453045,817
minilm-l6,trec-dl-2020,iso,0.17,0.40758873929008566,0.28737249384453045,817
minilm-l6,trec-dl-2020,iso,0.18000000000000002,0.40758873929008566,0.28737249384453045,817
minilm-l6,trec-dl-2020,iso,0.19,0.40758873929008566,0.28737249384453045,817
minilm-l6,trec-dl-2020,iso,0.2,0.40758873929008566,0.28737249384453045,817
minilm-l6,trec-dl-2020,iso,0.21000000000000002,0.41740226986128626,0.2789307069996483,793
minilm-l6,trec-dl-2020,iso,0.22,0.41740226986128626,0.2789307069996483,793
minilm-l6,trec-dl-2020,iso,0.23,0.41740226986128626,0.2789307069996483,793
minilm-l6,trec-dl-2020,iso,0.24000000000000002,0.41740226986128626,0.2789307069996483,793
minilm-l6,trec-dl-2020,iso,0.25,0.41740226986128626,0.2789307069996483,793
minilm-l6,trec-dl-2020,iso,0.26,0.41935483870967744,0.2725993668659866,775
minilm-l6,trec-dl-2020,iso,0.27,0.41935483870967744,0.2725993668659866,775
minilm-l6,trec-dl-2020,iso,0.28,0.4198966408268734,0.2722476257474499,774
minilm-l6,trec-dl-2020,iso,0.29000000000000004,0.43232044198895025,0.254660569820612,724
minilm-l6,trec-dl-2020,iso,0.3,0.4665461121157324,0.1945128385508266,553
minilm-l6,trec-dl-2020,iso,0.31,0.4665461121157324,0.1945128385508266,553
minilm-l6,trec-dl-2020,iso,0.32,0.47766990291262135,0.18114667604642984,515
minilm-l6,trec-dl-2020,iso,0.33,0.47766990291262135,0.18114667604642984,515
minilm-l6,trec-dl-2020,iso,0.34,0.47766990291262135,0.18114667604642984,515
minilm-l6,trec-dl-2020,iso,0.35000000000000003,0.47766990291262135,0.18114667604642984,515
minilm-l6,trec-dl-2020,iso,0.36000000000000004,0.47766990291262135,0.18114667604642984,515
minilm-l6,trec-dl-2020,iso,0.37,0.47766990291262135,0.18114667604642984,515
minilm-l6,trec-dl-2020,iso,0.38,0.47766990291262135,0.18114667604642984,515
minilm-l6,trec-dl-2020,iso,0.39,0.47766990291262135,0.18114667604642984,515
minilm-l6,trec-dl-2020,iso,0.4,0.47766990291262135,0.18114667604642984,515
minilm-l6,trec-dl-2020,iso,0.41000000000000003,0.5046511627906977,0.1512486809708055,430
minilm-l6,trec-dl-2020,iso,0.42000000000000004,0.5058275058275058,0.15089693985226874,429
minilm-l6,trec-dl-2020,iso,0.43,0.5070093457943925,0.15054519873373198,428
minilm-l6,trec-dl-2020,iso,0.44,0.5380116959064327,0.12029546253957088,342
minilm-l6,trec-dl-2020,iso,0.45,0.5395894428152492,0.11994372142103411,341
minilm-l6,trec-dl-2020,iso,0.46,0.544891640866873,0.1136123812873725,323
minilm-l6,trec-dl-2020,iso,0.47000000000000003,0.544891640866873,0.1136123812873725,323
minilm-l6,trec-dl-2020,iso,0.48000000000000004,0.544891640866873,0.1136123812873725,323
minilm-l6,trec-dl-2020,iso,0.49,0.544891640866873,0.1136123812873725,323
minilm-l6,trec-dl-2020,iso,0.5,0.544891640866873,0.1136123812873725,323
minilm-l6,trec-dl-2020,iso,0.51,0.544891640866873,0.1136123812873725,323
minilm-l6,trec-dl-2020,iso,0.52,0.5793650793650794,0.044319380935631376,126
minilm-l6,trec-dl-2020,iso,0.53,0.5793650793650794,0.044319380935631376,126
minilm-l6,trec-dl-2020,iso,0.54,0.5793650793650794,0.044319380935631376,126
minilm-l6,trec-dl-2020,iso,0.55,0.5793650793650794,0.044319380935631376,126
minilm-l6,trec-dl-2020,iso,0.56,0.5793650793650794,0.044319380935631376,126
minilm-l6,trec-dl-2020,iso,0.5700000000000001,0.584,0.04396763981709462,125
minilm-l6,trec-dl-2020,iso,0.5800000000000001,0.625,0.022511431586352444,64
minilm-l6,trec-dl-2020,iso,0.59,0.6382978723404256,0.016531832571227575,47
minilm-l6,trec-dl-2020,iso,0.6,0.6382978723404256,0.016531832571227575,47
minilm-l6,trec-dl-2020,iso,0.61,0.6382978723404256,0.016531832571227575,47
minilm-l6,trec-dl-2020,iso,0.62,0.6382978723404256,0.016531832571227575,47
minilm-l6,trec-dl-2020,iso,0.63,0.6382978723404256,0.016531832571227575,47
minilm-l6,trec-dl-2020,iso,0.64,0.6382978723404256,0.016531832571227575,47
minilm-l6,trec-dl-2020,iso,0.65,0.6304347826086957,0.01618009145269082,46
minilm-l6,trec-dl-2020,iso,0.66,0.6304347826086957,0.01618009145269082,46
minilm-l6,trec-dl-2020,iso,0.67,0.6304347826086957,0.01618009145269082,46
minilm-l6,trec-dl-2020,iso,0.68,0.6304347826086957,0.01618009145269082,46
minilm-l6,trec-dl-2020,iso,0.6900000000000001,0.6304347826086957,0.01618009145269082,46
minilm-l6,trec-dl-2020,iso,0.7000000000000001,0.6304347826086957,0.01618009145269082,46
minilm-l6,trec-dl-2020,iso,0.7100000000000001,0.6304347826086957,0.01618009145269082,46
minilm-l6,trec-dl-2020,iso,0.72,0.6222222222222222,0.015828350334154064,45
minilm-l6,trec-dl-2020,iso,0.73,0.6222222222222222,0.015828350334154064,45
minilm-l6,trec-dl-2020,iso,0.74,0.6222222222222222,0.015828350334154064,45
minilm-l6,trec-dl-2020,iso,0.75,0.6222222222222222,0.015828350334154064,45
minilm-l6,trec-dl-2020,iso,0.76,0.6222222222222222,0.015828350334154064,45
minilm-l6,trec-dl-2020,iso,0.77,0.6222222222222222,0.015828350334154064,45
minilm-l6,trec-dl-2020,iso,0.78,,0.007034822370735139,20
minilm-l6,trec-dl-2020,iso,0.79,,0.007034822370735139,20
minilm-l6,trec-dl-2020,iso,0.8,,0.007034822370735139,20
minilm-l6,trec-dl-2020,iso,0.81,,0.006683081252198382,19
minilm-l6,trec-dl-2020,iso,0.8200000000000001,,0.006683081252198382,19
minilm-l6,trec-dl-2020,iso,0.8300000000000001,,0.006683081252198382,19
minilm-l6,trec-dl-2020,iso,0.8400000000000001,,0.006683081252198382,19
minilm-l6,trec-dl-2020,iso,0.85,,0.006683081252198382,19
minilm-l6,trec-dl-2020,iso,0.86,,0.006331340133661625,18
minilm-l6,trec-dl-2020,iso,0.87,,0.006331340133661625,18
minilm-l6,trec-dl-2020,iso,0.88,,0.006331340133661625,18
minilm-l6,trec-dl-2020,iso,0.89,,0.006331340133661625,18
minilm-l6,trec-dl-2020,iso,0.9,,0.006331340133661625,18
minilm-l6,trec-dl-2020,iso,0.91,,0.006331340133661625,18
minilm-l6,trec-dl-2020,iso,0.92,,0.006331340133661625,18
minilm-l6,trec-dl-2020,iso,0.93,,0.005979599015124868,17
minilm-l6,trec-dl-2020,iso,0.9400000000000001,,0.005979599015124868,17
minilm-l6,trec-dl-2020,iso,0.9500000000000001,,0.005627857896588111,16
minilm-l6,trec-dl-2020,iso,0.9600000000000001,,0.005627857896588111,16
minilm-l6,trec-dl-2020,iso,0.97,,0.005276116778051354,15
minilm-l6,trec-dl-2020,iso,0.98,,0.005276116778051354,15
minilm-l6,trec-dl-2020,iso,0.99,,0.005276116778051354,15
minilm-l6,trec-dl-2020,temp_lodo,0.01,0.16848399577910658,1.0,2843
minilm-l6,trec-dl-2020,temp_lodo,0.02,0.16848399577910658,1.0,2843
minilm-l6,trec-dl-2020,temp_lodo,0.03,0.16848399577910658,1.0,2843
minilm-l6,trec-dl-2020,temp_lodo,0.04,0.16848399577910658,1.0,2843
minilm-l6,trec-dl-2020,temp_lodo,0.05,0.16848399577910658,1.0,2843
minilm-l6,trec-dl-2020,temp_lodo,0.060000000000000005,0.16848399577910658,1.0,2843
minilm-l6,trec-dl-2020,temp_lodo,0.06999999999999999,0.16848399577910658,1.0,2843
minilm-l6,trec-dl-2020,temp_lodo,0.08,0.16848399577910658,1.0,2843
minilm-l6,trec-dl-2020,temp_lodo,0.09,0.16848399577910658,1.0,2843
minilm-l6,trec-dl-2020,temp_lodo,0.09999999999999999,0.16848399577910658,1.0,2843
minilm-l6,trec-dl-2020,temp_lodo,0.11,0.16848399577910658,1.0,2843
minilm-l6,trec-dl-2020,temp_lodo,0.12,0.16961756373937678,0.9933169187478016,2824
minilm-l6,trec-dl-2020,temp_lodo,0.13,0.17205459770114942,0.9792472740063314,2784
minilm-l6,trec-dl-2020,temp_lodo,0.14,0.17380261248185777,0.9693985226873022,2756
minilm-l6,trec-dl-2020,temp_lodo,0.15000000000000002,0.17520117044623262,0.9616602180794935,2734
minilm-l6,trec-dl-2020,temp_lodo,0.16,0.1770140428677014,0.9518114667604644,2706
minilm-l6,trec-dl-2020,temp_lodo,0.17,0.17800074321813453,0.946535349982413,2691
minilm-l6,trec-dl-2020,temp_lodo,0.18000000000000002,0.17960254968128983,0.9380935631375308,2667
minilm-l6,trec-dl-2020,temp_lodo,0.19,0.1815081470253884,0.9282448118185016,2639
minilm-l6,trec-dl-2020,temp_lodo,0.2,0.1828942344406262,0.9212099894477664,2619
minilm-l6,trec-dl-2020,temp_lodo,0.21000000000000002,0.1840891621829362,0.9152303904326415,2602
minilm-l6,trec-dl-2020,temp_lodo,0.22,0.1857031857031857,0.9053816391136124,2574
minilm-l6,trec-dl-2020,temp_lodo,0.23,0.18661971830985916,0.8990502989799507,2556
minilm-l6,trec-dl-2020,temp_lodo,0.24000000000000002,0.18838862559241706,0.8906085121350686,2532
minilm-l6,trec-dl-2020,temp_lodo,0.25,0.19034317637669593,0.8814632430531129,2506
minilm-l6,trec-dl-2020,temp_lodo,0.26,0.1917202572347267,0.8751319029194513,2488
minilm-l6,trec-dl-2020,temp_lodo,0.27,0.19437652811735942,0.8631727048892015,2454
minilm-l6,trec-dl-2020,temp_lodo,0.28,0.1966199505358615,0.8533239535701723,2426
minilm-l6,trec-dl-2020,temp_lodo,0.29000000000000004,0.19908180300500836,0.8427717200140696,2396
minilm-l6,trec-dl-2020,temp_lodo,0.3,0.20169133192389008,0.8318677453394302,2365
minilm-l6,trec-dl-2020,temp_lodo,0.31,0.20385438972162742,0.8213155117833275,2335
minilm-l6,trec-dl-2020,temp_lodo,0.32,0.20704654197477165,0.8086528315160042,2299
minilm-l6,trec-dl-2020,temp_lodo,0.33,0.20923076923076922,0.800211044671122,2275
minilm-l6,trec-dl-2020,temp_lodo,0.34,0.2113676731793961,0.7921209989447766,2252
minilm-l6,trec-dl-2020,temp_lodo,0.35000000000000003,0.21293800539083557,0.7829757298628209,2226
minilm-l6,trec-dl-2020,temp_lodo,0.36000000000000004,0.2165372316126085,0.769961308476961,2189
minilm-l6,trec-dl-2020,temp_lodo,0.37,0.22014925373134328,0.7541329581428069,2144
minilm-l6,trec-dl-2020,temp_lodo,0.38,0.22401518747033697,0.7411185367569468,2107
minilm-l6,trec-dl-2020,temp_lodo,0.39,0.22635135135135134,0.7288075976081604,2072
minilm-l6,trec-dl-2020,temp_lodo,0.4,0.2288801571709234,0.7161449173408372,2036
minilm-l6,trec-dl-2020,temp_lodo,0.41000000000000003,0.23288355822088955,0.7038339781920506,2001
minilm-l6,trec-dl-2020,temp_lodo,0.42000000000000004,0.23712391636919938,0.6897643334505804,1961
minilm-l6,trec-dl-2020,temp_lodo,0.43,0.2424400417101147,0.6746394653534998,1918
minilm-l6,trec-dl-2020,temp_lodo,0.44,0.2454931071049841,0.6633837495603236,1886
minilm-l6,trec-dl-2020,temp_lodo,0.45,0.24918743228602383,0.6493141048188533,1846
minilm-l6,trec-dl-2020,temp_lodo,0.46,0.25303867403314917,0.6366514245515301,1810
minilm-l6,trec-dl-2020,temp_lodo,0.47000000000000003,0.2579185520361991,0.6218782975729863,1768
minilm-l6,trec-dl-2020,temp_lodo,0.48000000000000004,0.2654970760233918,0.6014773126978544,1710
minilm-l6,trec-dl-2020,temp_lodo,0.49,0.26971703792895846,0.5842419978895533,1661
minilm-l6,trec-dl-2020,temp_lodo,0.5,0.27492260061919505,0.5680619064368625,1615
minilm-l6,trec-dl-2020,temp_lodo,0.51,0.28037974683544303,0.5557509672880759,1580
minilm-l6,trec-dl-2020,temp_lodo,0.52,0.2837750484809308,0.544143510376363,1547
minilm-l6,trec-dl-2020,temp_lodo,0.53,0.28863936591809775,0.53253605346465,1514
minilm-l6,trec-dl-2020,temp_lodo,0.54,0.29718599862731643,0.5124868097080548,1457
minilm-l6,trec-dl-2020,temp_lodo,0.55,0.3024079320113314,0.4966584593739008,1412
minilm-l6,trec-dl-2020,temp_lodo,0.56,0.31016825164594003,0.48083010903974677,1367
minilm-l6,trec-dl-2020,temp_lodo,0.5700000000000001,0.3170180722891566,0.46711220541681325,1328
minilm-l6,trec-dl-2020,temp_lodo,0.5800000000000001,0.32325581395348835,0.45374604291241644,1290
minilm-l6,trec-dl-2020,temp_lodo,0.59,0.3287781350482315,0.43756595145972565,1244
minilm-l6,trec-dl-2020,temp_lodo,0.6,0.33666666666666667,0.4220893422441083,1200
minilm-l6,trec-dl-2020,temp_lodo,0.61,0.34256055363321797,0.40661273302849105,1156
minilm-l6,trec-dl-2020,temp_lodo,0.62,0.3508137432188065,0.3890256771016532,1106
minilm-l6,trec-dl-2020,temp_lodo,0.63,0.3597733711048159,0.3724938445304256,1059
minilm-l6,trec-dl-2020,temp_lodo,0.64,0.36283185840707965,0.35772071755188184,1017
minilm-l6,trec-dl-2020,temp_lodo,0.65,0.375,0.3348575448469926,952
minilm-l6,trec-dl-2020,temp_lodo,0.66,0.38598442714126807,0.3162152655645445,899
minilm-l6,trec-dl-2020,temp_lodo,0.67,0.39811542991755006,0.29862820963770664,849
minilm-l6,trec-dl-2020,temp_lodo,0.68,0.41060419235511714,0.2852620471333099,811
minilm-l6,trec-dl-2020,temp_lodo,0.6900000000000001,0.4204993429697766,0.26767499120647203,761
minilm-l6,trec-dl-2020,temp_lodo,0.7000000000000001,0.43175487465181056,0.2525501231093915,718
minilm-l6,trec-dl-2020,temp_lodo,0.7100000000000001,0.4421052631578947,0.23390784382694338,665
minilm-l6,trec-dl-2020,temp_lodo,0.72,0.45161290322580644,0.2180794934927893,620
minilm-l6,trec-dl-2020,temp_lodo,0.73,0.46194690265486726,0.19873373197326769,565
minilm-l6,trec-dl-2020,temp_lodo,0.74,0.4794520547945205,0.1797397115722828,511
minilm-l6,trec-dl-2020,temp_lodo,0.75,0.4870689655172414,0.1632078790010552,464
minilm-l6,trec-dl-2020,temp_lodo,0.76,0.508235294117647,0.1494899753781217,425
minilm-l6,trec-dl-2020,temp_lodo,0.77,0.522077922077922,0.13542033063665143,385
minilm-l6,trec-dl-2020,temp_lodo,0.78,0.5468277945619335,0.11642631023566655,331
minilm-l6,trec-dl-2020,temp_lodo,0.79,0.5587188612099644,0.0988392543088287,281
minilm-l6,trec-dl-2020,temp_lodo,0.8,0.5805084745762712,0.08301090397467464,236
minilm-l6,trec-dl-2020,temp_lodo,0.81,0.6137566137566137,0.06647907140344707,189
minilm-l6,trec-dl-2020,temp_lodo,0.8200000000000001,0.6013986013986014,0.050298979950756245,143
minilm-l6,trec-dl-2020,temp_lodo,0.8300000000000001,0.6190476190476191,0.03693281744635948,105
minilm-l6,trec-dl-2020,temp_lodo,0.8400000000000001,0.6417910447761194,0.023566654941962716,67
minilm-l6,trec-dl-2020,temp_lodo,0.85,0.6486486486486487,0.013014421385860007,37
minilm-l6,trec-dl-2020,temp_lodo,0.86,,0.006683081252198382,19
minilm-l6,trec-dl-2020,temp_lodo,0.87,,0.001055223355610271,3
minilm-l6,trec-dl-2020,temp_lodo,0.88,,0.0,0
minilm-l6,trec-dl-2020,temp_lodo,0.89,,0.0,0
minilm-l6,trec-dl-2020,temp_lodo,0.9,,0.0,0
minilm-l6,trec-dl-2020,temp_lodo,0.91,,0.0,0
minilm-l6,trec-dl-2020,temp_lodo,0.92,,0.0,0
minilm-l6,trec-dl-2020,temp_lodo,0.93,,0.0,0
minilm-l6,trec-dl-2020,temp_lodo,0.9400000000000001,,0.0,0
minilm-l6,trec-dl-2020,temp_lodo,0.9500000000000001,,0.0,0
minilm-l6,trec-dl-2020,temp_lodo,0.9600000000000001,,0.0,0
minilm-l6,trec-dl-2020,temp_lodo,0.97,,0.0,0
minilm-l6,trec-dl-2020,temp_lodo,0.98,,0.0,0
minilm-l6,trec-dl-2020,temp_lodo,0.99,,0.0,0
minilm-l6,webis-touche2020,raw,0.01,0.803448275862069,0.9119496855345912,290
minilm-l6,webis-touche2020,raw,0.02,0.8091872791519434,0.889937106918239,283
minilm-l6,webis-touche2020,raw,0.03,0.8188405797101449,0.8679245283018868,276
minilm-l6,webis-touche2020,raw,0.04,0.8175182481751825,0.8616352201257862,274
minilm-l6,webis-touche2020,raw,0.05,0.8265682656826568,0.8522012578616353,271
minilm-l6,webis-touche2020,raw,0.060000000000000005,0.828996282527881,0.8459119496855346,269
minilm-l6,webis-touche2020,raw,0.06999999999999999,0.828996282527881,0.8459119496855346,269
minilm-l6,webis-touche2020,raw,0.08,0.832089552238806,0.8427672955974843,268
minilm-l6,webis-touche2020,raw,0.09,0.8352059925093633,0.839622641509434,267
minilm-l6,webis-touche2020,raw,0.09999999999999999,0.8352059925093633,0.839622641509434,267
minilm-l6,webis-touche2020,raw,0.11,0.8352059925093633,0.839622641509434,267
minilm-l6,webis-touche2020,raw,0.12,0.8345864661654135,0.8364779874213837,266
minilm-l6,webis-touche2020,raw,0.13,0.8377358490566038,0.8333333333333334,265
minilm-l6,webis-touche2020,raw,0.14,0.8371212121212122,0.8301886792452831,264
minilm-l6,webis-touche2020,raw,0.15000000000000002,0.8365019011406845,0.8270440251572327,263
minilm-l6,webis-touche2020,raw,0.16,0.8396946564885496,0.8238993710691824,262
minilm-l6,webis-touche2020,raw,0.17,0.8396946564885496,0.8238993710691824,262
minilm-l6,webis-touche2020,raw,0.18000000000000002,0.8396946564885496,0.8238993710691824,262
minilm-l6,webis-touche2020,raw,0.19,0.8396946564885496,0.8238993710691824,262
minilm-l6,webis-touche2020,raw,0.2,0.8384615384615385,0.8176100628930818,260
minilm-l6,webis-touche2020,raw,0.21000000000000002,0.8384615384615385,0.8176100628930818,260
minilm-l6,webis-touche2020,raw,0.22,0.8378378378378378,0.8144654088050315,259
minilm-l6,webis-touche2020,raw,0.23,0.8372093023255814,0.8113207547169812,258
minilm-l6,webis-touche2020,raw,0.24000000000000002,0.83984375,0.8050314465408805,256
minilm-l6,webis-touche2020,raw,0.25,0.83984375,0.8050314465408805,256
minilm-l6,webis-touche2020,raw,0.26,0.8392156862745098,0.8018867924528302,255
minilm-l6,webis-touche2020,raw,0.27,0.8458498023715415,0.7955974842767296,253
minilm-l6,webis-touche2020,raw,0.28,0.848605577689243,0.789308176100629,251
minilm-l6,webis-touche2020,raw,0.29000000000000004,0.848605577689243,0.789308176100629,251
minilm-l6,webis-touche2020,raw,0.3,0.848605577689243,0.789308176100629,251
minilm-l6,webis-touche2020,raw,0.31,0.848,0.7861635220125787,250
minilm-l6,webis-touche2020,raw,0.32,0.8514056224899599,0.7830188679245284,249
minilm-l6,webis-touche2020,raw,0.33,0.8514056224899599,0.7830188679245284,249
minilm-l6,webis-touche2020,raw,0.34,0.8548387096774194,0.779874213836478,248
minilm-l6,webis-touche2020,raw,0.35000000000000003,0.8548387096774194,0.779874213836478,248
minilm-l6,webis-touche2020,raw,0.36000000000000004,0.854251012145749,0.7767295597484277,247
minilm-l6,webis-touche2020,raw,0.37,0.8536585365853658,0.7735849056603774,246
minilm-l6,webis-touche2020,raw,0.38,0.8524590163934426,0.7672955974842768,244
minilm-l6,webis-touche2020,raw,0.39,0.8518518518518519,0.7641509433962265,243
minilm-l6,webis-touche2020,raw,0.4,0.8553719008264463,0.7610062893081762,242
minilm-l6,webis-touche2020,raw,0.41000000000000003,0.8553719008264463,0.7610062893081762,242
minilm-l6,webis-touche2020,raw,0.42000000000000004,0.8553719008264463,0.7610062893081762,242
minilm-l6,webis-touche2020,raw,0.43,0.8553719008264463,0.7610062893081762,242
minilm-l6,webis-touche2020,raw,0.44,0.8541666666666666,0.7547169811320755,240
minilm-l6,webis-touche2020,raw,0.45,0.8541666666666666,0.7547169811320755,240
minilm-l6,webis-touche2020,raw,0.46,0.8529411764705882,0.7484276729559748,238
minilm-l6,webis-touche2020,raw,0.47000000000000003,0.8523206751054853,0.7452830188679245,237
minilm-l6,webis-touche2020,raw,0.48000000000000004,0.8516949152542372,0.7421383647798742,236
minilm-l6,webis-touche2020,raw,0.49,0.8504273504273504,0.7358490566037735,234
minilm-l6,webis-touche2020,raw,0.5,0.8504273504273504,0.7358490566037735,234
minilm-l6,webis-touche2020,raw,0.51,0.8497854077253219,0.7327044025157232,233
minilm-l6,webis-touche2020,raw,0.52,0.8497854077253219,0.7327044025157232,233
minilm-l6,webis-touche2020,raw,0.53,0.8497854077253219,0.7327044025157232,233
minilm-l6,webis-touche2020,raw,0.54,0.8497854077253219,0.7327044025157232,233
minilm-l6,webis-touche2020,raw,0.55,0.8497854077253219,0.7327044025157232,233
minilm-l6,webis-touche2020,raw,0.56,0.8491379310344828,0.7295597484276729,232
minilm-l6,webis-touche2020,raw,0.5700000000000001,0.8491379310344828,0.7295597484276729,232
minilm-l6,webis-touche2020,raw,0.5800000000000001,0.8478260869565217,0.7232704402515723,230
minilm-l6,webis-touche2020,raw,0.59,0.8478260869565217,0.7232704402515723,230
minilm-l6,webis-touche2020,raw,0.6,0.8471615720524017,0.720125786163522,229
minilm-l6,webis-touche2020,raw,0.61,0.8458149779735683,0.7138364779874213,227
minilm-l6,webis-touche2020,raw,0.62,0.8458149779735683,0.7138364779874213,227
minilm-l6,webis-touche2020,raw,0.63,0.8451327433628318,0.710691823899371,226
minilm-l6,webis-touche2020,raw,0.64,0.8468468468468469,0.6981132075471698,222
minilm-l6,webis-touche2020,raw,0.65,0.8468468468468469,0.6981132075471698,222
minilm-l6,webis-touche2020,raw,0.66,0.8506787330316742,0.6949685534591195,221
minilm-l6,webis-touche2020,raw,0.67,0.8506787330316742,0.6949685534591195,221
minilm-l6,webis-touche2020,raw,0.68,0.8506787330316742,0.6949685534591195,221
minilm-l6,webis-touche2020,raw,0.6900000000000001,0.8493150684931506,0.6886792452830188,219
minilm-l6,webis-touche2020,raw,0.7000000000000001,0.8486238532110092,0.6855345911949685,218
minilm-l6,webis-touche2020,raw,0.7100000000000001,0.8472222222222222,0.6792452830188679,216
minilm-l6,webis-touche2020,raw,0.72,0.8465116279069768,0.6761006289308176,215
minilm-l6,webis-touche2020,raw,0.73,0.8465116279069768,0.6761006289308176,215
minilm-l6,webis-touche2020,raw,0.74,0.8465116279069768,0.6761006289308176,215
minilm-l6,webis-touche2020,raw,0.75,0.8457943925233645,0.6729559748427673,214
minilm-l6,webis-touche2020,raw,0.76,0.8443396226415094,0.6666666666666666,212
minilm-l6,webis-touche2020,raw,0.77,0.8443396226415094,0.6666666666666666,212
minilm-l6,webis-touche2020,raw,0.78,0.8443396226415094,0.6666666666666666,212
minilm-l6,webis-touche2020,raw,0.79,0.84688995215311,0.6572327044025157,209
minilm-l6,webis-touche2020,raw,0.8,0.8461538461538461,0.6540880503144654,208
minilm-l6,webis-touche2020,raw,0.81,0.8446601941747572,0.6477987421383647,206
minilm-l6,webis-touche2020,raw,0.8200000000000001,0.8439024390243902,0.6446540880503144,205
minilm-l6,webis-touche2020,raw,0.8300000000000001,0.8431372549019608,0.6415094339622641,204
minilm-l6,webis-touche2020,raw,0.8400000000000001,0.8423645320197044,0.6383647798742138,203
minilm-l6,webis-touche2020,raw,0.85,0.845771144278607,0.6320754716981132,201
minilm-l6,webis-touche2020,raw,0.86,0.845771144278607,0.6320754716981132,201
minilm-l6,webis-touche2020,raw,0.87,0.8434343434343434,0.6226415094339622,198
minilm-l6,webis-touche2020,raw,0.88,0.8426395939086294,0.6194968553459119,197
minilm-l6,webis-touche2020,raw,0.89,0.8393782383419689,0.6069182389937107,193
minilm-l6,webis-touche2020,raw,0.9,0.8385416666666666,0.6037735849056604,192
minilm-l6,webis-touche2020,raw,0.91,0.837696335078534,0.60062893081761,191
minilm-l6,webis-touche2020,raw,0.92,0.8412698412698413,0.5943396226415094,189
minilm-l6,webis-touche2020,raw,0.93,0.839572192513369,0.5880503144654088,187
minilm-l6,webis-touche2020,raw,0.9400000000000001,0.839572192513369,0.5880503144654088,187
minilm-l6,webis-touche2020,raw,0.9500000000000001,0.8415300546448088,0.5754716981132075,183
minilm-l6,webis-touche2020,raw,0.9600000000000001,0.8379888268156425,0.5628930817610063,179
minilm-l6,webis-touche2020,raw,0.97,0.8362573099415205,0.5377358490566038,171
minilm-l6,webis-touche2020,raw,0.98,0.8271604938271605,0.5094339622641509,162
minilm-l6,webis-touche2020,raw,0.99,0.8125,0.4528301886792453,144
minilm-l6,webis-touche2020,temp,0.01,0.779874213836478,1.0,318
minilm-l6,webis-touche2020,temp,0.02,0.779874213836478,1.0,318
minilm-l6,webis-touche2020,temp,0.03,0.779874213836478,1.0,318
minilm-l6,webis-touche2020,temp,0.04,0.779874213836478,1.0,318
minilm-l6,webis-touche2020,temp,0.05,0.779874213836478,1.0,318
minilm-l6,webis-touche2020,temp,0.060000000000000005,0.779874213836478,1.0,318
minilm-l6,webis-touche2020,temp,0.06999999999999999,0.779874213836478,1.0,318
minilm-l6,webis-touche2020,temp,0.08,0.779874213836478,1.0,318
minilm-l6,webis-touche2020,temp,0.09,0.779874213836478,1.0,318
minilm-l6,webis-touche2020,temp,0.09999999999999999,0.779874213836478,1.0,318
minilm-l6,webis-touche2020,temp,0.11,0.7823343848580442,0.9968553459119497,317
minilm-l6,webis-touche2020,temp,0.12,0.7873015873015873,0.9905660377358491,315
minilm-l6,webis-touche2020,temp,0.13,0.7891373801916933,0.9842767295597484,313
minilm-l6,webis-touche2020,temp,0.14,0.7891373801916933,0.9842767295597484,313
minilm-l6,webis-touche2020,temp,0.15000000000000002,0.7884615384615384,0.9811320754716981,312
minilm-l6,webis-touche2020,temp,0.16,0.7877813504823151,0.9779874213836478,311
minilm-l6,webis-touche2020,temp,0.17,0.7877813504823151,0.9779874213836478,311
minilm-l6,webis-touche2020,temp,0.18000000000000002,0.7877813504823151,0.9779874213836478,311
minilm-l6,webis-touche2020,temp,0.19,0.7947882736156352,0.9654088050314465,307
minilm-l6,webis-touche2020,temp,0.2,0.7960526315789473,0.9559748427672956,304
minilm-l6,webis-touche2020,temp,0.21000000000000002,0.8033333333333333,0.9433962264150944,300
minilm-l6,webis-touche2020,temp,0.22,0.8033333333333333,0.9433962264150944,300
minilm-l6,webis-touche2020,temp,0.23,0.8013468013468014,0.9339622641509434,297
minilm-l6,webis-touche2020,temp,0.24000000000000002,0.8006756756756757,0.9308176100628931,296
minilm-l6,webis-touche2020,temp,0.25,0.8006756756756757,0.9308176100628931,296
minilm-l6,webis-touche2020,temp,0.26,0.8006756756756757,0.9308176100628931,296
minilm-l6,webis-touche2020,temp,0.27,0.8033898305084746,0.9276729559748428,295
minilm-l6,webis-touche2020,temp,0.28,0.803448275862069,0.9119496855345912,290
minilm-l6,webis-touche2020,temp,0.29000000000000004,0.8055555555555556,0.9056603773584906,288
minilm-l6,webis-touche2020,temp,0.3,0.8105263157894737,0.8962264150943396,285
minilm-l6,webis-touche2020,temp,0.31,0.8091872791519434,0.889937106918239,283
minilm-l6,webis-touche2020,temp,0.32,0.8136200716845878,0.8773584905660378,279
minilm-l6,webis-touche2020,temp,0.33,0.8188405797101449,0.8679245283018868,276
minilm-l6,webis-touche2020,temp,0.34,0.8175182481751825,0.8616352201257862,274
minilm-l6,webis-touche2020,temp,0.35000000000000003,0.8235294117647058,0.8553459119496856,272
minilm-l6,webis-touche2020,temp,0.36000000000000004,0.825925925925926,0.8490566037735849,270
minilm-l6,webis-touche2020,temp,0.37,0.828996282527881,0.8459119496855346,269
minilm-l6,webis-touche2020,temp,0.38,0.832089552238806,0.8427672955974843,268
minilm-l6,webis-touche2020,temp,0.39,0.8352059925093633,0.839622641509434,267
minilm-l6,webis-touche2020,temp,0.4,0.8377358490566038,0.8333333333333334,265
minilm-l6,webis-touche2020,temp,0.41000000000000003,0.8365019011406845,0.8270440251572327,263
minilm-l6,webis-touche2020,temp,0.42000000000000004,0.8396946564885496,0.8238993710691824,262
minilm-l6,webis-touche2020,temp,0.43,0.8384615384615385,0.8176100628930818,260
minilm-l6,webis-touche2020,temp,0.44,0.8404669260700389,0.8081761006289309,257
minilm-l6,webis-touche2020,temp,0.45,0.8458498023715415,0.7955974842767296,253
minilm-l6,webis-touche2020,temp,0.46,0.8514056224899599,0.7830188679245284,249
minilm-l6,webis-touche2020,temp,0.47000000000000003,0.854251012145749,0.7767295597484277,247
minilm-l6,webis-touche2020,temp,0.48000000000000004,0.8553719008264463,0.7610062893081762,242
minilm-l6,webis-touche2020,temp,0.49,0.8535564853556485,0.7515723270440252,239
minilm-l6,webis-touche2020,temp,0.5,0.8504273504273504,0.7358490566037735,234
minilm-l6,webis-touche2020,temp,0.51,0.8497854077253219,0.7327044025157232,233
minilm-l6,webis-touche2020,temp,0.52,0.8478260869565217,0.7232704402515723,230
minilm-l6,webis-touche2020,temp,0.53,0.8468468468468469,0.6981132075471698,222
minilm-l6,webis-touche2020,temp,0.54,0.8506787330316742,0.6949685534591195,221
minilm-l6,webis-touche2020,temp,0.55,0.8465116279069768,0.6761006289308176,215
minilm-l6,webis-touche2020,temp,0.56,0.8443396226415094,0.6666666666666666,212
minilm-l6,webis-touche2020,temp,0.5700000000000001,0.8461538461538461,0.6540880503144654,208
minilm-l6,webis-touche2020,temp,0.5800000000000001,0.8439024390243902,0.6446540880503144,205
minilm-l6,webis-touche2020,temp,0.59,0.845771144278607,0.6320754716981132,201
minilm-l6,webis-touche2020,temp,0.6,0.8426395939086294,0.6194968553459119,197
minilm-l6,webis-touche2020,temp,0.61,0.8385416666666666,0.6037735849056604,192
minilm-l6,webis-touche2020,temp,0.62,0.8412698412698413,0.5943396226415094,189
minilm-l6,webis-touche2020,temp,0.63,0.839572192513369,0.5880503144654088,187
minilm-l6,webis-touche2020,temp,0.64,0.839572192513369,0.5880503144654088,187
minilm-l6,webis-touche2020,temp,0.65,0.8415300546448088,0.5754716981132075,183
minilm-l6,webis-touche2020,temp,0.66,0.8361581920903954,0.5566037735849056,177
minilm-l6,webis-touche2020,temp,0.67,0.8342857142857143,0.550314465408805,175
minilm-l6,webis-touche2020,temp,0.68,0.8313253012048193,0.5220125786163522,166
minilm-l6,webis-touche2020,temp,0.6900000000000001,0.8271604938271605,0.5094339622641509,162
minilm-l6,webis-touche2020,temp,0.7000000000000001,0.821656050955414,0.4937106918238994,157
minilm-l6,webis-touche2020,temp,0.7100000000000001,0.8175675675675675,0.46540880503144655,148
minilm-l6,webis-touche2020,temp,0.72,0.8137931034482758,0.4559748427672956,145
minilm-l6,webis-touche2020,temp,0.73,0.8148148148148148,0.42452830188679247,135
minilm-l6,webis-touche2020,temp,0.74,0.8062015503875969,0.4056603773584906,129
minilm-l6,webis-touche2020,temp,0.75,0.8016528925619835,0.3805031446540881,121
minilm-l6,webis-touche2020,temp,0.76,0.7982456140350878,0.3584905660377358,114
minilm-l6,webis-touche2020,temp,0.77,0.7864077669902912,0.3238993710691824,103
minilm-l6,webis-touche2020,temp,0.78,0.7755102040816326,0.3081761006289308,98
minilm-l6,webis-touche2020,temp,0.79,0.75,0.2641509433962264,84
minilm-l6,webis-touche2020,temp,0.8,0.7341772151898734,0.24842767295597484,79
minilm-l6,webis-touche2020,temp,0.81,0.7083333333333334,0.22641509433962265,72
minilm-l6,webis-touche2020,temp,0.8200000000000001,0.6721311475409836,0.1918238993710692,61
minilm-l6,webis-touche2020,temp,0.8300000000000001,0.6226415094339622,0.16666666666666666,53
minilm-l6,webis-touche2020,temp,0.8400000000000001,0.6136363636363636,0.13836477987421383,44
minilm-l6,webis-touche2020,temp,0.85,0.5675675675675675,0.11635220125786164,37
minilm-l6,webis-touche2020,temp,0.86,0.53125,0.10062893081761007,32
minilm-l6,webis-touche2020,temp,0.87,,0.06918238993710692,22
minilm-l6,webis-touche2020,temp,0.88,,0.03459119496855346,11
minilm-l6,webis-touche2020,temp,0.89,,0.0220125786163522,7
minilm-l6,webis-touche2020,temp,0.9,,0.006289308176100629,2
minilm-l6,webis-touche2020,temp,0.91,,0.0,0
minilm-l6,webis-touche2020,temp,0.92,,0.0,0
minilm-l6,webis-touche2020,temp,0.93,,0.0,0
minilm-l6,webis-touche2020,temp,0.9400000000000001,,0.0,0
minilm-l6,webis-touche2020,temp,0.9500000000000001,,0.0,0
minilm-l6,webis-touche2020,temp,0.9600000000000001,,0.0,0
minilm-l6,webis-touche2020,temp,0.97,,0.0,0
minilm-l6,webis-touche2020,temp,0.98,,0.0,0
minilm-l6,webis-touche2020,temp,0.99,,0.0,0
minilm-l6,webis-touche2020,platt,0.01,0.779874213836478,1.0,318
minilm-l6,webis-touche2020,platt,0.02,0.779874213836478,1.0,318
minilm-l6,webis-touche2020,platt,0.03,0.779874213836478,1.0,318
minilm-l6,webis-touche2020,platt,0.04,0.779874213836478,1.0,318
minilm-l6,webis-touche2020,platt,0.05,0.779874213836478,1.0,318
minilm-l6,webis-touche2020,platt,0.060000000000000005,0.779874213836478,1.0,318
minilm-l6,webis-touche2020,platt,0.06999999999999999,0.779874213836478,1.0,318
minilm-l6,webis-touche2020,platt,0.08,0.779874213836478,1.0,318
minilm-l6,webis-touche2020,platt,0.09,0.779874213836478,1.0,318
minilm-l6,webis-touche2020,platt,0.09999999999999999,0.779874213836478,1.0,318
minilm-l6,webis-touche2020,platt,0.11,0.779874213836478,1.0,318
minilm-l6,webis-touche2020,platt,0.12,0.779874213836478,1.0,318
minilm-l6,webis-touche2020,platt,0.13,0.779874213836478,1.0,318
minilm-l6,webis-touche2020,platt,0.14,0.779874213836478,1.0,318
minilm-l6,webis-touche2020,platt,0.15000000000000002,0.779874213836478,1.0,318
minilm-l6,webis-touche2020,platt,0.16,0.779874213836478,1.0,318
minilm-l6,webis-touche2020,platt,0.17,0.779874213836478,1.0,318
minilm-l6,webis-touche2020,platt,0.18000000000000002,0.779874213836478,1.0,318
minilm-l6,webis-touche2020,platt,0.19,0.779874213836478,1.0,318
minilm-l6,webis-touche2020,platt,0.2,0.779874213836478,1.0,318
minilm-l6,webis-touche2020,platt,0.21000000000000002,0.779874213836478,1.0,318
minilm-l6,webis-touche2020,platt,0.22,0.779874213836478,1.0,318
minilm-l6,webis-touche2020,platt,0.23,0.779874213836478,1.0,318
minilm-l6,webis-touche2020,platt,0.24000000000000002,0.779874213836478,1.0,318
minilm-l6,webis-touche2020,platt,0.25,0.779874213836478,1.0,318
minilm-l6,webis-touche2020,platt,0.26,0.779874213836478,1.0,318
minilm-l6,webis-touche2020,platt,0.27,0.779874213836478,1.0,318
minilm-l6,webis-touche2020,platt,0.28,0.779874213836478,1.0,318
minilm-l6,webis-touche2020,platt,0.29000000000000004,0.779874213836478,1.0,318
minilm-l6,webis-touche2020,platt,0.3,0.779874213836478,1.0,318
minilm-l6,webis-touche2020,platt,0.31,0.779874213836478,1.0,318
minilm-l6,webis-touche2020,platt,0.32,0.779874213836478,1.0,318
minilm-l6,webis-touche2020,platt,0.33,0.779874213836478,1.0,318
minilm-l6,webis-touche2020,platt,0.34,0.779874213836478,1.0,318
minilm-l6,webis-touche2020,platt,0.35000000000000003,0.779874213836478,1.0,318
minilm-l6,webis-touche2020,platt,0.36000000000000004,0.779874213836478,1.0,318
minilm-l6,webis-touche2020,platt,0.37,0.779874213836478,1.0,318
minilm-l6,webis-touche2020,platt,0.38,0.779874213836478,1.0,318
minilm-l6,webis-touche2020,platt,0.39,0.779874213836478,1.0,318
minilm-l6,webis-touche2020,platt,0.4,0.7823343848580442,0.9968553459119497,317
minilm-l6,webis-touche2020,platt,0.41000000000000003,0.7848101265822784,0.9937106918238994,316
minilm-l6,webis-touche2020,platt,0.42000000000000004,0.7898089171974523,0.9874213836477987,314
minilm-l6,webis-touche2020,platt,0.43,0.7891373801916933,0.9842767295597484,313
minilm-l6,webis-touche2020,platt,0.44,0.7891373801916933,0.9842767295597484,313
minilm-l6,webis-touche2020,platt,0.45,0.7884615384615384,0.9811320754716981,312
minilm-l6,webis-touche2020,platt,0.46,0.7884615384615384,0.9811320754716981,312
minilm-l6,webis-touche2020,platt,0.47000000000000003,0.7877813504823151,0.9779874213836478,311
minilm-l6,webis-touche2020,platt,0.48000000000000004,0.7877813504823151,0.9779874213836478,311
minilm-l6,webis-touche2020,platt,0.49,0.7877813504823151,0.9779874213836478,311
minilm-l6,webis-touche2020,platt,0.5,0.7947882736156352,0.9654088050314465,307
minilm-l6,webis-touche2020,platt,0.51,0.7960526315789473,0.9559748427672956,304
minilm-l6,webis-touche2020,platt,0.52,0.8006644518272426,0.9465408805031447,301
minilm-l6,webis-touche2020,platt,0.53,0.8033333333333333,0.9433962264150944,300
minilm-l6,webis-touche2020,platt,0.54,0.802675585284281,0.940251572327044,299
minilm-l6,webis-touche2020,platt,0.55,0.8013468013468014,0.9339622641509434,297
minilm-l6,webis-touche2020,platt,0.56,0.8006756756756757,0.9308176100628931,296
minilm-l6,webis-touche2020,platt,0.5700000000000001,0.8006756756756757,0.9308176100628931,296
minilm-l6,webis-touche2020,platt,0.5800000000000001,0.8006756756756757,0.9308176100628931,296
minilm-l6,webis-touche2020,platt,0.59,0.803448275862069,0.9119496855345912,290
minilm-l6,webis-touche2020,platt,0.6,0.8076923076923077,0.89937106918239,286
minilm-l6,webis-touche2020,platt,0.61,0.8098591549295775,0.8930817610062893,284
minilm-l6,webis-touche2020,platt,0.62,0.8136200716845878,0.8773584905660378,279
minilm-l6,webis-touche2020,platt,0.63,0.8188405797101449,0.8679245283018868,276
minilm-l6,webis-touche2020,platt,0.64,0.8175182481751825,0.8616352201257862,274
minilm-l6,webis-touche2020,platt,0.65,0.825925925925926,0.8490566037735849,270
minilm-l6,webis-touche2020,platt,0.66,0.832089552238806,0.8427672955974843,268
minilm-l6,webis-touche2020,platt,0.67,0.8352059925093633,0.839622641509434,267
minilm-l6,webis-touche2020,platt,0.68,0.8371212121212122,0.8301886792452831,264
minilm-l6,webis-touche2020,platt,0.6900000000000001,0.8396946564885496,0.8238993710691824,262
minilm-l6,webis-touche2020,platt,0.7000000000000001,0.8404669260700389,0.8081761006289309,257
minilm-l6,webis-touche2020,platt,0.7100000000000001,0.848605577689243,0.789308176100629,251
minilm-l6,webis-touche2020,platt,0.72,0.8518518518518519,0.7641509433962265,243
minilm-l6,webis-touche2020,platt,0.73,0.8523206751054853,0.7452830188679245,237
minilm-l6,webis-touche2020,platt,0.74,0.8491379310344828,0.7295597484276729,232
minilm-l6,webis-touche2020,platt,0.75,0.8468468468468469,0.6981132075471698,222
minilm-l6,webis-touche2020,platt,0.76,0.8465116279069768,0.6761006289308176,215
minilm-l6,webis-touche2020,platt,0.77,0.8461538461538461,0.6540880503144654,208
minilm-l6,webis-touche2020,platt,0.78,0.845771144278607,0.6320754716981132,201
minilm-l6,webis-touche2020,platt,0.79,0.8385416666666666,0.6037735849056604,192
minilm-l6,webis-touche2020,platt,0.8,0.839572192513369,0.5880503144654088,187
minilm-l6,webis-touche2020,platt,0.81,0.8406593406593407,0.5723270440251572,182
minilm-l6,webis-touche2020,platt,0.8200000000000001,0.8333333333333334,0.5283018867924528,168
minilm-l6,webis-touche2020,platt,0.8300000000000001,0.8227848101265823,0.4968553459119497,158
minilm-l6,webis-touche2020,platt,0.8400000000000001,0.8137931034482758,0.4559748427672956,145
minilm-l6,webis-touche2020,platt,0.85,0.8064516129032258,0.389937106918239,124
minilm-l6,webis-touche2020,platt,0.86,0.7889908256880734,0.34276729559748426,109
minilm-l6,webis-touche2020,platt,0.87,0.7528089887640449,0.279874213836478,89
minilm-l6,webis-touche2020,platt,0.88,0.7123287671232876,0.22955974842767296,73
minilm-l6,webis-touche2020,platt,0.89,0.6296296296296297,0.16981132075471697,54
minilm-l6,webis-touche2020,platt,0.9,0.5675675675675675,0.11635220125786164,37
minilm-l6,webis-touche2020,platt,0.91,,0.06918238993710692,22
minilm-l6,webis-touche2020,platt,0.92,,0.0220125786163522,7
minilm-l6,webis-touche2020,platt,0.93,,0.0,0
minilm-l6,webis-touche2020,platt,0.9400000000000001,,0.0,0
minilm-l6,webis-touche2020,platt,0.9500000000000001,,0.0,0
minilm-l6,webis-touche2020,platt,0.9600000000000001,,0.0,0
minilm-l6,webis-touche2020,platt,0.97,,0.0,0
minilm-l6,webis-touche2020,platt,0.98,,0.0,0
minilm-l6,webis-touche2020,platt,0.99,,0.0,0
minilm-l6,webis-touche2020,iso,0.01,0.779874213836478,1.0,318
minilm-l6,webis-touche2020,iso,0.02,0.779874213836478,1.0,318
minilm-l6,webis-touche2020,iso,0.03,0.779874213836478,1.0,318
minilm-l6,webis-touche2020,iso,0.04,0.779874213836478,1.0,318
minilm-l6,webis-touche2020,iso,0.05,0.779874213836478,1.0,318
minilm-l6,webis-touche2020,iso,0.060000000000000005,0.779874213836478,1.0,318
minilm-l6,webis-touche2020,iso,0.06999999999999999,0.779874213836478,1.0,318
minilm-l6,webis-touche2020,iso,0.08,0.779874213836478,1.0,318
minilm-l6,webis-touche2020,iso,0.09,0.779874213836478,1.0,318
minilm-l6,webis-touche2020,iso,0.09999999999999999,0.779874213836478,1.0,318
minilm-l6,webis-touche2020,iso,0.11,0.779874213836478,1.0,318
minilm-l6,webis-touche2020,iso,0.12,0.779874213836478,1.0,318
minilm-l6,webis-touche2020,iso,0.13,0.779874213836478,1.0,318
minilm-l6,webis-touche2020,iso,0.14,0.779874213836478,1.0,318
minilm-l6,webis-touche2020,iso,0.15000000000000002,0.779874213836478,1.0,318
minilm-l6,webis-touche2020,iso,0.16,0.779874213836478,1.0,318
minilm-l6,webis-touche2020,iso,0.17,0.779874213836478,1.0,318
minilm-l6,webis-touche2020,iso,0.18000000000000002,0.779874213836478,1.0,318
minilm-l6,webis-touche2020,iso,0.19,0.779874213836478,1.0,318
minilm-l6,webis-touche2020,iso,0.2,0.779874213836478,1.0,318
minilm-l6,webis-touche2020,iso,0.21000000000000002,0.779874213836478,1.0,318
minilm-l6,webis-touche2020,iso,0.22,0.779874213836478,1.0,318
minilm-l6,webis-touche2020,iso,0.23,0.779874213836478,1.0,318
minilm-l6,webis-touche2020,iso,0.24000000000000002,0.779874213836478,1.0,318
minilm-l6,webis-touche2020,iso,0.25,0.779874213836478,1.0,318
minilm-l6,webis-touche2020,iso,0.26,0.8013468013468014,0.9339622641509434,297
minilm-l6,webis-touche2020,iso,0.27,0.8013468013468014,0.9339622641509434,297
minilm-l6,webis-touche2020,iso,0.28,0.8013468013468014,0.9339622641509434,297
minilm-l6,webis-touche2020,iso,0.29000000000000004,0.8013468013468014,0.9339622641509434,297
minilm-l6,webis-touche2020,iso,0.3,0.8013468013468014,0.9339622641509434,297
minilm-l6,webis-touche2020,iso,0.31,0.8006756756756757,0.9308176100628931,296
minilm-l6,webis-touche2020,iso,0.32,0.8006756756756757,0.9308176100628931,296
minilm-l6,webis-touche2020,iso,0.33,0.8006756756756757,0.9308176100628931,296
minilm-l6,webis-touche2020,iso,0.34,0.8006756756756757,0.9308176100628931,296
minilm-l6,webis-touche2020,iso,0.35000000000000003,0.8006756756756757,0.9308176100628931,296
minilm-l6,webis-touche2020,iso,0.36000000000000004,0.8006756756756757,0.9308176100628931,296
minilm-l6,webis-touche2020,iso,0.37,0.8006756756756757,0.9308176100628931,296
minilm-l6,webis-touche2020,iso,0.38,0.8006756756756757,0.9308176100628931,296
minilm-l6,webis-touche2020,iso,0.39,0.8006756756756757,0.9308176100628931,296
minilm-l6,webis-touche2020,iso,0.4,0.8006756756756757,0.9308176100628931,296
minilm-l6,webis-touche2020,iso,0.41000000000000003,0.8054607508532423,0.9213836477987422,293
minilm-l6,webis-touche2020,iso,0.42000000000000004,0.8054607508532423,0.9213836477987422,293
minilm-l6,webis-touche2020,iso,0.43,0.8047945205479452,0.9182389937106918,292
minilm-l6,webis-touche2020,iso,0.44,0.803448275862069,0.9119496855345912,290
minilm-l6,webis-touche2020,iso,0.45,0.803448275862069,0.9119496855345912,290
minilm-l6,webis-touche2020,iso,0.46,0.803448275862069,0.9119496855345912,290
minilm-l6,webis-touche2020,iso,0.47000000000000003,0.803448275862069,0.9119496855345912,290
minilm-l6,webis-touche2020,iso,0.48000000000000004,0.803448275862069,0.9119496855345912,290
minilm-l6,webis-touche2020,iso,0.49,0.8062283737024222,0.9088050314465409,289
minilm-l6,webis-touche2020,iso,0.5,0.8062283737024222,0.9088050314465409,289
minilm-l6,webis-touche2020,iso,0.51,0.8076923076923077,0.89937106918239,286
minilm-l6,webis-touche2020,iso,0.52,0.8076923076923077,0.89937106918239,286
minilm-l6,webis-touche2020,iso,0.53,0.8076923076923077,0.89937106918239,286
minilm-l6,webis-touche2020,iso,0.54,0.8105263157894737,0.8962264150943396,285
minilm-l6,webis-touche2020,iso,0.55,0.8105263157894737,0.8962264150943396,285
minilm-l6,webis-touche2020,iso,0.56,0.8105263157894737,0.8962264150943396,285
minilm-l6,webis-touche2020,iso,0.5700000000000001,0.8098591549295775,0.8930817610062893,284
minilm-l6,webis-touche2020,iso,0.5800000000000001,0.8371212121212122,0.8301886792452831,264
minilm-l6,webis-touche2020,iso,0.59,0.8371212121212122,0.8301886792452831,264
minilm-l6,webis-touche2020,iso,0.6,0.8371212121212122,0.8301886792452831,264
minilm-l6,webis-touche2020,iso,0.61,0.8371212121212122,0.8301886792452831,264
minilm-l6,webis-touche2020,iso,0.62,0.8371212121212122,0.8301886792452831,264
minilm-l6,webis-touche2020,iso,0.63,0.8371212121212122,0.8301886792452831,264
minilm-l6,webis-touche2020,iso,0.64,0.8371212121212122,0.8301886792452831,264
minilm-l6,webis-touche2020,iso,0.65,0.8371212121212122,0.8301886792452831,264
minilm-l6,webis-touche2020,iso,0.66,0.8371212121212122,0.8301886792452831,264
minilm-l6,webis-touche2020,iso,0.67,0.8371212121212122,0.8301886792452831,264
minilm-l6,webis-touche2020,iso,0.68,0.8371212121212122,0.8301886792452831,264
minilm-l6,webis-touche2020,iso,0.6900000000000001,0.8371212121212122,0.8301886792452831,264
minilm-l6,webis-touche2020,iso,0.7000000000000001,0.8371212121212122,0.8301886792452831,264
minilm-l6,webis-touche2020,iso,0.7100000000000001,0.8371212121212122,0.8301886792452831,264
minilm-l6,webis-touche2020,iso,0.72,0.8371212121212122,0.8301886792452831,264
minilm-l6,webis-touche2020,iso,0.73,0.8371212121212122,0.8301886792452831,264
minilm-l6,webis-touche2020,iso,0.74,0.8371212121212122,0.8301886792452831,264
minilm-l6,webis-touche2020,iso,0.75,0.8371212121212122,0.8301886792452831,264
minilm-l6,webis-touche2020,iso,0.76,0.8371212121212122,0.8301886792452831,264
minilm-l6,webis-touche2020,iso,0.77,0.8371212121212122,0.8301886792452831,264
minilm-l6,webis-touche2020,iso,0.78,0.8365019011406845,0.8270440251572327,263
minilm-l6,webis-touche2020,iso,0.79,0.8365019011406845,0.8270440251572327,263
minilm-l6,webis-touche2020,iso,0.8,0.8365019011406845,0.8270440251572327,263
minilm-l6,webis-touche2020,iso,0.81,0.8365019011406845,0.8270440251572327,263
minilm-l6,webis-touche2020,iso,0.8200000000000001,0.8468468468468469,0.6981132075471698,222
minilm-l6,webis-touche2020,iso,0.8300000000000001,0.8468468468468469,0.6981132075471698,222
minilm-l6,webis-touche2020,iso,0.8400000000000001,0.8468468468468469,0.6981132075471698,222
minilm-l6,webis-touche2020,iso,0.85,0.8426395939086294,0.6194968553459119,197
minilm-l6,webis-touche2020,iso,0.86,0.8402061855670103,0.610062893081761,194
minilm-l6,webis-touche2020,iso,0.87,0.8385416666666666,0.6037735849056604,192
minilm-l6,webis-touche2020,iso,0.88,,0.0,0
minilm-l6,webis-touche2020,iso,0.89,,0.0,0
minilm-l6,webis-touche2020,iso,0.9,,0.0,0
minilm-l6,webis-touche2020,iso,0.91,,0.0,0
minilm-l6,webis-touche2020,iso,0.92,,0.0,0
minilm-l6,webis-touche2020,iso,0.93,,0.0,0
minilm-l6,webis-touche2020,iso,0.9400000000000001,,0.0,0
minilm-l6,webis-touche2020,iso,0.9500000000000001,,0.0,0
minilm-l6,webis-touche2020,iso,0.9600000000000001,,0.0,0
minilm-l6,webis-touche2020,iso,0.97,,0.0,0
minilm-l6,webis-touche2020,iso,0.98,,0.0,0
minilm-l6,webis-touche2020,iso,0.99,,0.0,0
minilm-l6,webis-touche2020,temp_lodo,0.01,0.779874213836478,1.0,318
minilm-l6,webis-touche2020,temp_lodo,0.02,0.779874213836478,1.0,318
minilm-l6,webis-touche2020,temp_lodo,0.03,0.779874213836478,1.0,318
minilm-l6,webis-touche2020,temp_lodo,0.04,0.779874213836478,1.0,318
minilm-l6,webis-touche2020,temp_lodo,0.05,0.779874213836478,1.0,318
minilm-l6,webis-touche2020,temp_lodo,0.060000000000000005,0.779874213836478,1.0,318
minilm-l6,webis-touche2020,temp_lodo,0.06999999999999999,0.779874213836478,1.0,318
minilm-l6,webis-touche2020,temp_lodo,0.08,0.779874213836478,1.0,318
minilm-l6,webis-touche2020,temp_lodo,0.09,0.779874213836478,1.0,318
minilm-l6,webis-touche2020,temp_lodo,0.09999999999999999,0.779874213836478,1.0,318
minilm-l6,webis-touche2020,temp_lodo,0.11,0.779874213836478,1.0,318
minilm-l6,webis-touche2020,temp_lodo,0.12,0.779874213836478,1.0,318
minilm-l6,webis-touche2020,temp_lodo,0.13,0.779874213836478,1.0,318
minilm-l6,webis-touche2020,temp_lodo,0.14,0.779874213836478,1.0,318
minilm-l6,webis-touche2020,temp_lodo,0.15000000000000002,0.779874213836478,1.0,318
minilm-l6,webis-touche2020,temp_lodo,0.16,0.779874213836478,1.0,318
minilm-l6,webis-touche2020,temp_lodo,0.17,0.779874213836478,1.0,318
minilm-l6,webis-touche2020,temp_lodo,0.18000000000000002,0.7848101265822784,0.9937106918238994,316
minilm-l6,webis-touche2020,temp_lodo,0.19,0.7891373801916933,0.9842767295597484,313
minilm-l6,webis-touche2020,temp_lodo,0.2,0.7891373801916933,0.9842767295597484,313
minilm-l6,webis-touche2020,temp_lodo,0.21000000000000002,0.7884615384615384,0.9811320754716981,312
minilm-l6,webis-touche2020,temp_lodo,0.22,0.7877813504823151,0.9779874213836478,311
minilm-l6,webis-touche2020,temp_lodo,0.23,0.7877813504823151,0.9779874213836478,311
minilm-l6,webis-touche2020,temp_lodo,0.24000000000000002,0.7877813504823151,0.9779874213836478,311
minilm-l6,webis-touche2020,temp_lodo,0.25,0.7947882736156352,0.9654088050314465,307
minilm-l6,webis-touche2020,temp_lodo,0.26,0.7960526315789473,0.9559748427672956,304
minilm-l6,webis-touche2020,temp_lodo,0.27,0.8033333333333333,0.9433962264150944,300
minilm-l6,webis-touche2020,temp_lodo,0.28,0.802675585284281,0.940251572327044,299
minilm-l6,webis-touche2020,temp_lodo,0.29000000000000004,0.8013468013468014,0.9339622641509434,297
minilm-l6,webis-touche2020,temp_lodo,0.3,0.8006756756756757,0.9308176100628931,296
minilm-l6,webis-touche2020,temp_lodo,0.31,0.8006756756756757,0.9308176100628931,296
minilm-l6,webis-touche2020,temp_lodo,0.32,0.8033898305084746,0.9276729559748428,295
minilm-l6,webis-touche2020,temp_lodo,0.33,0.803448275862069,0.9119496855345912,290
minilm-l6,webis-touche2020,temp_lodo,0.34,0.8076923076923077,0.89937106918239,286
minilm-l6,webis-touche2020,temp_lodo,0.35000000000000003,0.8091872791519434,0.889937106918239,283
minilm-l6,webis-touche2020,temp_lodo,0.36000000000000004,0.8136200716845878,0.8773584905660378,279
minilm-l6,webis-touche2020,temp_lodo,0.37,0.8188405797101449,0.8679245283018868,276
minilm-l6,webis-touche2020,temp_lodo,0.38,0.8175182481751825,0.8616352201257862,274
minilm-l6,webis-touche2020,temp_lodo,0.39,0.8265682656826568,0.8522012578616353,271
minilm-l6,webis-touche2020,temp_lodo,0.4,0.828996282527881,0.8459119496855346,269
minilm-l6,webis-touche2020,temp_lodo,0.41000000000000003,0.832089552238806,0.8427672955974843,268
minilm-l6,webis-touche2020,temp_lodo,0.42000000000000004,0.8345864661654135,0.8364779874213837,266
minilm-l6,webis-touche2020,temp_lodo,0.43,0.8365019011406845,0.8270440251572327,263
minilm-l6,webis-touche2020,temp_lodo,0.44,0.8396946564885496,0.8238993710691824,262
minilm-l6,webis-touche2020,temp_lodo,0.45,0.8378378378378378,0.8144654088050315,259
minilm-l6,webis-touche2020,temp_lodo,0.46,0.84251968503937,0.7987421383647799,254
minilm-l6,webis-touche2020,temp_lodo,0.47000000000000003,0.8514056224899599,0.7830188679245284,249
minilm-l6,webis-touche2020,temp_lodo,0.48000000000000004,0.8536585365853658,0.7735849056603774,246
minilm-l6,webis-touche2020,temp_lodo,0.49,0.8541666666666666,0.7547169811320755,240
minilm-l6,webis-touche2020,temp_lodo,0.5,0.8504273504273504,0.7358490566037735,234
minilm-l6,webis-touche2020,temp_lodo,0.51,0.8491379310344828,0.7295597484276729,232
minilm-l6,webis-touche2020,temp_lodo,0.52,0.8458149779735683,0.7138364779874213,227
minilm-l6,webis-touche2020,temp_lodo,0.53,0.8506787330316742,0.6949685534591195,221
minilm-l6,webis-touche2020,temp_lodo,0.54,0.8465116279069768,0.6761006289308176,215
minilm-l6,webis-touche2020,temp_lodo,0.55,0.8436018957345972,0.6635220125786163,211
minilm-l6,webis-touche2020,temp_lodo,0.56,0.8439024390243902,0.6446540880503144,205
minilm-l6,webis-touche2020,temp_lodo,0.5700000000000001,0.845771144278607,0.6320754716981132,201
minilm-l6,webis-touche2020,temp_lodo,0.5800000000000001,0.8402061855670103,0.610062893081761,194
minilm-l6,webis-touche2020,temp_lodo,0.59,0.8368421052631579,0.5974842767295597,190
minilm-l6,webis-touche2020,temp_lodo,0.6,0.839572192513369,0.5880503144654088,187
minilm-l6,webis-touche2020,temp_lodo,0.61,0.842391304347826,0.5786163522012578,184
minilm-l6,webis-touche2020,temp_lodo,0.62,0.8379888268156425,0.5628930817610063,179
minilm-l6,webis-touche2020,temp_lodo,0.63,0.8342857142857143,0.550314465408805,175
minilm-l6,webis-touche2020,temp_lodo,0.64,0.8292682926829268,0.5157232704402516,164
minilm-l6,webis-touche2020,temp_lodo,0.65,0.8238993710691824,0.5,159
minilm-l6,webis-touche2020,temp_lodo,0.66,0.8211920529801324,0.4748427672955975,151
minilm-l6,webis-touche2020,temp_lodo,0.67,0.8137931034482758,0.4559748427672956,145
minilm-l6,webis-touche2020,temp_lodo,0.68,0.8134328358208955,0.42138364779874216,134
minilm-l6,webis-touche2020,temp_lodo,0.6900000000000001,0.8064516129032258,0.389937106918239,124
minilm-l6,webis-touche2020,temp_lodo,0.7000000000000001,0.7966101694915254,0.3710691823899371,118
minilm-l6,webis-touche2020,temp_lodo,0.7100000000000001,0.780952380952381,0.330188679245283,105
minilm-l6,webis-touche2020,temp_lodo,0.72,0.7777777777777778,0.3113207547169811,99
minilm-l6,webis-touche2020,temp_lodo,0.73,0.7441860465116279,0.27044025157232704,86
minilm-l6,webis-touche2020,temp_lodo,0.74,0.7341772151898734,0.24842767295597484,79
minilm-l6,webis-touche2020,temp_lodo,0.75,0.7083333333333334,0.22641509433962265,72
minilm-l6,webis-touche2020,temp_lodo,0.76,0.6610169491525424,0.18553459119496854,59
minilm-l6,webis-touche2020,temp_lodo,0.77,0.6470588235294118,0.16037735849056603,51
minilm-l6,webis-touche2020,temp_lodo,0.78,0.5952380952380952,0.1320754716981132,42
minilm-l6,webis-touche2020,temp_lodo,0.79,0.5151515151515151,0.10377358490566038,33
minilm-l6,webis-touche2020,temp_lodo,0.8,,0.09119496855345911,29
minilm-l6,webis-touche2020,temp_lodo,0.81,,0.059748427672955975,19
minilm-l6,webis-touche2020,temp_lodo,0.8200000000000001,,0.025157232704402517,8
minilm-l6,webis-touche2020,temp_lodo,0.8300000000000001,,0.018867924528301886,6
minilm-l6,webis-touche2020,temp_lodo,0.8400000000000001,,0.006289308176100629,2
minilm-l6,webis-touche2020,temp_lodo,0.85,,0.0,0
minilm-l6,webis-touche2020,temp_lodo,0.86,,0.0,0
minilm-l6,webis-touche2020,temp_lodo,0.87,,0.0,0
minilm-l6,webis-touche2020,temp_lodo,0.88,,0.0,0
minilm-l6,webis-touche2020,temp_lodo,0.89,,0.0,0
minilm-l6,webis-touche2020,temp_lodo,0.9,,0.0,0
minilm-l6,webis-touche2020,temp_lodo,0.91,,0.0,0
minilm-l6,webis-touche2020,temp_lodo,0.92,,0.0,0
minilm-l6,webis-touche2020,temp_lodo,0.93,,0.0,0
minilm-l6,webis-touche2020,temp_lodo,0.9400000000000001,,0.0,0
minilm-l6,webis-touche2020,temp_lodo,0.9500000000000001,,0.0,0
minilm-l6,webis-touche2020,temp_lodo,0.9600000000000001,,0.0,0
minilm-l6,webis-touche2020,temp_lodo,0.97,,0.0,0
minilm-l6,webis-touche2020,temp_lodo,0.98,,0.0,0
minilm-l6,webis-touche2020,temp_lodo,0.99,,0.0,0
minilm-l12,dbpedia-entity,raw,0.01,0.392083644510829,0.8749727728163799,4017
minilm-l12,dbpedia-entity,raw,0.02,0.4025706940874036,0.8473099542583316,3890
minilm-l12,dbpedia-entity,raw,0.03,0.4097368421052632,0.8277063820518406,3800
minilm-l12,dbpedia-entity,raw,0.04,0.4147712068504148,0.8139838815072968,3737
minilm-l12,dbpedia-entity,raw,0.05,0.4196089082020641,0.8020039207144413,3682
minilm-l12,dbpedia-entity,raw,0.060000000000000005,0.42326732673267325,0.7919843171422348,3636
minilm-l12,dbpedia-entity,raw,0.06999999999999999,0.4260797342192691,0.7867566978871705,3612
minilm-l12,dbpedia-entity,raw,0.08,0.42997198879551823,0.7776083641908081,3570
minilm-l12,dbpedia-entity,raw,0.09,0.4321962221595715,0.7725985624047048,3547
minilm-l12,dbpedia-entity,raw,0.09999999999999999,0.4349431818181818,0.7667174907427575,3520
minilm-l12,dbpedia-entity,raw,0.11,0.43639475185396465,0.7636680461773034,3506
minilm-l12,dbpedia-entity,raw,0.12,0.43836009174311924,0.7597473317360053,3488
minilm-l12,dbpedia-entity,raw,0.13,0.44043841938275163,0.755173164887824,3467
minilm-l12,dbpedia-entity,raw,0.14,0.4420289855072464,0.7514702679154868,3450
minilm-l12,dbpedia-entity,raw,0.15000000000000002,0.4438939084814923,0.7473317360052276,3431
minilm-l12,dbpedia-entity,raw,0.16,0.44597364568081993,0.7438466565018514,3415
minilm-l12,dbpedia-entity,raw,0.17,0.44745363556078893,0.7399259420605533,3397
minilm-l12,dbpedia-entity,raw,0.18000000000000002,0.44849023090586143,0.735787410150294,3378
minilm-l12,dbpedia-entity,raw,0.19,0.4500891265597148,0.7331736005227619,3366
minilm-l12,dbpedia-entity,raw,0.2,0.4514013118664281,0.7305597908952298,3354
minilm-l12,dbpedia-entity,raw,0.21000000000000002,0.4523453839259038,0.7290350686125027,3347
minilm-l12,dbpedia-entity,raw,0.22,0.45269461077844314,0.7275103463297756,3340
minilm-l12,dbpedia-entity,raw,0.23,0.4544360902255639,0.7242430842953604,3325
minilm-l12,dbpedia-entity,raw,0.24000000000000002,0.4557802595834591,0.7216292746678283,3313
minilm-l12,dbpedia-entity,raw,0.25,0.4574113367687178,0.7185798301023743,3299
minilm-l12,dbpedia-entity,raw,0.26,0.458751902587519,0.71553038553692,3285
minilm-l12,dbpedia-entity,raw,0.27,0.46057457212713937,0.712698758440427,3272
minilm-l12,dbpedia-entity,raw,0.28,0.46182152713891444,0.7103027662818558,3261
minilm-l12,dbpedia-entity,raw,0.29000000000000004,0.4630314232902033,0.7070355042474407,3246
minilm-l12,dbpedia-entity,raw,0.3,0.4642304118922267,0.7033326072751035,3229
minilm-l12,dbpedia-entity,raw,0.31,0.46455223880597013,0.7005009801786103,3216
minilm-l12,dbpedia-entity,raw,0.32,0.4661255073368717,0.6976693530821172,3203
minilm-l12,dbpedia-entity,raw,0.33,0.46681277395115844,0.6957089958614681,3194
minilm-l12,dbpedia-entity,raw,0.34,0.4681118441721646,0.693313003702897,3183
minilm-l12,dbpedia-entity,raw,0.35000000000000003,0.4692719823510873,0.6911348290132868,3173
minilm-l12,dbpedia-entity,raw,0.36000000000000004,0.469826224328594,0.6893922892615988,3165
minilm-l12,dbpedia-entity,raw,0.37,0.47219574197648556,0.6854715748203006,3147
minilm-l12,dbpedia-entity,raw,0.38,0.47368421052631576,0.6828577651927684,3135
minilm-l12,dbpedia-entity,raw,0.39,0.4747119078104994,0.6804617730341973,3124
minilm-l12,dbpedia-entity,raw,0.4,0.47540983606557374,0.6776301459377042,3111
minilm-l12,dbpedia-entity,raw,0.41000000000000003,0.4773462783171521,0.673055979089523,3090
minilm-l12,dbpedia-entity,raw,0.42000000000000004,0.47871303217419564,0.6702243519930299,3077
minilm-l12,dbpedia-entity,raw,0.43,0.47959516813581454,0.6671749074275757,3063
minilm-l12,dbpedia-entity,raw,0.44,0.47969875573018994,0.6652145502069265,3054
minilm-l12,dbpedia-entity,raw,0.45,0.4807881773399015,0.6632541929862775,3045
minilm-l12,dbpedia-entity,raw,0.46,0.4825197889182058,0.6604225658897843,3032
minilm-l12,dbpedia-entity,raw,0.47000000000000003,0.48408488063660476,0.6569374863864081,3016
minilm-l12,dbpedia-entity,raw,0.48000000000000004,0.48501997336884156,0.654323676758876,3004
minilm-l12,dbpedia-entity,raw,0.49,0.48610646133244056,0.6506207797865389,2987
minilm-l12,dbpedia-entity,raw,0.5,0.4882234185733513,0.6473535177521237,2972
minilm-l12,dbpedia-entity,raw,0.51,0.48935451165934435,0.6445218906556306,2959
minilm-l12,dbpedia-entity,raw,0.52,0.4899966090200068,0.6423437159660205,2949
minilm-l12,dbpedia-entity,raw,0.53,0.4913117546848382,0.6392942714005663,2935
minilm-l12,dbpedia-entity,raw,0.54,0.49213943950786054,0.6373339141799172,2926
minilm-l12,dbpedia-entity,raw,0.55,0.49347527472527475,0.634284469614463,2912
minilm-l12,dbpedia-entity,raw,0.56,0.49466069583189803,0.632324112393814,2903
minilm-l12,dbpedia-entity,raw,0.5700000000000001,0.4963655244029076,0.6292746678283598,2889
minilm-l12,dbpedia-entity,raw,0.5800000000000001,0.49756944444444445,0.6273143106077107,2880
minilm-l12,dbpedia-entity,raw,0.59,0.498780912574016,0.6253539533870617,2871
minilm-l12,dbpedia-entity,raw,0.6,0.5005261311820414,0.6209976040078414,2851
minilm-l12,dbpedia-entity,raw,0.61,0.5012293642430629,0.6201263341319974,2847
minilm-l12,dbpedia-entity,raw,0.62,0.5022927689594356,0.6175125245044653,2835
minilm-l12,dbpedia-entity,raw,0.63,0.5033604527767952,0.6157699847527772,2827
minilm-l12,dbpedia-entity,raw,0.64,0.5040852575488455,0.613156175125245,2815
minilm-l12,dbpedia-entity,raw,0.65,0.5048094050587816,0.611413635373557,2807
minilm-l12,dbpedia-entity,raw,0.66,0.5055376920328689,0.6096710956218688,2799
minilm-l12,dbpedia-entity,raw,0.67,0.5050143266475645,0.6081463733391418,2792
minilm-l12,dbpedia-entity,raw,0.68,0.5061283345349675,0.6042256588978436,2774
minilm-l12,dbpedia-entity,raw,0.6900000000000001,0.507057546145494,0.6018296667392725,2763
minilm-l12,dbpedia-entity,raw,0.7000000000000001,0.5093235831809872,0.5957307776083642,2735
minilm-l12,dbpedia-entity,raw,0.7100000000000001,0.5100991553433712,0.593116967980832,2723
minilm-l12,dbpedia-entity,raw,0.72,0.5125646711012565,0.5894140710084949,2706
minilm-l12,dbpedia-entity,raw,0.73,0.5137546468401487,0.5859289915051187,2690
minilm-l12,dbpedia-entity,raw,0.74,0.5153443113772455,0.5820082770638205,2672
minilm-l12,dbpedia-entity,raw,0.75,0.5175141242937853,0.5783053800914834,2655
minilm-l12,dbpedia-entity,raw,0.76,0.5195149677908298,0.5748203005881072,2639
minilm-l12,dbpedia-entity,raw,0.77,0.5201520912547528,0.572859943367458,2630
minilm-l12,dbpedia-entity,raw,0.78,0.5227707615767317,0.5691570463951209,2613
minilm-l12,dbpedia-entity,raw,0.79,0.5250771604938271,0.5645828795469396,2592
minilm-l12,dbpedia-entity,raw,0.8,0.5257851880573866,0.5617512524504465,2579
minilm-l12,dbpedia-entity,raw,0.81,0.5272015655577299,0.5565236331953822,2555
minilm-l12,dbpedia-entity,raw,0.8200000000000001,0.5305478912100906,0.5526029187540841,2537
minilm-l12,dbpedia-entity,raw,0.8300000000000001,0.5327510917030568,0.5486822043127859,2519
minilm-l12,dbpedia-entity,raw,0.8400000000000001,0.5345381526104418,0.5423654977129165,2490
minilm-l12,dbpedia-entity,raw,0.85,0.5365952284674484,0.5386626007405794,2473
minilm-l12,dbpedia-entity,raw,0.86,0.5404411764705882,0.5332171640165542,2448
minilm-l12,dbpedia-entity,raw,0.87,0.5440993788819876,0.5260291875408408,2415
minilm-l12,dbpedia-entity,raw,0.88,0.5469798657718121,0.5192768460030495,2384
minilm-l12,dbpedia-entity,raw,0.89,0.5513146734520781,0.5136135918100632,2358
minilm-l12,dbpedia-entity,raw,0.9,0.5565142364106989,0.5049008930516228,2318
minilm-l12,dbpedia-entity,raw,0.91,0.5615957913195967,0.49684164670006536,2281
minilm-l12,dbpedia-entity,raw,0.92,0.5652753108348135,0.49052494010019604,2252
minilm-l12,dbpedia-entity,raw,0.93,0.5712988192552225,0.47963406665214553,2202
minilm-l12,dbpedia-entity,raw,0.9400000000000001,0.577262180974478,0.469396645610978,2155
minilm-l12,dbpedia-entity,raw,0.9500000000000001,0.5882352941176471,0.45545632759747334,2091
minilm-l12,dbpedia-entity,raw,0.9600000000000001,0.595378564405113,0.44304073186669574,2034
minilm-l12,dbpedia-entity,raw,0.97,0.6069036579082947,0.4227837072533217,1941
minilm-l12,dbpedia-entity,raw,0.98,0.6229050279329609,0.3898932694402091,1790
minilm-l12,dbpedia-entity,raw,0.99,0.654265554842848,0.3395774341102156,1559
minilm-l12,dbpedia-entity,temp,0.01,0.34698322805489,1.0,4591
minilm-l12,dbpedia-entity,temp,0.02,0.34698322805489,1.0,4591
minilm-l12,dbpedia-entity,temp,0.03,0.34698322805489,1.0,4591
minilm-l12,dbpedia-entity,temp,0.04,0.34698322805489,1.0,4591
minilm-l12,dbpedia-entity,temp,0.05,0.34698322805489,1.0,4591
minilm-l12,dbpedia-entity,temp,0.060000000000000005,0.34698322805489,1.0,4591
minilm-l12,dbpedia-entity,temp,0.06999999999999999,0.34698322805489,1.0,4591
minilm-l12,dbpedia-entity,temp,0.08,0.34698322805489,1.0,4591
minilm-l12,dbpedia-entity,temp,0.09,0.34698322805489,1.0,4591
minilm-l12,dbpedia-entity,temp,0.09999999999999999,0.34698322805489,1.0,4591
minilm-l12,dbpedia-entity,temp,0.11,0.34698322805489,1.0,4591
minilm-l12,dbpedia-entity,temp,0.12,0.34698322805489,1.0,4591
minilm-l12,dbpedia-entity,temp,0.13,0.34698322805489,1.0,4591
minilm-l12,dbpedia-entity,temp,0.14,0.34698322805489,1.0,4591
minilm-l12,dbpedia-entity,temp,0.15000000000000002,0.34698322805489,1.0,4591
minilm-l12,dbpedia-entity,temp,0.16,0.34728580771746237,0.9991287301241559,4587
minilm-l12,dbpedia-entity,temp,0.17,0.34918895221394125,0.9936832934001307,4562
minilm-l12,dbpedia-entity,temp,0.18000000000000002,0.35089266034824773,0.9882378566761054,4537
minilm-l12,dbpedia-entity,temp,0.19,0.3529150964309466,0.9825746024831191,4511
minilm-l12,dbpedia-entity,temp,0.2,0.35472370766488415,0.9775648006970159,4488
minilm-l12,dbpedia-entity,temp,0.21000000000000002,0.35711081202332884,0.9710302766281855,4458
minilm-l12,dbpedia-entity,temp,0.22,0.3591247462215204,0.9655848399041603,4433
minilm-l12,dbpedia-entity,temp,0.23,0.3616537937301227,0.958832498366369,4402
minilm-l12,dbpedia-entity,temp,0.24000000000000002,0.36438544289311053,0.9516445218906556,4369
minilm-l12,dbpedia-entity,temp,0.25,0.3673281033687125,0.9440209104770203,4334
minilm-l12,dbpedia-entity,temp,0.26,0.3697420404369045,0.9372685689392289,4303
minilm-l12,dbpedia-entity,temp,0.27,0.37180988059002573,0.9302984099324766,4271
minilm-l12,dbpedia-entity,temp,0.28,0.375177304964539,0.9213678937050751,4230
minilm-l12,dbpedia-entity,temp,0.29000000000000004,0.3778307508939213,0.9137442822914398,4195
minilm-l12,dbpedia-entity,temp,0.3,0.381870781099325,0.9035068612502722,4148
minilm-l12,dbpedia-entity,temp,0.31,0.3856272838002436,0.8941407100849488,4105
minilm-l12,dbpedia-entity,temp,0.32,0.38927165354330706,0.8852101938575474,4064
minilm-l12,dbpedia-entity,temp,0.33,0.3915527950310559,0.876715312568068,4025
minilm-l12,dbpedia-entity,temp,0.34,0.3950213728941413,0.8662600740579395,3977
minilm-l12,dbpedia-entity,temp,0.35000000000000003,0.4002551020408163,0.8538444783271618,3920
minilm-l12,dbpedia-entity,temp,0.36000000000000004,0.40476190476190477,0.8416467000653453,3864
minilm-l12,dbpedia-entity,temp,0.37,0.4092461255581823,0.8292311043345676,3807
minilm-l12,dbpedia-entity,temp,0.38,0.41377469300587294,0.815944238727946,3746
minilm-l12,dbpedia-entity,temp,0.39,0.4194949769209883,0.8022217381834023,3683
minilm-l12,dbpedia-entity,temp,0.4,0.42478608887662156,0.7891526900457416,3623
minilm-l12,dbpedia-entity,temp,0.41000000000000003,0.43045429052159284,0.7767370943149641,3566
minilm-l12,dbpedia-entity,temp,0.42000000000000004,0.4359339407744875,0.7649749509910695,3512
minilm-l12,dbpedia-entity,temp,0.43,0.4415847310584153,0.7532128076671749,3458
minilm-l12,dbpedia-entity,temp,0.44,0.4472214054689797,0.7407972119363972,3401
minilm-l12,dbpedia-entity,temp,0.45,0.452480573819486,0.7288172511435417,3346
minilm-l12,dbpedia-entity,temp,0.46,0.4583333333333333,0.7161838379438031,3288
minilm-l12,dbpedia-entity,temp,0.47000000000000003,0.464696734059098,0.7002831627096493,3215
minilm-l12,dbpedia-entity,temp,0.48000000000000004,0.47247852370346805,0.6846003049444566,3143
minilm-l12,dbpedia-entity,temp,0.49,0.479568486433475,0.6663036375517316,3059
minilm-l12,dbpedia-entity,temp,0.5,0.4882234185733513,0.6473535177521237,2972
minilm-l12,dbpedia-entity,temp,0.51,0.49619640387275243,0.6299281202352429,2892
minilm-l12,dbpedia-entity,temp,0.52,0.5031824611032532,0.6159878022217382,2828
minilm-l12,dbpedia-entity,temp,0.53,0.5070524412296564,0.6022653016771945,2765
minilm-l12,dbpedia-entity,temp,0.54,0.5159235668789809,0.5813548246569374,2669
minilm-l12,dbpedia-entity,temp,0.55,0.5250771604938271,0.5645828795469396,2592
minilm-l12,dbpedia-entity,temp,0.56,0.5331744139849026,0.5482465693748638,2517
minilm-l12,dbpedia-entity,temp,0.5700000000000001,0.5417523652817771,0.5295142670442169,2431
minilm-l12,dbpedia-entity,temp,0.5800000000000001,0.5547008547008547,0.509692877368765,2340
minilm-l12,dbpedia-entity,temp,0.59,0.5642161204605846,0.4918318449139621,2258
minilm-l12,dbpedia-entity,temp,0.6,0.5734553775743707,0.4759311696798083,2185
minilm-l12,dbpedia-entity,temp,0.61,0.5882352941176471,0.45545632759747334,2091
minilm-l12,dbpedia-entity,temp,0.62,0.5978207033184745,0.43977346983228055,2019
minilm-l12,dbpedia-entity,temp,0.63,0.6087182148417228,0.41973426268786757,1927
minilm-l12,dbpedia-entity,temp,0.64,0.6174533479692645,0.39686342844696143,1822
minilm-l12,dbpedia-entity,temp,0.65,0.6314567614625652,0.3752994990198214,1723
minilm-l12,dbpedia-entity,temp,0.66,0.6465888137676705,0.35438902199956435,1627
minilm-l12,dbpedia-entity,temp,0.67,0.6599348534201954,0.33434981485515136,1535
minilm-l12,dbpedia-entity,temp,0.68,0.677645409950946,0.31082552820736226,1427
minilm-l12,dbpedia-entity,temp,0.6900000000000001,0.6947207345065034,0.28468743193204094,1307
minilm-l12,dbpedia-entity,temp,0.7000000000000001,0.7074198988195616,0.2583315181877587,1186
minilm-l12,dbpedia-entity,temp,0.7100000000000001,0.7295774647887324,0.23197560444347637,1065
minilm-l12,dbpedia-entity,temp,0.72,0.7492130115424974,0.20758004791984316,953
minilm-l12,dbpedia-entity,temp,0.73,0.7732696897374701,0.18253103898932693,838
minilm-l12,dbpedia-entity,temp,0.74,0.7920110192837465,0.15813548246569376,726
minilm-l12,dbpedia-entity,temp,0.75,0.8141025641025641,0.13591810063167065,624
minilm-l12,dbpedia-entity,temp,0.76,0.8299065420560747,0.11653234589414072,535
minilm-l12,dbpedia-entity,temp,0.77,0.8530805687203792,0.0919189719015465,422
minilm-l12,dbpedia-entity,temp,0.78,0.8810975609756098,0.0714441298192115,328
minilm-l12,dbpedia-entity,temp,0.79,0.9196428571428571,0.04879111304726639,224
minilm-l12,dbpedia-entity,temp,0.8,0.9523809523809523,0.03201916793726857,147
minilm-l12,dbpedia-entity,temp,0.81,0.9555555555555556,0.01960357220649096,90
minilm-l12,dbpedia-entity,temp,0.8200000000000001,0.9791666666666666,0.010455238510128513,48
minilm-l12,dbpedia-entity,temp,0.8300000000000001,,0.003485079503376171,16
minilm-l12,dbpedia-entity,temp,0.8400000000000001,,0.00021781746896101068,1
minilm-l12,dbpedia-entity,temp,0.85,,0.0,0
minilm-l12,dbpedia-entity,temp,0.86,,0.0,0
minilm-l12,dbpedia-entity,temp,0.87,,0.0,0
minilm-l12,dbpedia-entity,temp,0.88,,0.0,0
minilm-l12,dbpedia-entity,temp,0.89,,0.0,0
minilm-l12,dbpedia-entity,temp,0.9,,0.0,0
minilm-l12,dbpedia-entity,temp,0.91,,0.0,0
minilm-l12,dbpedia-entity,temp,0.92,,0.0,0
minilm-l12,dbpedia-entity,temp,0.93,,0.0,0
minilm-l12,dbpedia-entity,temp,0.9400000000000001,,0.0,0
minilm-l12,dbpedia-entity,temp,0.9500000000000001,,0.0,0
minilm-l12,dbpedia-entity,temp,0.9600000000000001,,0.0,0
minilm-l12,dbpedia-entity,temp,0.97,,0.0,0
minilm-l12,dbpedia-entity,temp,0.98,,0.0,0
minilm-l12,dbpedia-entity,temp,0.99,,0.0,0
minilm-l12,dbpedia-entity,platt,0.01,0.3558337058560572,0.9745153561315617,4474
minilm-l12,dbpedia-entity,platt,0.02,0.3698279869827987,0.937050751470268,4302
minilm-l12,dbpedia-entity,platt,0.03,0.3813192103996148,0.9048137660640383,4154
minilm-l12,dbpedia-entity,platt,0.04,0.39112103174603174,0.878240034850795,4032
minilm-l12,dbpedia-entity,platt,0.05,0.40066479161339813,0.8518841211065128,3911
minilm-l12,dbpedia-entity,platt,0.060000000000000005,0.41006057413747693,0.8270529296449576,3797
minilm-l12,dbpedia-entity,platt,0.06999999999999999,0.4193811074918567,0.8024395556523634,3684
minilm-l12,dbpedia-entity,platt,0.08,0.42829295460874406,0.7821825310389894,3591
minilm-l12,dbpedia-entity,platt,0.09,0.4359339407744875,0.7649749509910695,3512
minilm-l12,dbpedia-entity,platt,0.09999999999999999,0.4432809773123909,0.7488564582879547,3438
minilm-l12,dbpedia-entity,platt,0.11,0.4500891265597148,0.7331736005227619,3366
minilm-l12,dbpedia-entity,platt,0.12,0.4555052790346908,0.7220649096057504,3315
minilm-l12,dbpedia-entity,platt,0.13,0.46317411402157166,0.7068176867784797,3245
minilm-l12,dbpedia-entity,platt,0.14,0.46914357682619645,0.6917882814201699,3176
minilm-l12,dbpedia-entity,platt,0.15000000000000002,0.4761444229529336,0.6756697887170551,3102
minilm-l12,dbpedia-entity,platt,0.16,0.48266754704522946,0.6597691134829013,3029
minilm-l12,dbpedia-entity,platt,0.17,0.48967851099830795,0.6436506207797865,2955
minilm-l12,dbpedia-entity,platt,0.18000000000000002,0.49619640387275243,0.6299281202352429,2892
minilm-l12,dbpedia-entity,platt,0.19,0.5015850651637901,0.6183837943803093,2839
minilm-l12,dbpedia-entity,platt,0.2,0.5055376920328689,0.6096710956218688,2799
minilm-l12,dbpedia-entity,platt,0.21000000000000002,0.5093235831809872,0.5957307776083642,2735
minilm-l12,dbpedia-entity,platt,0.22,0.5149365197908887,0.5833151818775866,2678
minilm-l12,dbpedia-entity,platt,0.23,0.5197568389057751,0.5732955783053801,2632
minilm-l12,dbpedia-entity,platt,0.24000000000000002,0.5247486465583914,0.5632759747331736,2586
minilm-l12,dbpedia-entity,platt,0.25,0.530990919857876,0.55173164887824,2533
minilm-l12,dbpedia-entity,platt,0.26,0.5352680370818218,0.5404051404922675,2481
minilm-l12,dbpedia-entity,platt,0.27,0.5406070549630845,0.531038989326944,2438
minilm-l12,dbpedia-entity,platt,0.28,0.5469798657718121,0.5192768460030495,2384
minilm-l12,dbpedia-entity,platt,0.29000000000000004,0.5554603854389721,0.50860379002396,2335
minilm-l12,dbpedia-entity,platt,0.3,0.5604539502400698,0.49901982138967543,2291
minilm-l12,dbpedia-entity,platt,0.31,0.5652173913043478,0.4909605750381181,2254
minilm-l12,dbpedia-entity,platt,0.32,0.57091073855913,0.48072315399695054,2207
minilm-l12,dbpedia-entity,platt,0.33,0.5740570377184913,0.4735351775212372,2174
minilm-l12,dbpedia-entity,platt,0.34,0.582391713747646,0.4626443040731867,2124
minilm-l12,dbpedia-entity,platt,0.35000000000000003,0.5894484412470024,0.45414942278370724,2085
minilm-l12,dbpedia-entity,platt,0.36000000000000004,0.5911306042884991,0.4469614463079939,2052
minilm-l12,dbpedia-entity,platt,0.37,0.5978207033184745,0.43977346983228055,2019
minilm-l12,dbpedia-entity,platt,0.38,0.6022099447513812,0.43367458070137227,1991
minilm-l12,dbpedia-entity,platt,0.39,0.6071244192049561,0.4219124373774777,1937
minilm-l12,dbpedia-entity,platt,0.4,0.6126461211477152,0.40993247658462206,1882
minilm-l12,dbpedia-entity,platt,0.41000000000000003,0.6165943600867679,0.40165541276410366,1844
minilm-l12,dbpedia-entity,platt,0.42000000000000004,0.6204217536071032,0.39250707906774124,1802
minilm-l12,dbpedia-entity,platt,0.43,0.6282782212086659,0.3820518405576127,1754
minilm-l12,dbpedia-entity,platt,0.44,0.6313337216074548,0.37399259420605535,1717
minilm-l12,dbpedia-entity,platt,0.45,0.6377764494919307,0.36440862557177084,1673
minilm-l12,dbpedia-entity,platt,0.46,0.6454378444580526,0.35569592681333045,1633
minilm-l12,dbpedia-entity,platt,0.47000000000000003,0.65,0.34850795033761706,1600
minilm-l12,dbpedia-entity,platt,0.48000000000000004,0.6540679051889814,0.34001306904813766,1561
minilm-l12,dbpedia-entity,platt,0.49,0.6644693473961767,0.3304291004138532,1517
minilm-l12,dbpedia-entity,platt,0.5,0.6738983050847458,0.32128076671749073,1475
minilm-l12,dbpedia-entity,platt,0.51,0.6792189679218968,0.3123502504900893,1434
minilm-l12,dbpedia-entity,platt,0.52,0.6844380403458213,0.3023306469178828,1388
minilm-l12,dbpedia-entity,platt,0.53,0.6862453531598512,0.29296449575255934,1345
minilm-l12,dbpedia-entity,platt,0.54,0.6970633693972179,0.2818558048355478,1294
minilm-l12,dbpedia-entity,platt,0.55,0.7023144453312051,0.27292528860814635,1253
minilm-l12,dbpedia-entity,platt,0.56,0.7068676716917923,0.26007405793944677,1194
minilm-l12,dbpedia-entity,platt,0.5700000000000001,0.7111882046834345,0.2511435417120453,1153
minilm-l12,dbpedia-entity,platt,0.5800000000000001,0.7179253867151957,0.23938139838815073,1099
minilm-l12,dbpedia-entity,platt,0.59,0.7308056872037915,0.22979742975386627,1055
minilm-l12,dbpedia-entity,platt,0.6,0.7403751233958539,0.22064909605750382,1013
minilm-l12,dbpedia-entity,platt,0.61,0.7487019730010385,0.2097582226094533,963
minilm-l12,dbpedia-entity,platt,0.62,0.7543668122270742,0.19952080156828578,916
minilm-l12,dbpedia-entity,platt,0.63,0.764367816091954,0.18950119799607928,870
minilm-l12,dbpedia-entity,platt,0.64,0.7729988052568698,0.18231322152036594,837
minilm-l12,dbpedia-entity,platt,0.65,0.7798982188295165,0.1712045306033544,786
minilm-l12,dbpedia-entity,platt,0.66,0.7863818424566088,0.163145284251797,749
minilm-l12,dbpedia-entity,platt,0.67,0.793400286944046,0.15181877586582443,697
minilm-l12,dbpedia-entity,platt,0.68,0.8024316109422492,0.14332389457634503,658
minilm-l12,dbpedia-entity,platt,0.6900000000000001,0.8141025641025641,0.13591810063167065,624
minilm-l12,dbpedia-entity,platt,0.7000000000000001,0.8201680672268907,0.12960139403180135,595
minilm-l12,dbpedia-entity,platt,0.7100000000000001,0.8238434163701067,0.12241341755608799,562
minilm-l12,dbpedia-entity,platt,0.72,0.8330058939096268,0.11086909170115443,509
minilm-l12,dbpedia-entity,platt,0.73,0.8436830835117773,0.10172075800479198,467
minilm-l12,dbpedia-entity,platt,0.74,0.8537170263788969,0.09082988455674144,417
minilm-l12,dbpedia-entity,platt,0.75,0.8726790450928382,0.08211718579830102,377
minilm-l12,dbpedia-entity,platt,0.76,0.8816568047337278,0.07362230450882161,338
minilm-l12,dbpedia-entity,platt,0.77,0.8996539792387543,0.06294924852973209,289
minilm-l12,dbpedia-entity,platt,0.78,0.9166666666666666,0.05227619255064256,240
minilm-l12,dbpedia-entity,platt,0.79,0.9282296650717703,0.04552385101285123,209
minilm-l12,dbpedia-entity,platt,0.8,0.9431818181818182,0.03833587453713788,176
minilm-l12,dbpedia-entity,platt,0.81,0.9568345323741008,0.030276628185580485,139
minilm-l12,dbpedia-entity,platt,0.8200000000000001,0.9532710280373832,0.023306469178828143,107
minilm-l12,dbpedia-entity,platt,0.8300000000000001,0.9518072289156626,0.018078849923763886,83
minilm-l12,dbpedia-entity,platt,0.8400000000000001,0.9682539682539683,0.013722500544543673,63
minilm-l12,dbpedia-entity,platt,0.85,0.975609756097561,0.008930516227401437,41
minilm-l12,dbpedia-entity,platt,0.86,,0.005227619255064256,24
minilm-l12,dbpedia-entity,platt,0.87,,0.002613809627532128,12
minilm-l12,dbpedia-entity,platt,0.88,,0.0008712698758440427,4
minilm-l12,dbpedia-entity,platt,0.89,,0.0,0
minilm-l12,dbpedia-entity,platt,0.9,,0.0,0
minilm-l12,dbpedia-entity,platt,0.91,,0.0,0
minilm-l12,dbpedia-entity,platt,0.92,,0.0,0
minilm-l12,dbpedia-entity,platt,0.93,,0.0,0
minilm-l12,dbpedia-entity,platt,0.9400000000000001,,0.0,0
minilm-l12,dbpedia-entity,platt,0.9500000000000001,,0.0,0
minilm-l12,dbpedia-entity,platt,0.9600000000000001,,0.0,0
minilm-l12,dbpedia-entity,platt,0.97,,0.0,0
minilm-l12,dbpedia-entity,platt,0.98,,0.0,0
minilm-l12,dbpedia-entity,platt,0.99,,0.0,0
minilm-l12,dbpedia-entity,iso,0.01,0.35807467386414754,0.9684164670006534,4446
minilm-l12,dbpedia-entity,iso,0.02,0.3643020594965675,0.9518623393596166,4370
minilm-l12,dbpedia-entity,iso,0.03,0.36438544289311053,0.9516445218906556,4369
minilm-l12,dbpedia-entity,iso,0.04,0.4001019367991845,0.8547157482030059,3924
minilm-l12,dbpedia-entity,iso,0.05,0.40005099439061703,0.8542801132650839,3922
minilm-l12,dbpedia-entity,iso,0.060000000000000005,0.40523723100855585,0.8401219777826182,3857
minilm-l12,dbpedia-entity,iso,0.06999999999999999,0.4132693844924061,0.817468961010673,3753
minilm-l12,dbpedia-entity,iso,0.08,0.4133795309168444,0.817251143541712,3752
minilm-l12,dbpedia-entity,iso,0.09,0.4414570685169124,0.7534306251361359,3459
minilm-l12,dbpedia-entity,iso,0.09999999999999999,0.4441528142315544,0.7468961010673056,3429
minilm-l12,dbpedia-entity,iso,0.11,0.4442823803967328,0.7466782835983445,3428
minilm-l12,dbpedia-entity,iso,0.12,0.448021264028352,0.7375299499019822,3386
minilm-l12,dbpedia-entity,iso,0.13,0.4511323003575685,0.7309954258331518,3356
minilm-l12,dbpedia-entity,iso,0.14,0.4529658478130617,0.7270747113918536,3338
minilm-l12,dbpedia-entity,iso,0.15000000000000002,0.4531015882529218,0.7268568939228927,3337
minilm-l12,dbpedia-entity,iso,0.16,0.45323741007194246,0.7266390764539316,3336
minilm-l12,dbpedia-entity,iso,0.17,0.466541588492808,0.6965802657373121,3198
minilm-l12,dbpedia-entity,iso,0.18000000000000002,0.5021156558533145,0.6177303419734262,2836
minilm-l12,dbpedia-entity,iso,0.19,0.5147663551401869,0.5826617294707036,2675
minilm-l12,dbpedia-entity,iso,0.2,0.5147663551401869,0.5826617294707036,2675
minilm-l12,dbpedia-entity,iso,0.21000000000000002,0.5161411411411412,0.5802657373121324,2664
minilm-l12,dbpedia-entity,iso,0.22,0.5161411411411412,0.5802657373121324,2664
minilm-l12,dbpedia-entity,iso,0.23,0.5163349605707849,0.5800479198431714,2663
minilm-l12,dbpedia-entity,iso,0.24000000000000002,0.5163349605707849,0.5800479198431714,2663
minilm-l12,dbpedia-entity,iso,0.25,0.5566119273984442,0.5040296231757787,2314
minilm-l12,dbpedia-entity,iso,0.26,0.556420233463035,0.5038118057068177,2313
minilm-l12,dbpedia-entity,iso,0.27,0.5566608996539792,0.5035939882378567,2312
minilm-l12,dbpedia-entity,iso,0.28,0.5566608996539792,0.5035939882378567,2312
minilm-l12,dbpedia-entity,iso,0.29000000000000004,0.5566608996539792,0.5035939882378567,2312
minilm-l12,dbpedia-entity,iso,0.3,0.5654682645361739,0.49074275756915703,2253
minilm-l12,dbpedia-entity,iso,0.31,0.5654682645361739,0.49074275756915703,2253
minilm-l12,dbpedia-entity,iso,0.32,0.5654682645361739,0.49074275756915703,2253
minilm-l12,dbpedia-entity,iso,0.33,0.5654682645361739,0.49074275756915703,2253
minilm-l12,dbpedia-entity,iso,0.34,0.5654682645361739,0.49074275756915703,2253
minilm-l12,dbpedia-entity,iso,0.35000000000000003,0.5654682645361739,0.49074275756915703,2253
minilm-l12,dbpedia-entity,iso,0.36000000000000004,0.6165494862087615,0.4027445001089087,1849
minilm-l12,dbpedia-entity,iso,0.37,0.6165494862087615,0.4027445001089087,1849
minilm-l12,dbpedia-entity,iso,0.38,0.6240135287485907,0.38640818993683296,1774
minilm-l12,dbpedia-entity,iso,0.39,0.6240135287485907,0.38640818993683296,1774
minilm-l12,dbpedia-entity,iso,0.4,0.6243654822335025,0.3861903724678719,1773
minilm-l12,dbpedia-entity,iso,0.41000000000000003,0.6255656108597285,0.38510128512306685,1768
minilm-l12,dbpedia-entity,iso,0.42000000000000004,0.6312752452394691,0.37747767370943147,1733
minilm-l12,dbpedia-entity,iso,0.43,0.6312752452394691,0.37747767370943147,1733
minilm-l12,dbpedia-entity,iso,0.44,0.6312752452394691,0.37747767370943147,1733
minilm-l12,dbpedia-entity,iso,0.45,0.6308492201039861,0.3770420387715095,1731
minilm-l12,dbpedia-entity,iso,0.46,0.63121387283237,0.37682422130254845,1730
minilm-l12,dbpedia-entity,iso,0.47000000000000003,0.685131195335277,0.29884556741450663,1372
minilm-l12,dbpedia-entity,iso,0.48000000000000004,0.7021445591739476,0.27423219342191246,1259
minilm-l12,dbpedia-entity,iso,0.49,0.7021445591739476,0.27423219342191246,1259
minilm-l12,dbpedia-entity,iso,0.5,0.7021445591739476,0.27423219342191246,1259
minilm-l12,dbpedia-entity,iso,0.51,0.7024661893396977,0.2737965584839904,1257
minilm-l12,dbpedia-entity,iso,0.52,0.7024661893396977,0.2737965584839904,1257
minilm-l12,dbpedia-entity,iso,0.53,0.7024661893396977,0.2737965584839904,1257
minilm-l12,dbpedia-entity,iso,0.54,0.7024661893396977,0.2737965584839904,1257
minilm-l12,dbpedia-entity,iso,0.55,0.7073791348600509,0.2568067959050316,1179
minilm-l12,dbpedia-entity,iso,0.56,0.7073791348600509,0.2568067959050316,1179
minilm-l12,dbpedia-entity,iso,0.5700000000000001,0.7662037037037037,0.18819429318231323,864
minilm-l12,dbpedia-entity,iso,0.5800000000000001,0.7662037037037037,0.18819429318231323,864
minilm-l12,dbpedia-entity,iso,0.59,0.7670915411355735,0.18797647571335221,863
minilm-l12,dbpedia-entity,iso,0.6,0.7670915411355735,0.18797647571335221,863
minilm-l12,dbpedia-entity,iso,0.61,0.7670915411355735,0.18797647571335221,863
minilm-l12,dbpedia-entity,iso,0.62,0.7670915411355735,0.18797647571335221,863
minilm-l12,dbpedia-entity,iso,0.63,0.7670915411355735,0.18797647571335221,863
minilm-l12,dbpedia-entity,iso,0.64,0.7670915411355735,0.18797647571335221,863
minilm-l12,dbpedia-entity,iso,0.65,0.7670915411355735,0.18797647571335221,863
minilm-l12,dbpedia-entity,iso,0.66,0.795355587808418,0.15007623611413634,689
minilm-l12,dbpedia-entity,iso,0.67,0.795355587808418,0.15007623611413634,689
minilm-l12,dbpedia-entity,iso,0.68,0.7950581395348837,0.14985841864517535,688
minilm-l12,dbpedia-entity,iso,0.6900000000000001,0.8329938900203666,0.10694837725985624,491
minilm-l12,dbpedia-entity,iso,0.7000000000000001,0.8329938900203666,0.10694837725985624,491
minilm-l12,dbpedia-entity,iso,0.7100000000000001,0.8329938900203666,0.10694837725985624,491
minilm-l12,dbpedia-entity,iso,0.72,0.8329938900203666,0.10694837725985624,491
minilm-l12,dbpedia-entity,iso,0.73,0.8329938900203666,0.10694837725985624,491
minilm-l12,dbpedia-entity,iso,0.74,0.8329938900203666,0.10694837725985624,491
minilm-l12,dbpedia-entity,iso,0.75,0.8329938900203666,0.10694837725985624,491
minilm-l12,dbpedia-entity,iso,0.76,0.8329938900203666,0.10694837725985624,491
minilm-l12,dbpedia-entity,iso,0.77,0.852803738317757,0.09322587671531257,428
minilm-l12,dbpedia-entity,iso,0.78,0.852803738317757,0.09322587671531257,428
minilm-l12,dbpedia-entity,iso,0.79,0.9282296650717703,0.04552385101285123,209
minilm-l12,dbpedia-entity,iso,0.8,0.9282296650717703,0.04552385101285123,209
minilm-l12,dbpedia-entity,iso,0.81,0.9282296650717703,0.04552385101285123,209
minilm-l12,dbpedia-entity,iso,0.8200000000000001,0.9282296650717703,0.04552385101285123,209
minilm-l12,dbpedia-entity,iso,0.8300000000000001,0.9282296650717703,0.04552385101285123,209
minilm-l12,dbpedia-entity,iso,0.8400000000000001,0.9282296650717703,0.04552385101285123,209
minilm-l12,dbpedia-entity,iso,0.85,0.9282296650717703,0.04552385101285123,209
minilm-l12,dbpedia-entity,iso,0.86,0.9282296650717703,0.04552385101285123,209
minilm-l12,dbpedia-entity,iso,0.87,0.9289617486338798,0.03986059681986495,183
minilm-l12,dbpedia-entity,iso,0.88,0.9340659340659341,0.03964277935090394,182
minilm-l12,dbpedia-entity,iso,0.89,0.9484536082474226,0.021128294489218036,97
minilm-l12,dbpedia-entity,iso,0.9,0.9473684210526315,0.020692659551296014,95
minilm-l12,dbpedia-entity,iso,0.91,0.9473684210526315,0.020692659551296014,95
minilm-l12,dbpedia-entity,iso,0.92,0.9468085106382979,0.020474842082335003,94
minilm-l12,dbpedia-entity,iso,0.93,0.956989247311828,0.020257024613373992,93
minilm-l12,dbpedia-entity,iso,0.9400000000000001,0.953125,0.013940318013504684,64
minilm-l12,dbpedia-entity,iso,0.9500000000000001,0.9682539682539683,0.013722500544543673,63
minilm-l12,dbpedia-entity,iso,0.9600000000000001,0.9682539682539683,0.013722500544543673,63
minilm-l12,dbpedia-entity,iso,0.97,0.9682539682539683,0.013722500544543673,63
minilm-l12,dbpedia-entity,iso,0.98,1.0,0.007623611413635374,35
minilm-l12,dbpedia-entity,iso,0.99,1.0,0.007187976475713352,33
minilm-l12,dbpedia-entity,temp_lodo,0.01,0.34698322805489,1.0,4591
minilm-l12,dbpedia-entity,temp_lodo,0.02,0.34698322805489,1.0,4591
minilm-l12,dbpedia-entity,temp_lodo,0.03,0.34698322805489,1.0,4591
minilm-l12,dbpedia-entity,temp_lodo,0.04,0.34698322805489,1.0,4591
minilm-l12,dbpedia-entity,temp_lodo,0.05,0.34698322805489,1.0,4591
minilm-l12,dbpedia-entity,temp_lodo,0.060000000000000005,0.34698322805489,1.0,4591
minilm-l12,dbpedia-entity,temp_lodo,0.06999999999999999,0.34698322805489,1.0,4591
minilm-l12,dbpedia-entity,temp_lodo,0.08,0.34698322805489,1.0,4591
minilm-l12,dbpedia-entity,temp_lodo,0.09,0.34698322805489,1.0,4591
minilm-l12,dbpedia-entity,temp_lodo,0.09999999999999999,0.34698322805489,1.0,4591
minilm-l12,dbpedia-entity,temp_lodo,0.11,0.34698322805489,1.0,4591
minilm-l12,dbpedia-entity,temp_lodo,0.12,0.34698322805489,1.0,4591
minilm-l12,dbpedia-entity,temp_lodo,0.13,0.34698322805489,1.0,4591
minilm-l12,dbpedia-entity,temp_lodo,0.14,0.34698322805489,1.0,4591
minilm-l12,dbpedia-entity,temp_lodo,0.15000000000000002,0.34698322805489,1.0,4591
minilm-l12,dbpedia-entity,temp_lodo,0.16,0.34698322805489,1.0,4591
minilm-l12,dbpedia-entity,temp_lodo,0.17,0.34698322805489,1.0,4591
minilm-l12,dbpedia-entity,temp_lodo,0.18000000000000002,0.34705882352941175,0.999782182531039,4590
minilm-l12,dbpedia-entity,temp_lodo,0.19,0.34857768052516414,0.9954258331518188,4570
minilm-l12,dbpedia-entity,temp_lodo,0.2,0.35058357190046247,0.9891091265519495,4541
minilm-l12,dbpedia-entity,temp_lodo,0.21000000000000002,0.35244631392517156,0.9838815072968852,4517
minilm-l12,dbpedia-entity,temp_lodo,0.22,0.3543289561540174,0.978653888041821,4493
minilm-l12,dbpedia-entity,temp_lodo,0.23,0.356710732691015,0.9721193639729906,4463
minilm-l12,dbpedia-entity,temp_lodo,0.24000000000000002,0.3587201442091032,0.9666739272489654,4438
minilm-l12,dbpedia-entity,temp_lodo,0.25,0.3614895549500454,0.9592681333042911,4404
minilm-l12,dbpedia-entity,temp_lodo,0.26,0.3642187142530313,0.9520801568285776,4371
minilm-l12,dbpedia-entity,temp_lodo,0.27,0.3671586715867159,0.9444565454149423,4336
minilm-l12,dbpedia-entity,temp_lodo,0.28,0.3697420404369045,0.9372685689392289,4303
minilm-l12,dbpedia-entity,temp_lodo,0.29000000000000004,0.37189695550351287,0.9300805924635156,4270
minilm-l12,dbpedia-entity,temp_lodo,0.3,0.37579919488515273,0.9198431714223481,4223
minilm-l12,dbpedia-entity,temp_lodo,0.31,0.37813320601575556,0.9124373774776737,4189
minilm-l12,dbpedia-entity,temp_lodo,0.32,0.3823671497584541,0.9017643214985842,4140
minilm-l12,dbpedia-entity,temp_lodo,0.33,0.3869469567342948,0.8910912655194947,4091
minilm-l12,dbpedia-entity,temp_lodo,0.34,0.39035846724351053,0.8810716619472881,4045
minilm-l12,dbpedia-entity,temp_lodo,0.35000000000000003,0.39246506986027946,0.8730124155957307,4008
minilm-l12,dbpedia-entity,temp_lodo,0.36000000000000004,0.39847715736040606,0.8582008277063821,3940
minilm-l12,dbpedia-entity,temp_lodo,0.37,0.40288139953691793,0.8466565018514485,3887
minilm-l12,dbpedia-entity,temp_lodo,0.38,0.408483896307934,0.8318449139620998,3819
minilm-l12,dbpedia-entity,temp_lodo,0.39,0.4132693844924061,0.817468961010673,3753
minilm-l12,dbpedia-entity,temp_lodo,0.4,0.4191535539880629,0.8028751905902853,3686
minilm-l12,dbpedia-entity,temp_lodo,0.41000000000000003,0.4250207125103563,0.7887170551078196,3621
minilm-l12,dbpedia-entity,temp_lodo,0.42000000000000004,0.4321509009009009,0.7736876497495099,3552
minilm-l12,dbpedia-entity,temp_lodo,0.43,0.4369819948556731,0.7621433238945764,3499
minilm-l12,dbpedia-entity,temp_lodo,0.44,0.4435389988358556,0.7484208233500327,3436
minilm-l12,dbpedia-entity,temp_lodo,0.45,0.4500891265597148,0.7331736005227619,3366
minilm-l12,dbpedia-entity,temp_lodo,0.46,0.4555321073258969,0.7225005445436724,3317
minilm-l12,dbpedia-entity,temp_lodo,0.47000000000000003,0.4640098856966327,0.7050751470267915,3237
minilm-l12,dbpedia-entity,temp_lodo,0.48000000000000004,0.46967782691092863,0.6896101067305598,3166
minilm-l12,dbpedia-entity,temp_lodo,0.49,0.4796084828711256,0.6676105423654977,3065
minilm-l12,dbpedia-entity,temp_lodo,0.5,0.4882234185733513,0.6473535177521237,2972
minilm-l12,dbpedia-entity,temp_lodo,0.51,0.4968814968814969,0.6286212154214768,2886
minilm-l12,dbpedia-entity,temp_lodo,0.52,0.503909026297086,0.612938357656284,2814
minilm-l12,dbpedia-entity,temp_lodo,0.53,0.5099046221570066,0.5937704203877151,2726
minilm-l12,dbpedia-entity,temp_lodo,0.54,0.5195445920303605,0.5739490307122631,2635
minilm-l12,dbpedia-entity,temp_lodo,0.55,0.5280282242257938,0.5556523633195383,2551
minilm-l12,dbpedia-entity,temp_lodo,0.56,0.5374645605508303,0.5377913308647354,2469
minilm-l12,dbpedia-entity,temp_lodo,0.5700000000000001,0.550063371356147,0.5155739490307123,2367
minilm-l12,dbpedia-entity,temp_lodo,0.5800000000000001,0.5625,0.49488128947941623,2272
minilm-l12,dbpedia-entity,temp_lodo,0.59,0.5727314181486548,0.4776737094314964,2193
minilm-l12,dbpedia-entity,temp_lodo,0.6,0.5887984681665869,0.4550206926595513,2089
minilm-l12,dbpedia-entity,temp_lodo,0.61,0.5985111662531017,0.43890219995643653,2015
minilm-l12,dbpedia-entity,temp_lodo,0.62,0.6092680358083201,0.4136353735569593,1899
minilm-l12,dbpedia-entity,temp_lodo,0.63,0.6217270194986072,0.39098235678501414,1795
minilm-l12,dbpedia-entity,temp_lodo,0.64,0.6369578134284016,0.36658680026138096,1683
minilm-l12,dbpedia-entity,temp_lodo,0.65,0.6513530522341096,0.34611195817904594,1589
minilm-l12,dbpedia-entity,temp_lodo,0.66,0.6738983050847458,0.32128076671749073,1475
minilm-l12,dbpedia-entity,temp_lodo,0.67,0.6856088560885609,0.29514267044216946,1355
minilm-l12,dbpedia-entity,temp_lodo,0.68,0.7082990961380444,0.26508385972555,1217
minilm-l12,dbpedia-entity,temp_lodo,0.6900000000000001,0.7257617728531855,0.23589631888477455,1083
minilm-l12,dbpedia-entity,temp_lodo,0.7000000000000001,0.7487019730010385,0.2097582226094533,963
minilm-l12,dbpedia-entity,temp_lodo,0.7100000000000001,0.7725118483412322,0.183837943803093,844
minilm-l12,dbpedia-entity,temp_lodo,0.72,0.7920110192837465,0.15813548246569376,726
minilm-l12,dbpedia-entity,temp_lodo,0.73,0.8203883495145631,0.1346111958179046,618
minilm-l12,dbpedia-entity,temp_lodo,0.74,0.8279158699808795,0.11391853626660858,523
minilm-l12,dbpedia-entity,temp_lodo,0.75,0.8564356435643564,0.08799825746024831,404
minilm-l12,dbpedia-entity,temp_lodo,0.76,0.8823529411764706,0.06665214550206927,306
minilm-l12,dbpedia-entity,temp_lodo,0.77,0.9282296650717703,0.04552385101285123,209
minilm-l12,dbpedia-entity,temp_lodo,0.78,0.9558823529411765,0.029623175778697452,136
minilm-l12,dbpedia-entity,temp_lodo,0.79,0.948051948051948,0.016771945109997823,77
minilm-l12,dbpedia-entity,temp_lodo,0.8,1.0,0.007623611413635374,35
minilm-l12,dbpedia-entity,temp_lodo,0.81,,0.0023959921585711176,11
minilm-l12,dbpedia-entity,temp_lodo,0.8200000000000001,,0.0,0
minilm-l12,dbpedia-entity,temp_lodo,0.8300000000000001,,0.0,0
minilm-l12,dbpedia-entity,temp_lodo,0.8400000000000001,,0.0,0
minilm-l12,dbpedia-entity,temp_lodo,0.85,,0.0,0
minilm-l12,dbpedia-entity,temp_lodo,0.86,,0.0,0
minilm-l12,dbpedia-entity,temp_lodo,0.87,,0.0,0
minilm-l12,dbpedia-entity,temp_lodo,0.88,,0.0,0
minilm-l12,dbpedia-entity,temp_lodo,0.89,,0.0,0
minilm-l12,dbpedia-entity,temp_lodo,0.9,,0.0,0
minilm-l12,dbpedia-entity,temp_lodo,0.91,,0.0,0
minilm-l12,dbpedia-entity,temp_lodo,0.92,,0.0,0
minilm-l12,dbpedia-entity,temp_lodo,0.93,,0.0,0
minilm-l12,dbpedia-entity,temp_lodo,0.9400000000000001,,0.0,0
minilm-l12,dbpedia-entity,temp_lodo,0.9500000000000001,,0.0,0
minilm-l12,dbpedia-entity,temp_lodo,0.9600000000000001,,0.0,0
minilm-l12,dbpedia-entity,temp_lodo,0.97,,0.0,0
minilm-l12,dbpedia-entity,temp_lodo,0.98,,0.0,0
minilm-l12,dbpedia-entity,temp_lodo,0.99,,0.0,0
minilm-l12,trec-covid,raw,0.01,0.6522811344019729,0.9332566168009206,1622
minilm-l12,trec-covid,raw,0.02,0.6572858036272671,0.9200230149597238,1599
minilm-l12,trec-covid,raw,0.03,0.6587202007528231,0.9171461449942463,1594
minilm-l12,trec-covid,raw,0.04,0.6605678233438486,0.9119677790563866,1585
minilm-l12,trec-covid,raw,0.05,0.6626506024096386,0.9073647871116226,1577
minilm-l12,trec-covid,raw,0.060000000000000005,0.6645448758752387,0.9039125431530495,1571
minilm-l12,trec-covid,raw,0.06999999999999999,0.6664536741214058,0.9004602991944765,1565
minilm-l12,trec-covid,raw,0.08,0.6683771648492624,0.8970080552359033,1559
minilm-l12,trec-covid,raw,0.09,0.6716129032258065,0.8918296892980437,1550
minilm-l12,trec-covid,raw,0.09999999999999999,0.6737864077669903,0.8889528193325662,1545
minilm-l12,trec-covid,raw,0.11,0.6748864373783258,0.8866513233601842,1541
minilm-l12,trec-covid,raw,0.12,0.6755526657997399,0.8849252013808976,1538
minilm-l12,trec-covid,raw,0.13,0.67578125,0.8837744533947065,1536
minilm-l12,trec-covid,raw,0.14,0.6764514024787998,0.88204833141542,1533
minilm-l12,trec-covid,raw,0.15000000000000002,0.6762402088772846,0.8814729574223246,1532
minilm-l12,trec-covid,raw,0.16,0.6777996070726916,0.8785960874568469,1527
minilm-l12,trec-covid,raw,0.17,0.6775884665792923,0.8780207134637514,1526
minilm-l12,trec-covid,raw,0.18000000000000002,0.6791584483892176,0.8751438434982739,1521
minilm-l12,trec-covid,raw,0.19,0.6791584483892176,0.8751438434982739,1521
minilm-l12,trec-covid,raw,0.2,0.6798418972332015,0.8734177215189873,1518
minilm-l12,trec-covid,raw,0.21000000000000002,0.6800791556728232,0.8722669735327964,1516
minilm-l12,trec-covid,raw,0.22,0.6809775429326288,0.8711162255466053,1514
minilm-l12,trec-covid,raw,0.23,0.6814276272306675,0.8705408515535098,1513
minilm-l12,trec-covid,raw,0.24000000000000002,0.6814276272306675,0.8705408515535098,1513
minilm-l12,trec-covid,raw,0.25,0.6814276272306675,0.8705408515535098,1513
minilm-l12,trec-covid,raw,0.26,0.6821499668214996,0.8670886075949367,1507
minilm-l12,trec-covid,raw,0.27,0.6826029216467463,0.8665132336018412,1506
minilm-l12,trec-covid,raw,0.28,0.6835106382978723,0.8653624856156502,1504
minilm-l12,trec-covid,raw,0.29000000000000004,0.6835106382978723,0.8653624856156502,1504
minilm-l12,trec-covid,raw,0.3,0.684,0.8630609896432682,1500
minilm-l12,trec-covid,raw,0.31,0.6842456608811749,0.8619102416570771,1498
minilm-l12,trec-covid,raw,0.32,0.6847027388109552,0.8613348676639816,1497
minilm-l12,trec-covid,raw,0.33,0.68561872909699,0.8601841196777905,1495
minilm-l12,trec-covid,raw,0.34,0.6858673811118553,0.8590333716915995,1493
minilm-l12,trec-covid,raw,0.35000000000000003,0.6863270777479893,0.8584579976985041,1492
minilm-l12,trec-covid,raw,0.36000000000000004,0.6859060402684564,0.857307249712313,1490
minilm-l12,trec-covid,raw,0.37,0.6877523553162853,0.8550057537399309,1486
minilm-l12,trec-covid,raw,0.38,0.6891436277815239,0.8532796317606444,1483
minilm-l12,trec-covid,raw,0.39,0.6891436277815239,0.8532796317606444,1483
minilm-l12,trec-covid,raw,0.4,0.6905405405405406,0.8515535097813579,1480
minilm-l12,trec-covid,raw,0.41000000000000003,0.6919431279620853,0.8498273878020713,1477
minilm-l12,trec-covid,raw,0.42000000000000004,0.6917344173441734,0.8492520138089759,1476
minilm-l12,trec-covid,raw,0.43,0.6915254237288135,0.8486766398158804,1475
minilm-l12,trec-covid,raw,0.44,0.6915254237288135,0.8486766398158804,1475
minilm-l12,trec-covid,raw,0.45,0.6915760869565217,0.8469505178365938,1472
minilm-l12,trec-covid,raw,0.46,0.6915760869565217,0.8469505178365938,1472
minilm-l12,trec-covid,raw,0.47000000000000003,0.69141689373297,0.8446490218642118,1468
minilm-l12,trec-covid,raw,0.48000000000000004,0.6933060109289617,0.8423475258918297,1464
minilm-l12,trec-covid,raw,0.49,0.6935704514363885,0.8411967779056386,1462
minilm-l12,trec-covid,raw,0.5,0.6943111720356409,0.8394706559263522,1459
minilm-l12,trec-covid,raw,0.51,0.6947873799725651,0.8388952819332566,1458
minilm-l12,trec-covid,raw,0.52,0.6974500344589938,0.8348676639815881,1451
minilm-l12,trec-covid,raw,0.53,0.6968232044198895,0.8331415420023015,1448
minilm-l12,trec-covid,raw,0.54,0.6973684210526315,0.8308400460299195,1444
minilm-l12,trec-covid,raw,0.55,0.6988202637057599,0.8291139240506329,1441
minilm-l12,trec-covid,raw,0.56,0.6986111111111111,0.8285385500575374,1440
minilm-l12,trec-covid,raw,0.5700000000000001,0.6984679665738162,0.8262370540851554,1436
minilm-l12,trec-covid,raw,0.5800000000000001,0.6990223463687151,0.8239355581127733,1432
minilm-l12,trec-covid,raw,0.59,0.6988120195667366,0.8233601841196778,1431
minilm-l12,trec-covid,raw,0.6,0.6988795518207283,0.8216340621403913,1428
minilm-l12,trec-covid,raw,0.61,0.7006324666198173,0.8187571921749137,1423
minilm-l12,trec-covid,raw,0.62,0.7019027484143763,0.8164556962025317,1419
minilm-l12,trec-covid,raw,0.63,0.7017667844522968,0.8141542002301496,1415
minilm-l12,trec-covid,raw,0.64,0.7025495750708215,0.812428078250863,1412
minilm-l12,trec-covid,raw,0.65,0.7033356990773598,0.8107019562715765,1409
minilm-l12,trec-covid,raw,0.66,0.7042052744119743,0.8072497123130035,1403
minilm-l12,trec-covid,raw,0.67,0.7037830121341898,0.8060989643268124,1401
minilm-l12,trec-covid,raw,0.68,0.7043664996420902,0.8037974683544303,1397
minilm-l12,trec-covid,raw,0.6900000000000001,0.7046594982078853,0.8026467203682394,1395
minilm-l12,trec-covid,raw,0.7000000000000001,0.7045291157440691,0.8003452243958573,1391
minilm-l12,trec-covid,raw,0.7100000000000001,0.7045291157440691,0.8003452243958573,1391
minilm-l12,trec-covid,raw,0.72,0.7053314121037464,0.7986191024165707,1388
minilm-l12,trec-covid,raw,0.73,0.7058399423215573,0.7980437284234753,1387
minilm-l12,trec-covid,raw,0.74,0.7083936324167872,0.7951668584579977,1382
minilm-l12,trec-covid,raw,0.75,0.7089065894279507,0.7945914844649021,1381
minilm-l12,trec-covid,raw,0.76,0.7084844089920233,0.7934407364787112,1379
minilm-l12,trec-covid,raw,0.77,0.7076363636363636,0.7911392405063291,1375
minilm-l12,trec-covid,raw,0.78,0.7079388201019665,0.7899884925201381,1373
minilm-l12,trec-covid,raw,0.79,0.7076023391812866,0.7871116225546605,1368
minilm-l12,trec-covid,raw,0.8,0.7097722263041881,0.783084004602992,1361
minilm-l12,trec-covid,raw,0.81,0.7119645494830132,0.7790563866513234,1354
minilm-l12,trec-covid,raw,0.8200000000000001,0.7137546468401487,0.7738780207134638,1345
minilm-l12,trec-covid,raw,0.8300000000000001,0.7164291072768192,0.7669735327963176,1333
minilm-l12,trec-covid,raw,0.8400000000000001,0.7186081694402421,0.760644418872267,1322
minilm-l12,trec-covid,raw,0.85,0.7184170471841704,0.7560414269275029,1314
minilm-l12,trec-covid,raw,0.86,0.7201834862385321,0.7525891829689298,1308
minilm-l12,trec-covid,raw,0.87,0.7215384615384616,0.7479861910241657,1300
minilm-l12,trec-covid,raw,0.88,0.7245136186770428,0.739355581127733,1285
minilm-l12,trec-covid,raw,0.89,0.7254901960784313,0.733601841196778,1275
minilm-l12,trec-covid,raw,0.9,0.7261247040252565,0.7289988492520139,1267
minilm-l12,trec-covid,raw,0.91,0.727853152434158,0.7209436133486766,1253
minilm-l12,trec-covid,raw,0.92,0.7307073954983923,0.715765247410817,1244
minilm-l12,trec-covid,raw,0.93,0.7330612244897959,0.7048331415420023,1225
minilm-l12,trec-covid,raw,0.9400000000000001,0.740432612312812,0.6915995397008056,1202
minilm-l12,trec-covid,raw,0.9500000000000001,0.7482876712328768,0.6720368239355581,1168
minilm-l12,trec-covid,raw,0.9600000000000001,0.7590149516270889,0.6542002301495973,1137
minilm-l12,trec-covid,raw,0.97,0.7622504537205081,0.6340621403912543,1102
minilm-l12,trec-covid,raw,0.98,0.7784313725490196,0.5868814729574223,1020
minilm-l12,trec-covid,raw,0.99,0.7891156462585034,0.5074798619102416,882
minilm-l12,trec-covid,temp,0.01,0.6242807825086306,1.0,1738
minilm-l12,trec-covid,temp,0.02,0.6242807825086306,1.0,1738
minilm-l12,trec-covid,temp,0.03,0.6242807825086306,1.0,1738
minilm-l12,trec-covid,temp,0.04,0.6242807825086306,1.0,1738
minilm-l12,trec-covid,temp,0.05,0.6242807825086306,1.0,1738
minilm-l12,trec-covid,temp,0.060000000000000005,0.6242807825086306,1.0,1738
minilm-l12,trec-covid,temp,0.06999999999999999,0.6242807825086306,1.0,1738
minilm-l12,trec-covid,temp,0.08,0.6242807825086306,1.0,1738
minilm-l12,trec-covid,temp,0.09,0.6246401842256765,0.9994246260069045,1737
minilm-l12,trec-covid,temp,0.09999999999999999,0.6251441753171857,0.997698504027618,1734
minilm-l12,trec-covid,temp,0.11,0.6284057971014493,0.9925201380897584,1725
minilm-l12,trec-covid,temp,0.12,0.628554846198491,0.9913693901035673,1723
minilm-l12,trec-covid,temp,0.13,0.6290697674418605,0.9896432681242808,1720
minilm-l12,trec-covid,temp,0.14,0.6295864880605707,0.9879171461449943,1717
minilm-l12,trec-covid,temp,0.15000000000000002,0.6304728546409807,0.9856156501726122,1713
minilm-l12,trec-covid,temp,0.16,0.6307151230949589,0.9815880322209436,1706
minilm-l12,trec-covid,temp,0.17,0.6317647058823529,0.9781357882623706,1700
minilm-l12,trec-covid,temp,0.18000000000000002,0.6333530455351862,0.9729574223245109,1691
minilm-l12,trec-covid,temp,0.19,0.6342620035566093,0.9706559263521288,1687
minilm-l12,trec-covid,temp,0.2,0.6357142857142857,0.9666283084004603,1680
minilm-l12,trec-covid,temp,0.21000000000000002,0.6371787208607292,0.9626006904487917,1673
minilm-l12,trec-covid,temp,0.22,0.6387058118633913,0.9602991944764097,1669
minilm-l12,trec-covid,temp,0.23,0.6401925391095066,0.956271576524741,1662
minilm-l12,trec-covid,temp,0.24000000000000002,0.6411338962605548,0.953970080552359,1658
minilm-l12,trec-covid,temp,0.25,0.6444174757281553,0.9482163406214039,1648
minilm-l12,trec-covid,temp,0.26,0.6463785757760194,0.9453394706559264,1643
minilm-l12,trec-covid,temp,0.27,0.6491120636864667,0.9395857307249712,1633
minilm-l12,trec-covid,temp,0.28,0.6522811344019729,0.9332566168009206,1622
minilm-l12,trec-covid,temp,0.29000000000000004,0.6536555142503098,0.9286536248561565,1614
minilm-l12,trec-covid,temp,0.3,0.6568933250155957,0.9223245109321059,1603
minilm-l12,trec-covid,temp,0.31,0.6572858036272671,0.9200230149597238,1599
minilm-l12,trec-covid,temp,0.32,0.6578947368421053,0.9182968929804373,1596
minilm-l12,trec-covid,temp,0.33,0.6587202007528231,0.9171461449942463,1594
minilm-l12,trec-covid,temp,0.34,0.6605678233438486,0.9119677790563866,1585
minilm-l12,trec-covid,temp,0.35000000000000003,0.6613924050632911,0.9090909090909091,1580
minilm-l12,trec-covid,temp,0.36000000000000004,0.6645448758752387,0.9039125431530495,1571
minilm-l12,trec-covid,temp,0.37,0.6673064619321817,0.8993095512082854,1563
minilm-l12,trec-covid,temp,0.38,0.670096463022508,0.8947065592635213,1555
minilm-l12,trec-covid,temp,0.39,0.6744487678339819,0.8872266973532796,1542
minilm-l12,trec-covid,temp,0.4,0.6755526657997399,0.8849252013808976,1538
minilm-l12,trec-covid,temp,0.41000000000000003,0.6762402088772846,0.8814729574223246,1532
minilm-l12,trec-covid,temp,0.42000000000000004,0.6778215223097113,0.8768699654775605,1524
minilm-l12,trec-covid,temp,0.43,0.6798418972332015,0.8734177215189873,1518
minilm-l12,trec-covid,temp,0.44,0.6814276272306675,0.8705408515535098,1513
minilm-l12,trec-covid,temp,0.45,0.6826029216467463,0.8665132336018412,1506
minilm-l12,trec-covid,temp,0.46,0.6847027388109552,0.8613348676639816,1497
minilm-l12,trec-covid,temp,0.47000000000000003,0.6859060402684564,0.857307249712313,1490
minilm-l12,trec-covid,temp,0.48000000000000004,0.6905405405405406,0.8515535097813579,1480
minilm-l12,trec-covid,temp,0.49,0.6915760869565217,0.8469505178365938,1472
minilm-l12,trec-covid,temp,0.5,0.6943111720356409,0.8394706559263522,1459
minilm-l12,trec-covid,temp,0.51,0.6983356449375867,0.8296892980437284,1442
minilm-l12,trec-covid,temp,0.52,0.6988795518207283,0.8216340621403913,1428
minilm-l12,trec-covid,temp,0.53,0.7025495750708215,0.812428078250863,1412
minilm-l12,trec-covid,temp,0.54,0.7046594982078853,0.8026467203682394,1395
minilm-l12,trec-covid,temp,0.55,0.7053314121037464,0.7986191024165707,1388
minilm-l12,trec-covid,temp,0.56,0.7080610021786492,0.7922899884925202,1377
minilm-l12,trec-covid,temp,0.5700000000000001,0.7089442815249267,0.7848101265822784,1364
minilm-l12,trec-covid,temp,0.5800000000000001,0.7152466367713004,0.7698504027617952,1338
minilm-l12,trec-covid,temp,0.59,0.7195121951219512,0.7548906789413119,1312
minilm-l12,trec-covid,temp,0.6,0.7238169123351436,0.7416570771001151,1289
minilm-l12,trec-covid,temp,0.61,0.7251968503937007,0.7307249712313003,1270
minilm-l12,trec-covid,temp,0.62,0.7285828662930345,0.7186421173762946,1249
minilm-l12,trec-covid,temp,0.63,0.7330612244897959,0.7048331415420023,1225
minilm-l12,trec-covid,temp,0.64,0.7439330543933055,0.687571921749137,1195
minilm-l12,trec-covid,temp,0.65,0.7525862068965518,0.667433831990794,1160
minilm-l12,trec-covid,temp,0.66,0.7583774250440917,0.6524741081703107,1134
minilm-l12,trec-covid,temp,0.67,0.7623762376237624,0.6392405063291139,1111
minilm-l12,trec-covid,temp,0.68,0.7666354264292409,0.6139240506329114,1067
minilm-l12,trec-covid,temp,0.6900000000000001,0.7788649706457925,0.5880322209436134,1022
minilm-l12,trec-covid,temp,0.7000000000000001,0.7823886639676113,0.5684695051783659,988
minilm-l12,trec-covid,temp,0.7100000000000001,0.7822410147991543,0.5443037974683544,946
minilm-l12,trec-covid,temp,0.72,0.7890011223344556,0.5126582278481012,891
minilm-l12,trec-covid,temp,0.73,0.7954545454545454,0.4810126582278481,836
minilm-l12,trec-covid,temp,0.74,0.8049095607235142,0.44533947065592633,774
minilm-l12,trec-covid,temp,0.75,0.818830242510699,0.403337169159954,701
minilm-l12,trec-covid,temp,0.76,0.8370607028753994,0.36018411967779057,626
minilm-l12,trec-covid,temp,0.77,0.8422018348623853,0.3135788262370541,545
minilm-l12,trec-covid,temp,0.78,0.85,0.2646720368239356,460
minilm-l12,trec-covid,temp,0.79,0.8518518518518519,0.21749136939010358,378
minilm-l12,trec-covid,temp,0.8,0.8621794871794872,0.17951668584579977,312
minilm-l12,trec-covid,temp,0.81,0.8729508196721312,0.14039125431530494,244
minilm-l12,trec-covid,temp,0.8200000000000001,0.8922155688622755,0.09608745684695051,167
minilm-l12,trec-covid,temp,0.8300000000000001,0.9056603773584906,0.06098964326812428,106
minilm-l12,trec-covid,temp,0.8400000000000001,0.9041095890410958,0.04200230149597238,73
minilm-l12,trec-covid,temp,0.85,0.9565217391304348,0.026467203682393557,46
minilm-l12,trec-covid,temp,0.86,,0.01668584579976985,29
minilm-l12,trec-covid,temp,0.87,,0.006904487917146145,12
minilm-l12,trec-covid,temp,0.88,,0.004027617951668585,7
minilm-l12,trec-covid,temp,0.89,,0.0017261219792865361,3
minilm-l12,trec-covid,temp,0.9,,0.0,0
minilm-l12,trec-covid,temp,0.91,,0.0,0
minilm-l12,trec-covid,temp,0.92,,0.0,0
minilm-l12,trec-covid,temp,0.93,,0.0,0
minilm-l12,trec-covid,temp,0.9400000000000001,,0.0,0
minilm-l12,trec-covid,temp,0.9500000000000001,,0.0,0
minilm-l12,trec-covid,temp,0.9600000000000001,,0.0,0
minilm-l12,trec-covid,temp,0.97,,0.0,0
minilm-l12,trec-covid,temp,0.98,,0.0,0
minilm-l12,trec-covid,temp,0.99,,0.0,0
minilm-l12,trec-covid,platt,0.01,0.6242807825086306,1.0,1738
minilm-l12,trec-covid,platt,0.02,0.6242807825086306,1.0,1738
minilm-l12,trec-covid,platt,0.03,0.6242807825086306,1.0,1738
minilm-l12,trec-covid,platt,0.04,0.6242807825086306,1.0,1738
minilm-l12,trec-covid,platt,0.05,0.6253602305475504,0.9982738780207134,1735
minilm-l12,trec-covid,platt,0.060000000000000005,0.62877030162413,0.9919447640966629,1724
minilm-l12,trec-covid,platt,0.06999999999999999,0.6290697674418605,0.9896432681242808,1720
minilm-l12,trec-covid,platt,0.08,0.6303206997084548,0.9867663981588032,1715
minilm-l12,trec-covid,platt,0.09,0.6305620608899297,0.9827387802071347,1708
minilm-l12,trec-covid,platt,0.09999999999999999,0.6313932980599647,0.9787111622554661,1701
minilm-l12,trec-covid,platt,0.11,0.6333530455351862,0.9729574223245109,1691
minilm-l12,trec-covid,platt,0.12,0.6340450771055753,0.9700805523590333,1686
minilm-l12,trec-covid,platt,0.13,0.6372315035799523,0.9643268124280783,1676
minilm-l12,trec-covid,platt,0.14,0.6387058118633913,0.9602991944764097,1669
minilm-l12,trec-covid,platt,0.15000000000000002,0.6401925391095066,0.956271576524741,1662
minilm-l12,trec-covid,platt,0.16,0.6419082125603864,0.952819332566168,1656
minilm-l12,trec-covid,platt,0.17,0.6455927051671733,0.9464902186421174,1645
minilm-l12,trec-covid,platt,0.18000000000000002,0.6477411477411478,0.9424626006904487,1638
minilm-l12,trec-covid,platt,0.19,0.6516923076923077,0.9349827387802071,1625
minilm-l12,trec-covid,platt,0.2,0.653250773993808,0.929228998849252,1615
minilm-l12,trec-covid,platt,0.21000000000000002,0.6562889165628891,0.9240506329113924,1606
minilm-l12,trec-covid,platt,0.22,0.6570893191755153,0.9211737629459148,1601
minilm-l12,trec-covid,platt,0.23,0.6574827802128992,0.9188722669735327,1597
minilm-l12,trec-covid,platt,0.24000000000000002,0.6587202007528231,0.9171461449942463,1594
minilm-l12,trec-covid,platt,0.25,0.6597353497164461,0.9131185270425777,1587
minilm-l12,trec-covid,platt,0.26,0.6609740670461733,0.9096662830840047,1581
minilm-l12,trec-covid,platt,0.27,0.6639135959339263,0.905638665132336,1574
minilm-l12,trec-covid,platt,0.28,0.6660280970625798,0.9010356731875719,1566
minilm-l12,trec-covid,platt,0.29000000000000004,0.668806161745828,0.8964326812428078,1558
minilm-l12,trec-covid,platt,0.3,0.6737864077669903,0.8889528193325662,1545
minilm-l12,trec-covid,platt,0.31,0.6751137102014295,0.8855005753739931,1539
minilm-l12,trec-covid,platt,0.32,0.6760104302477183,0.8826237054085155,1534
minilm-l12,trec-covid,platt,0.33,0.6777996070726916,0.8785960874568469,1527
minilm-l12,trec-covid,platt,0.34,0.6791584483892176,0.8751438434982739,1521
minilm-l12,trec-covid,platt,0.35000000000000003,0.6800791556728232,0.8722669735327964,1516
minilm-l12,trec-covid,platt,0.36000000000000004,0.6814276272306675,0.8705408515535098,1513
minilm-l12,trec-covid,platt,0.37,0.6835106382978723,0.8653624856156502,1504
minilm-l12,trec-covid,platt,0.38,0.6847027388109552,0.8613348676639816,1497
minilm-l12,trec-covid,platt,0.39,0.6861167002012073,0.8578826237054085,1491
minilm-l12,trec-covid,platt,0.4,0.689608636977058,0.8527042577675489,1482
minilm-l12,trec-covid,platt,0.41000000000000003,0.6915254237288135,0.8486766398158804,1475
minilm-l12,trec-covid,platt,0.42000000000000004,0.6918882072256305,0.8440736478711163,1467
minilm-l12,trec-covid,platt,0.43,0.6960110041265475,0.8365937859608745,1454
minilm-l12,trec-covid,platt,0.44,0.6988202637057599,0.8291139240506329,1441
minilm-l12,trec-covid,platt,0.45,0.6988795518207283,0.8216340621403913,1428
minilm-l12,trec-covid,platt,0.46,0.7020523708421798,0.8130034522439585,1413
minilm-l12,trec-covid,platt,0.47000000000000003,0.7042857142857143,0.8055235903337169,1400
minilm-l12,trec-covid,platt,0.48000000000000004,0.7045291157440691,0.8003452243958573,1391
minilm-l12,trec-covid,platt,0.49,0.707881417208966,0.7957422324510932,1383
minilm-l12,trec-covid,platt,0.5,0.7078488372093024,0.7917146144994246,1376
minilm-l12,trec-covid,platt,0.51,0.7089442815249267,0.7848101265822784,1364
minilm-l12,trec-covid,platt,0.52,0.7148175725986597,0.7727272727272727,1343
minilm-l12,trec-covid,platt,0.53,0.718939393939394,0.759493670886076,1320
minilm-l12,trec-covid,platt,0.54,0.7200920245398773,0.7502876869965478,1304
minilm-l12,trec-covid,platt,0.55,0.7254290171606864,0.7376294591484465,1282
minilm-l12,trec-covid,platt,0.56,0.7255520504731862,0.7295742232451093,1268
minilm-l12,trec-covid,platt,0.5700000000000001,0.728,0.7192174913693901,1250
minilm-l12,trec-covid,platt,0.5800000000000001,0.7319838056680162,0.7105868814729575,1235
minilm-l12,trec-covid,platt,0.59,0.7370156636438582,0.6979286536248561,1213
minilm-l12,trec-covid,platt,0.6,0.7459915611814346,0.6818181818181818,1185
minilm-l12,trec-covid,platt,0.61,0.7528089887640449,0.6657077100115075,1157
minilm-l12,trec-covid,platt,0.62,0.7590149516270889,0.6542002301495973,1137
minilm-l12,trec-covid,platt,0.63,0.7593582887700535,0.6455696202531646,1122
minilm-l12,trec-covid,platt,0.64,0.7646520146520146,0.6283084004602992,1092
minilm-l12,trec-covid,platt,0.65,0.773854961832061,0.6029919447640967,1048
minilm-l12,trec-covid,platt,0.66,0.7788649706457925,0.5880322209436134,1022
minilm-l12,trec-covid,platt,0.67,0.781029263370333,0.5701956271576525,991
minilm-l12,trec-covid,platt,0.68,0.78125,0.5523590333716916,960
minilm-l12,trec-covid,platt,0.6900000000000001,0.7856365614798694,0.5287686996547756,919
minilm-l12,trec-covid,platt,0.7000000000000001,0.7897142857142857,0.503452243958573,875
minilm-l12,trec-covid,platt,0.7100000000000001,0.7952095808383234,0.48043728423475257,835
minilm-l12,trec-covid,platt,0.72,0.800761421319797,0.4533947065592635,788
minilm-l12,trec-covid,platt,0.73,0.8170563961485557,0.41829689298043726,727
minilm-l12,trec-covid,platt,0.74,0.8250377073906485,0.3814729574223245,663
minilm-l12,trec-covid,platt,0.75,0.8411371237458194,0.3440736478711162,598
minilm-l12,trec-covid,platt,0.76,0.846441947565543,0.30724971231300346,534
minilm-l12,trec-covid,platt,0.77,0.851063829787234,0.27042577675489066,470
minilm-l12,trec-covid,platt,0.78,0.8503740648379052,0.23072497123130034,401
minilm-l12,trec-covid,platt,0.79,0.861271676300578,0.19907940161104717,346
minilm-l12,trec-covid,platt,0.8,0.8596491228070176,0.16398158803222093,285
minilm-l12,trec-covid,platt,0.81,0.881578947368421,0.13118527042577677,228
minilm-l12,trec-covid,platt,0.8200000000000001,0.8922155688622755,0.09608745684695051,167
minilm-l12,trec-covid,platt,0.8300000000000001,0.911504424778761,0.06501726121979287,113
minilm-l12,trec-covid,platt,0.8400000000000001,0.9176470588235294,0.048906789413118525,85
minilm-l12,trec-covid,platt,0.85,0.9298245614035088,0.03279631760644419,57
minilm-l12,trec-covid,platt,0.86,0.9512195121951219,0.023590333716915997,41
minilm-l12,trec-covid,platt,0.87,,0.012658227848101266,22
minilm-l12,trec-covid,platt,0.88,,0.006329113924050633,11
minilm-l12,trec-covid,platt,0.89,,0.004027617951668585,7
minilm-l12,trec-covid,platt,0.9,,0.0017261219792865361,3
minilm-l12,trec-covid,platt,0.91,,0.0,0
minilm-l12,trec-covid,platt,0.92,,0.0,0
minilm-l12,trec-covid,platt,0.93,,0.0,0
minilm-l12,trec-covid,platt,0.9400000000000001,,0.0,0
minilm-l12,trec-covid,platt,0.9500000000000001,,0.0,0
minilm-l12,trec-covid,platt,0.9600000000000001,,0.0,0
minilm-l12,trec-covid,platt,0.97,,0.0,0
minilm-l12,trec-covid,platt,0.98,,0.0,0
minilm-l12,trec-covid,platt,0.99,,0.0,0
minilm-l12,trec-covid,iso,0.01,0.6246401842256765,0.9994246260069045,1737
minilm-l12,trec-covid,iso,0.02,0.6246401842256765,0.9994246260069045,1737
minilm-l12,trec-covid,iso,0.03,0.625,0.998849252013809,1736
minilm-l12,trec-covid,iso,0.04,0.625,0.998849252013809,1736
minilm-l12,trec-covid,iso,0.05,0.625,0.998849252013809,1736
minilm-l12,trec-covid,iso,0.060000000000000005,0.625,0.998849252013809,1736
minilm-l12,trec-covid,iso,0.06999999999999999,0.625,0.998849252013809,1736
minilm-l12,trec-covid,iso,0.08,0.625,0.998849252013809,1736
minilm-l12,trec-covid,iso,0.09,0.625,0.998849252013809,1736
minilm-l12,trec-covid,iso,0.09999999999999999,0.625,0.998849252013809,1736
minilm-l12,trec-covid,iso,0.11,0.625,0.998849252013809,1736
minilm-l12,trec-covid,iso,0.12,0.625,0.998849252013809,1736
minilm-l12,trec-covid,iso,0.13,0.625,0.998849252013809,1736
minilm-l12,trec-covid,iso,0.14,0.625,0.998849252013809,1736
minilm-l12,trec-covid,iso,0.15000000000000002,0.625,0.998849252013809,1736
minilm-l12,trec-covid,iso,0.16,0.625,0.998849252013809,1736
minilm-l12,trec-covid,iso,0.17,0.6284057971014493,0.9925201380897584,1725
minilm-l12,trec-covid,iso,0.18000000000000002,0.6522811344019729,0.9332566168009206,1622
minilm-l12,trec-covid,iso,0.19,0.6522811344019729,0.9332566168009206,1622
minilm-l12,trec-covid,iso,0.2,0.6526835286859963,0.932681242807825,1621
minilm-l12,trec-covid,iso,0.21000000000000002,0.6526835286859963,0.932681242807825,1621
minilm-l12,trec-covid,iso,0.22,0.6526835286859963,0.932681242807825,1621
minilm-l12,trec-covid,iso,0.23,0.6526835286859963,0.932681242807825,1621
minilm-l12,trec-covid,iso,0.24000000000000002,0.6548727498448169,0.92692750287687,1611
minilm-l12,trec-covid,iso,0.25,0.6673064619321817,0.8993095512082854,1563
minilm-l12,trec-covid,iso,0.26,0.6673064619321817,0.8993095512082854,1563
minilm-l12,trec-covid,iso,0.27,0.6673064619321817,0.8993095512082854,1563
minilm-l12,trec-covid,iso,0.28,0.6673064619321817,0.8993095512082854,1563
minilm-l12,trec-covid,iso,0.29000000000000004,0.6673064619321817,0.8993095512082854,1563
minilm-l12,trec-covid,iso,0.3,0.6673064619321817,0.8993095512082854,1563
minilm-l12,trec-covid,iso,0.31,0.6733505821474773,0.8895281933256617,1546
minilm-l12,trec-covid,iso,0.32,0.6737864077669903,0.8889528193325662,1545
minilm-l12,trec-covid,iso,0.33,0.6737864077669903,0.8889528193325662,1545
minilm-l12,trec-covid,iso,0.34,0.6744487678339819,0.8872266973532796,1542
minilm-l12,trec-covid,iso,0.35000000000000003,0.6744487678339819,0.8872266973532796,1542
minilm-l12,trec-covid,iso,0.36000000000000004,0.6748864373783258,0.8866513233601842,1541
minilm-l12,trec-covid,iso,0.37,0.6748864373783258,0.8866513233601842,1541
minilm-l12,trec-covid,iso,0.38,0.6988795518207283,0.8216340621403913,1428
minilm-l12,trec-covid,iso,0.39,0.6988795518207283,0.8216340621403913,1428
minilm-l12,trec-covid,iso,0.4,0.6988795518207283,0.8216340621403913,1428
minilm-l12,trec-covid,iso,0.41000000000000003,0.6988795518207283,0.8216340621403913,1428
minilm-l12,trec-covid,iso,0.42000000000000004,0.7080610021786492,0.7922899884925202,1377
minilm-l12,trec-covid,iso,0.43,0.7080610021786492,0.7922899884925202,1377
minilm-l12,trec-covid,iso,0.44,0.7080610021786492,0.7922899884925202,1377
minilm-l12,trec-covid,iso,0.45,0.7155688622754491,0.7686996547756041,1336
minilm-l12,trec-covid,iso,0.46,0.7155688622754491,0.7686996547756041,1336
minilm-l12,trec-covid,iso,0.47000000000000003,0.7155688622754491,0.7686996547756041,1336
minilm-l12,trec-covid,iso,0.48000000000000004,0.7161048689138577,0.7681242807825086,1335
minilm-l12,trec-covid,iso,0.49,0.7161048689138577,0.7681242807825086,1335
minilm-l12,trec-covid,iso,0.5,0.7166416791604198,0.7675489067894131,1334
minilm-l12,trec-covid,iso,0.51,0.7164291072768192,0.7669735327963176,1333
minilm-l12,trec-covid,iso,0.52,0.7321428571428571,0.7088607594936709,1232
minilm-l12,trec-covid,iso,0.53,0.7321428571428571,0.7088607594936709,1232
minilm-l12,trec-covid,iso,0.54,0.7319252640129975,0.7082853855005754,1231
minilm-l12,trec-covid,iso,0.55,0.765625,0.6260069044879172,1088
minilm-l12,trec-covid,iso,0.56,0.765625,0.6260069044879172,1088
minilm-l12,trec-covid,iso,0.5700000000000001,0.7788649706457925,0.5880322209436134,1022
minilm-l12,trec-covid,iso,0.5800000000000001,0.7788649706457925,0.5880322209436134,1022
minilm-l12,trec-covid,iso,0.59,0.7788649706457925,0.5880322209436134,1022
minilm-l12,trec-covid,iso,0.6,0.7788649706457925,0.5880322209436134,1022
minilm-l12,trec-covid,iso,0.61,0.7788649706457925,0.5880322209436134,1022
minilm-l12,trec-covid,iso,0.62,0.7788649706457925,0.5880322209436134,1022
minilm-l12,trec-covid,iso,0.63,0.7899543378995434,0.5040276179516686,876
minilm-l12,trec-covid,iso,0.64,0.7899543378995434,0.5040276179516686,876
minilm-l12,trec-covid,iso,0.65,0.7899543378995434,0.5040276179516686,876
minilm-l12,trec-covid,iso,0.66,0.7899543378995434,0.5040276179516686,876
minilm-l12,trec-covid,iso,0.67,0.7897142857142857,0.503452243958573,875
minilm-l12,trec-covid,iso,0.68,0.7897142857142857,0.503452243958573,875
minilm-l12,trec-covid,iso,0.6900000000000001,0.7897142857142857,0.503452243958573,875
minilm-l12,trec-covid,iso,0.7000000000000001,0.7897142857142857,0.503452243958573,875
minilm-l12,trec-covid,iso,0.7100000000000001,0.7897142857142857,0.503452243958573,875
minilm-l12,trec-covid,iso,0.72,0.8282674772036475,0.378596087456847,658
minilm-l12,trec-covid,iso,0.73,0.8295281582952816,0.37802071346375143,657
minilm-l12,trec-covid,iso,0.74,0.8295281582952816,0.37802071346375143,657
minilm-l12,trec-covid,iso,0.75,0.8439306358381503,0.29861910241657075,519
minilm-l12,trec-covid,iso,0.76,0.8455598455598455,0.29804372842347526,518
minilm-l12,trec-covid,iso,0.77,0.8455598455598455,0.29804372842347526,518
minilm-l12,trec-covid,iso,0.78,0.8455598455598455,0.29804372842347526,518
minilm-l12,trec-covid,iso,0.79,0.8455598455598455,0.29804372842347526,518
minilm-l12,trec-covid,iso,0.8,0.8503937007874016,0.21921749136939012,381
minilm-l12,trec-covid,iso,0.81,0.8503937007874016,0.21921749136939012,381
minilm-l12,trec-covid,iso,0.8200000000000001,0.8607242339832869,0.20655926352128884,359
minilm-l12,trec-covid,iso,0.8300000000000001,0.8603351955307262,0.20598388952819333,358
minilm-l12,trec-covid,iso,0.8400000000000001,0.8647058823529412,0.1956271576524741,340
minilm-l12,trec-covid,iso,0.85,0.8643067846607669,0.19505178365937859,339
minilm-l12,trec-covid,iso,0.86,0.8643067846607669,0.19505178365937859,339
minilm-l12,trec-covid,iso,0.87,0.8668639053254438,0.19447640966628307,338
minilm-l12,trec-covid,iso,0.88,0.86084142394822,0.17779056386651323,309
minilm-l12,trec-covid,iso,0.89,0.9137931034482759,0.0667433831990794,116
minilm-l12,trec-covid,iso,0.9,0.911504424778761,0.06501726121979287,113
minilm-l12,trec-covid,iso,0.91,0.9298245614035088,0.03279631760644419,57
minilm-l12,trec-covid,iso,0.92,0.9298245614035088,0.03279631760644419,57
minilm-l12,trec-covid,iso,0.93,0.9298245614035088,0.03279631760644419,57
minilm-l12,trec-covid,iso,0.9400000000000001,0.967741935483871,0.017836593785960874,31
minilm-l12,trec-covid,iso,0.9500000000000001,0.967741935483871,0.017836593785960874,31
minilm-l12,trec-covid,iso,0.9600000000000001,0.967741935483871,0.017836593785960874,31
minilm-l12,trec-covid,iso,0.97,0.967741935483871,0.017836593785960874,31
minilm-l12,trec-covid,iso,0.98,0.967741935483871,0.017836593785960874,31
minilm-l12,trec-covid,iso,0.99,0.967741935483871,0.017836593785960874,31
minilm-l12,trec-covid,temp_lodo,0.01,0.6242807825086306,1.0,1738
minilm-l12,trec-covid,temp_lodo,0.02,0.6242807825086306,1.0,1738
minilm-l12,trec-covid,temp_lodo,0.03,0.6242807825086306,1.0,1738
minilm-l12,trec-covid,temp_lodo,0.04,0.6242807825086306,1.0,1738
minilm-l12,trec-covid,temp_lodo,0.05,0.6242807825086306,1.0,1738
minilm-l12,trec-covid,temp_lodo,0.060000000000000005,0.6242807825086306,1.0,1738
minilm-l12,trec-covid,temp_lodo,0.06999999999999999,0.6242807825086306,1.0,1738
minilm-l12,trec-covid,temp_lodo,0.08,0.6242807825086306,1.0,1738
minilm-l12,trec-covid,temp_lodo,0.09,0.6242807825086306,1.0,1738
minilm-l12,trec-covid,temp_lodo,0.09999999999999999,0.6242807825086306,1.0,1738
minilm-l12,trec-covid,temp_lodo,0.11,0.6242807825086306,1.0,1738
minilm-l12,trec-covid,temp_lodo,0.12,0.6242807825086306,1.0,1738
minilm-l12,trec-covid,temp_lodo,0.13,0.6242807825086306,1.0,1738
minilm-l12,trec-covid,temp_lodo,0.14,0.6242807825086306,1.0,1738
minilm-l12,trec-covid,temp_lodo,0.15000000000000002,0.6242807825086306,1.0,1738
minilm-l12,trec-covid,temp_lodo,0.16,0.6242807825086306,1.0,1738
minilm-l12,trec-covid,temp_lodo,0.17,0.6242807825086306,1.0,1738
minilm-l12,trec-covid,temp_lodo,0.18000000000000002,0.6242807825086306,1.0,1738
minilm-l12,trec-covid,temp_lodo,0.19,0.625,0.998849252013809,1736
minilm-l12,trec-covid,temp_lodo,0.2,0.6262276140958983,0.9959723820483314,1731
minilm-l12,trec-covid,temp_lodo,0.21000000000000002,0.6284057971014493,0.9925201380897584,1725
minilm-l12,trec-covid,temp_lodo,0.22,0.628554846198491,0.9913693901035673,1723
minilm-l12,trec-covid,temp_lodo,0.23,0.6290697674418605,0.9896432681242808,1720
minilm-l12,trec-covid,temp_lodo,0.24000000000000002,0.62995337995338,0.9873417721518988,1716
minilm-l12,trec-covid,temp_lodo,0.25,0.6300409117475161,0.9844649021864211,1711
minilm-l12,trec-covid,temp_lodo,0.26,0.6307151230949589,0.9815880322209436,1706
minilm-l12,trec-covid,temp_lodo,0.27,0.6319199057714959,0.9769850402761795,1698
minilm-l12,trec-covid,temp_lodo,0.28,0.6333530455351862,0.9729574223245109,1691
minilm-l12,trec-covid,temp_lodo,0.29000000000000004,0.6355529131985731,0.9677790563866513,1682
minilm-l12,trec-covid,temp_lodo,0.3,0.6370149253731343,0.9637514384349828,1675
minilm-l12,trec-covid,temp_lodo,0.31,0.6387058118633913,0.9602991944764097,1669
minilm-l12,trec-covid,temp_lodo,0.32,0.6409638554216868,0.9551208285385501,1660
minilm-l12,trec-covid,temp_lodo,0.33,0.6428571428571429,0.950517836593786,1652
minilm-l12,trec-covid,temp_lodo,0.34,0.6463785757760194,0.9453394706559264,1643
minilm-l12,trec-covid,temp_lodo,0.35000000000000003,0.6515058389674248,0.9361334867663982,1627
minilm-l12,trec-covid,temp_lodo,0.36000000000000004,0.653250773993808,0.929228998849252,1615
minilm-l12,trec-covid,temp_lodo,0.37,0.6566791510611736,0.9217491369390104,1602
minilm-l12,trec-covid,temp_lodo,0.38,0.6570713391739674,0.9194476409666283,1598
minilm-l12,trec-covid,temp_lodo,0.39,0.6589195979899497,0.9159953970080552,1592
minilm-l12,trec-covid,temp_lodo,0.4,0.6605562579013906,0.9102416570771001,1582
minilm-l12,trec-covid,temp_lodo,0.41000000000000003,0.6645448758752387,0.9039125431530495,1571
minilm-l12,trec-covid,temp_lodo,0.42000000000000004,0.6683771648492624,0.8970080552359033,1559
minilm-l12,trec-covid,temp_lodo,0.43,0.6748864373783258,0.8866513233601842,1541
minilm-l12,trec-covid,temp_lodo,0.44,0.6764514024787998,0.88204833141542,1533
minilm-l12,trec-covid,temp_lodo,0.45,0.6787122207621551,0.8757192174913694,1522
minilm-l12,trec-covid,temp_lodo,0.46,0.6814276272306675,0.8705408515535098,1513
minilm-l12,trec-covid,temp_lodo,0.47000000000000003,0.6835106382978723,0.8653624856156502,1504
minilm-l12,trec-covid,temp_lodo,0.48000000000000004,0.6861167002012073,0.8578826237054085,1491
minilm-l12,trec-covid,temp_lodo,0.49,0.6915254237288135,0.8486766398158804,1475
minilm-l12,trec-covid,temp_lodo,0.5,0.6943111720356409,0.8394706559263522,1459
minilm-l12,trec-covid,temp_lodo,0.51,0.6989547038327526,0.8256616800920599,1435
minilm-l12,trec-covid,temp_lodo,0.52,0.7035460992907802,0.8112773302646721,1410
minilm-l12,trec-covid,temp_lodo,0.53,0.7043165467625899,0.7997698504027618,1390
minilm-l12,trec-covid,temp_lodo,0.54,0.7076363636363636,0.7911392405063291,1375
minilm-l12,trec-covid,temp_lodo,0.55,0.7142857142857143,0.7733026467203682,1344
minilm-l12,trec-covid,temp_lodo,0.56,0.7201834862385321,0.7525891829689298,1308
minilm-l12,trec-covid,temp_lodo,0.5700000000000001,0.7254130605822188,0.7313003452243959,1271
minilm-l12,trec-covid,temp_lodo,0.5800000000000001,0.7307073954983923,0.715765247410817,1244
minilm-l12,trec-covid,temp_lodo,0.59,0.7416666666666667,0.6904487917146145,1200
minilm-l12,trec-covid,temp_lodo,0.6,0.7563098346388164,0.6611047180667434,1149
minilm-l12,trec-covid,temp_lodo,0.61,0.761180679785331,0.6432681242807825,1118
minilm-l12,trec-covid,temp_lodo,0.62,0.773854961832061,0.6029919447640967,1048
minilm-l12,trec-covid,temp_lodo,0.63,0.7813440320962889,0.5736478711162255,997
minilm-l12,trec-covid,temp_lodo,0.64,0.7844183564567769,0.5391254315304949,937
minilm-l12,trec-covid,temp_lodo,0.65,0.7939814814814815,0.49712313003452246,864
minilm-l12,trec-covid,temp_lodo,0.66,0.8010139416983524,0.45397008055235905,789
minilm-l12,trec-covid,temp_lodo,0.67,0.8224163027656477,0.3952819332566168,687
minilm-l12,trec-covid,temp_lodo,0.68,0.846286701208981,0.3331415420023015,579
minilm-l12,trec-covid,temp_lodo,0.6900000000000001,0.8541666666666666,0.2761795166858458,480
minilm-l12,trec-covid,temp_lodo,0.7000000000000001,0.856,0.21576524741081704,375
minilm-l12,trec-covid,temp_lodo,0.7100000000000001,0.856655290102389,0.16858457997698503,293
minilm-l12,trec-covid,temp_lodo,0.72,0.8878048780487805,0.11795166858457998,205
minilm-l12,trec-covid,temp_lodo,0.73,0.916030534351145,0.07537399309551208,131
minilm-l12,trec-covid,temp_lodo,0.74,0.9166666666666666,0.04833141542002301,84
minilm-l12,trec-covid,temp_lodo,0.75,0.9433962264150944,0.03049482163406214,53
minilm-l12,trec-covid,temp_lodo,0.76,0.9666666666666667,0.01726121979286536,30
minilm-l12,trec-covid,temp_lodo,0.77,,0.00805523590333717,14
minilm-l12,trec-covid,temp_lodo,0.78,,0.004027617951668585,7
minilm-l12,trec-covid,temp_lodo,0.79,,0.0017261219792865361,3
minilm-l12,trec-covid,temp_lodo,0.8,,0.0,0
minilm-l12,trec-covid,temp_lodo,0.81,,0.0,0
minilm-l12,trec-covid,temp_lodo,0.8200000000000001,,0.0,0
minilm-l12,trec-covid,temp_lodo,0.8300000000000001,,0.0,0
minilm-l12,trec-covid,temp_lodo,0.8400000000000001,,0.0,0
minilm-l12,trec-covid,temp_lodo,0.85,,0.0,0
minilm-l12,trec-covid,temp_lodo,0.86,,0.0,0
minilm-l12,trec-covid,temp_lodo,0.87,,0.0,0
minilm-l12,trec-covid,temp_lodo,0.88,,0.0,0
minilm-l12,trec-covid,temp_lodo,0.89,,0.0,0
minilm-l12,trec-covid,temp_lodo,0.9,,0.0,0
minilm-l12,trec-covid,temp_lodo,0.91,,0.0,0
minilm-l12,trec-covid,temp_lodo,0.92,,0.0,0
minilm-l12,trec-covid,temp_lodo,0.93,,0.0,0
minilm-l12,trec-covid,temp_lodo,0.9400000000000001,,0.0,0
minilm-l12,trec-covid,temp_lodo,0.9500000000000001,,0.0,0
minilm-l12,trec-covid,temp_lodo,0.9600000000000001,,0.0,0
minilm-l12,trec-covid,temp_lodo,0.97,,0.0,0
minilm-l12,trec-covid,temp_lodo,0.98,,0.0,0
minilm-l12,trec-covid,temp_lodo,0.99,,0.0,0
minilm-l12,trec-dl-2019,raw,0.01,0.39072847682119205,0.8512575888985255,1963
minilm-l12,trec-dl-2019,raw,0.02,0.39915966386554624,0.8256721595836947,1904
minilm-l12,trec-dl-2019,raw,0.03,0.4044157242864836,0.8052905464006939,1857
minilm-l12,trec-dl-2019,raw,0.04,0.4083969465648855,0.795316565481353,1834
minilm-l12,trec-dl-2019,raw,0.05,0.4117971334068357,0.7866435385949696,1814
minilm-l12,trec-dl-2019,raw,0.060000000000000005,0.41457985531441294,0.7792714657415438,1797
minilm-l12,trec-dl-2019,raw,0.06999999999999999,0.4171813587871982,0.7723330442324371,1781
minilm-l12,trec-dl-2019,raw,0.08,0.41855203619909503,0.766695576756288,1768
minilm-l12,trec-dl-2019,raw,0.09,0.41918903483723585,0.7593235039028621,1751
minilm-l12,trec-dl-2019,raw,0.09999999999999999,0.4182027649769585,0.7528187337380746,1736
minilm-l12,trec-dl-2019,raw,0.11,0.4184149184149184,0.7441457068516912,1716
minilm-l12,trec-dl-2019,raw,0.12,0.42012873025160913,0.7411101474414571,1709
minilm-l12,trec-dl-2019,raw,0.13,0.4216725559481743,0.7363399826539462,1698
minilm-l12,trec-dl-2019,raw,0.14,0.4232142857142857,0.7285342584562012,1680
minilm-l12,trec-dl-2019,raw,0.15000000000000002,0.4251497005988024,0.7241977450130095,1670
minilm-l12,trec-dl-2019,raw,0.16,0.42685129440096325,0.720294882914137,1661
minilm-l12,trec-dl-2019,raw,0.17,0.42675544794188863,0.7163920208152645,1652
minilm-l12,trec-dl-2019,raw,0.18000000000000002,0.4282238442822384,0.7129228100607112,1644
minilm-l12,trec-dl-2019,raw,0.19,0.4286589099816289,0.7081526452732003,1633
minilm-l12,trec-dl-2019,raw,0.2,0.42874692874692877,0.7059843885516045,1628
minilm-l12,trec-dl-2019,raw,0.21000000000000002,0.43042671614100186,0.7012142237640937,1617
minilm-l12,trec-dl-2019,raw,0.22,0.4335620711166563,0.6951431049436253,1603
minilm-l12,trec-dl-2019,raw,0.23,0.43431803896920174,0.6899392888117953,1591
minilm-l12,trec-dl-2019,raw,0.24000000000000002,0.4341772151898734,0.6851691240242844,1580
minilm-l12,trec-dl-2019,raw,0.25,0.43483788938334395,0.6821335646140503,1573
minilm-l12,trec-dl-2019,raw,0.26,0.4358647096362476,0.6795316565481353,1567
minilm-l12,trec-dl-2019,raw,0.27,0.437862202189311,0.673460537727667,1553
minilm-l12,trec-dl-2019,raw,0.28,0.4381443298969072,0.6730268863833477,1552
minilm-l12,trec-dl-2019,raw,0.29000000000000004,0.4385510996119017,0.6704249783174328,1546
minilm-l12,trec-dl-2019,raw,0.3,0.4398178269355888,0.6665221162185603,1537
minilm-l12,trec-dl-2019,raw,0.31,0.4408109875735775,0.663052905464007,1529
minilm-l12,trec-dl-2019,raw,0.32,0.44057780695994747,0.660450997398092,1523
minilm-l12,trec-dl-2019,raw,0.33,0.4425363276089828,0.6565481352992194,1514
minilm-l12,trec-dl-2019,raw,0.34,0.4436339522546419,0.6539462272333044,1508
minilm-l12,trec-dl-2019,raw,0.35000000000000003,0.4441489361702128,0.6522116218560278,1504
minilm-l12,trec-dl-2019,raw,0.36000000000000004,0.44496330887258173,0.650043365134432,1499
minilm-l12,trec-dl-2019,raw,0.37,0.445260347129506,0.6496097137901128,1498
minilm-l12,trec-dl-2019,raw,0.38,0.44705093833780163,0.6470078057241977,1492
minilm-l12,trec-dl-2019,raw,0.39,0.4475100942126514,0.6444058976582827,1486
minilm-l12,trec-dl-2019,raw,0.4,0.4483457123565159,0.6422376409366869,1481
minilm-l12,trec-dl-2019,raw,0.41000000000000003,0.44955991875423157,0.6405030355594102,1477
minilm-l12,trec-dl-2019,raw,0.42000000000000004,0.4512610770279482,0.6361665221162186,1467
minilm-l12,trec-dl-2019,raw,0.43,0.45229924502402197,0.6318300086730269,1457
minilm-l12,trec-dl-2019,raw,0.44,0.452856159669649,0.6300954032957502,1453
minilm-l12,trec-dl-2019,raw,0.45,0.45504840940525587,0.627059843885516,1446
minilm-l12,trec-dl-2019,raw,0.46,0.4575208913649025,0.6227233304423244,1436
minilm-l12,trec-dl-2019,raw,0.47000000000000003,0.4581005586592179,0.6209887250650477,1432
minilm-l12,trec-dl-2019,raw,0.48000000000000004,0.4595924104005622,0.6170858629661752,1423
minilm-l12,trec-dl-2019,raw,0.49,0.4611581920903955,0.614050303555941,1416
minilm-l12,trec-dl-2019,raw,0.5,0.46279234585400425,0.6118820468343452,1411
minilm-l12,trec-dl-2019,raw,0.51,0.4642857142857143,0.6071118820468343,1400
minilm-l12,trec-dl-2019,raw,0.52,0.4648997134670487,0.6053772766695577,1396
minilm-l12,trec-dl-2019,raw,0.53,0.46690647482014386,0.6027753686036427,1390
minilm-l12,trec-dl-2019,raw,0.54,0.4685466377440347,0.5997398091934085,1383
minilm-l12,trec-dl-2019,raw,0.55,0.46879535558780844,0.5975715524718127,1378
minilm-l12,trec-dl-2019,raw,0.56,0.47218155197657397,0.5923677363399826,1366
minilm-l12,trec-dl-2019,raw,0.5700000000000001,0.47318148420279205,0.5901994796183868,1361
minilm-l12,trec-dl-2019,raw,0.5800000000000001,0.47236551215917466,0.5884648742411102,1357
minilm-l12,trec-dl-2019,raw,0.59,0.47411242603550297,0.5862966175195143,1352
minilm-l12,trec-dl-2019,raw,0.6,0.475482912332838,0.5836947094535994,1346
minilm-l12,trec-dl-2019,raw,0.61,0.4761194029850746,0.5810928013876843,1340
minilm-l12,trec-dl-2019,raw,0.62,0.47930775018811134,0.5763226366001735,1329
minilm-l12,trec-dl-2019,raw,0.63,0.4811178247734139,0.5741543798785776,1324
minilm-l12,trec-dl-2019,raw,0.64,0.48514851485148514,0.5693842150910667,1313
minilm-l12,trec-dl-2019,raw,0.65,0.4847094801223242,0.5672159583694709,1308
minilm-l12,trec-dl-2019,raw,0.66,0.4846390168970814,0.5646140503035559,1302
minilm-l12,trec-dl-2019,raw,0.67,0.4846153846153846,0.5637467476149176,1300
minilm-l12,trec-dl-2019,raw,0.68,0.48494208494208496,0.5615784908933218,1295
minilm-l12,trec-dl-2019,raw,0.6900000000000001,0.4864235841737781,0.5589765828274068,1289
minilm-l12,trec-dl-2019,raw,0.7000000000000001,0.48829953198127923,0.5559410234171726,1282
minilm-l12,trec-dl-2019,raw,0.7100000000000001,0.49058084772370486,0.5524718126626192,1274
minilm-l12,trec-dl-2019,raw,0.72,0.4920886075949367,0.5481352992194276,1264
minilm-l12,trec-dl-2019,raw,0.73,0.492442322991249,0.5450997398091935,1257
minilm-l12,trec-dl-2019,raw,0.74,0.4940143655227454,0.5433651344319167,1253
minilm-l12,trec-dl-2019,raw,0.75,0.4967897271268058,0.5403295750216826,1246
minilm-l12,trec-dl-2019,raw,0.76,0.49878934624697335,0.5372940156114484,1239
minilm-l12,trec-dl-2019,raw,0.77,0.49878147847278637,0.5338248048568951,1231
minilm-l12,trec-dl-2019,raw,0.78,0.5020508613617719,0.528620988725065,1219
minilm-l12,trec-dl-2019,raw,0.79,0.5028949545078577,0.5242844752818734,1209
minilm-l12,trec-dl-2019,raw,0.8,0.5041736227045075,0.5195143104943626,1198
minilm-l12,trec-dl-2019,raw,0.81,0.5076013513513513,0.5134431916738942,1184
minilm-l12,trec-dl-2019,raw,0.8200000000000001,0.5085178875638842,0.5091066782307025,1174
minilm-l12,trec-dl-2019,raw,0.8300000000000001,0.5107480653482374,0.5043365134431916,1163
minilm-l12,trec-dl-2019,raw,0.8400000000000001,0.5108412836079792,0.5,1153
minilm-l12,trec-dl-2019,raw,0.85,0.5122591943957968,0.49522983521248914,1142
minilm-l12,trec-dl-2019,raw,0.86,0.5159010600706714,0.4908933217692975,1132
minilm-l12,trec-dl-2019,raw,0.87,0.5174574753804835,0.48438855160451,1117
minilm-l12,trec-dl-2019,raw,0.88,0.5192660550458715,0.47267996530789247,1090
minilm-l12,trec-dl-2019,raw,0.89,0.5214552238805971,0.46487424111014747,1072
minilm-l12,trec-dl-2019,raw,0.9,0.524170616113744,0.4575021682567216,1055
minilm-l12,trec-dl-2019,raw,0.91,0.5229885057471264,0.4527320034692108,1044
minilm-l12,trec-dl-2019,raw,0.92,0.5267770204479065,0.4453599306157849,1027
minilm-l12,trec-dl-2019,raw,0.93,0.5334665334665335,0.4340849956634866,1001
minilm-l12,trec-dl-2019,raw,0.9400000000000001,0.541795665634675,0.4202081526452732,969
minilm-l12,trec-dl-2019,raw,0.9500000000000001,0.5479744136460555,0.406764960971379,938
minilm-l12,trec-dl-2019,raw,0.9600000000000001,0.5540691192865106,0.38898525585429317,897
minilm-l12,trec-dl-2019,raw,0.97,0.5648584905660378,0.3677363399826539,848
minilm-l12,trec-dl-2019,raw,0.98,0.5842985842985843,0.3369470945359931,777
minilm-l12,trec-dl-2019,raw,0.99,0.6201201201201201,0.2888117953165655,666
minilm-l12,trec-dl-2019,temp,0.01,0.34952298352124894,1.0,2306
minilm-l12,trec-dl-2019,temp,0.02,0.34952298352124894,1.0,2306
minilm-l12,trec-dl-2019,temp,0.03,0.34952298352124894,1.0,2306
minilm-l12,trec-dl-2019,temp,0.04,0.34952298352124894,1.0,2306
minilm-l12,trec-dl-2019,temp,0.05,0.34952298352124894,1.0,2306
minilm-l12,trec-dl-2019,temp,0.060000000000000005,0.34952298352124894,1.0,2306
minilm-l12,trec-dl-2019,temp,0.06999999999999999,0.34952298352124894,1.0,2306
minilm-l12,trec-dl-2019,temp,0.08,0.34952298352124894,1.0,2306
minilm-l12,trec-dl-2019,temp,0.09,0.34952298352124894,1.0,2306
minilm-l12,trec-dl-2019,temp,0.09999999999999999,0.34952298352124894,1.0,2306
minilm-l12,trec-dl-2019,temp,0.11,0.34952298352124894,1.0,2306
minilm-l12,trec-dl-2019,temp,0.12,0.34952298352124894,1.0,2306
minilm-l12,trec-dl-2019,temp,0.13,0.34952298352124894,1.0,2306
minilm-l12,trec-dl-2019,temp,0.14,0.34952298352124894,1.0,2306
minilm-l12,trec-dl-2019,temp,0.15000000000000002,0.34952298352124894,1.0,2306
minilm-l12,trec-dl-2019,temp,0.16,0.34952298352124894,1.0,2306
minilm-l12,trec-dl-2019,temp,0.17,0.3498263888888889,0.9991326973113617,2304
minilm-l12,trec-dl-2019,temp,0.18000000000000002,0.35181143605412485,0.9934952298352124,2291
minilm-l12,trec-dl-2019,temp,0.19,0.3546819787985866,0.981786643538595,2264
minilm-l12,trec-dl-2019,temp,0.2,0.35631672597864766,0.9748482220294883,2248
minilm-l12,trec-dl-2019,temp,0.21000000000000002,0.3574944071588367,0.9692107545533392,2235
minilm-l12,trec-dl-2019,temp,0.22,0.3576248313090418,0.9640069384215091,2223
minilm-l12,trec-dl-2019,temp,0.23,0.3588235294117647,0.95836947094536,2210
minilm-l12,trec-dl-2019,temp,0.24000000000000002,0.3604385564184559,0.9492627927146574,2189
minilm-l12,trec-dl-2019,temp,0.25,0.3630924988495168,0.9423243712055508,2173
minilm-l12,trec-dl-2019,temp,0.26,0.36595547309833026,0.9349522983521249,2156
minilm-l12,trec-dl-2019,temp,0.27,0.36802625410220347,0.924978317432784,2133
minilm-l12,trec-dl-2019,temp,0.28,0.36916548797736914,0.9197745013009541,2121
minilm-l12,trec-dl-2019,temp,0.29000000000000004,0.370952380952381,0.9106678230702515,2100
minilm-l12,trec-dl-2019,temp,0.3,0.37367915465898177,0.9028620988725065,2082
minilm-l12,trec-dl-2019,temp,0.31,0.3765730880929332,0.8959236773633998,2066
minilm-l12,trec-dl-2019,temp,0.32,0.38008827856792543,0.8842150910667823,2039
minilm-l12,trec-dl-2019,temp,0.33,0.38515196811160934,0.870338248048569,2007
minilm-l12,trec-dl-2019,temp,0.34,0.3907520325203252,0.8534258456201215,1968
minilm-l12,trec-dl-2019,temp,0.35000000000000003,0.3923076923076923,0.8456201214223764,1950
minilm-l12,trec-dl-2019,temp,0.36000000000000004,0.39604989604989604,0.834345186470078,1924
minilm-l12,trec-dl-2019,temp,0.37,0.4004226096143687,0.8209019947961839,1893
minilm-l12,trec-dl-2019,temp,0.38,0.40451855836471223,0.8061578490893322,1859
minilm-l12,trec-dl-2019,temp,0.39,0.4083969465648855,0.795316565481353,1834
minilm-l12,trec-dl-2019,temp,0.4,0.4120242691671263,0.7862098872506504,1813
minilm-l12,trec-dl-2019,temp,0.41000000000000003,0.41727425687044306,0.7732003469210754,1783
minilm-l12,trec-dl-2019,temp,0.42000000000000004,0.4188571428571429,0.7588898525585429,1750
minilm-l12,trec-dl-2019,temp,0.43,0.42012873025160913,0.7411101474414571,1709
minilm-l12,trec-dl-2019,temp,0.44,0.4251497005988024,0.7241977450130095,1670
minilm-l12,trec-dl-2019,temp,0.45,0.42857142857142855,0.707285342584562,1631
minilm-l12,trec-dl-2019,temp,0.46,0.4344521849271691,0.6847354726799653,1579
minilm-l12,trec-dl-2019,temp,0.47000000000000003,0.4398178269355888,0.6665221162185603,1537
minilm-l12,trec-dl-2019,temp,0.48000000000000004,0.44496330887258173,0.650043365134432,1499
minilm-l12,trec-dl-2019,temp,0.49,0.45198902606310015,0.632263660017346,1458
minilm-l12,trec-dl-2019,temp,0.5,0.46279234585400425,0.6118820468343452,1411
minilm-l12,trec-dl-2019,temp,0.51,0.47318148420279205,0.5901994796183868,1361
minilm-l12,trec-dl-2019,temp,0.52,0.48404255319148937,0.5706851691240243,1316
minilm-l12,trec-dl-2019,temp,0.53,0.48829953198127923,0.5559410234171726,1282
minilm-l12,trec-dl-2019,temp,0.54,0.4991935483870968,0.5377276669557676,1240
minilm-l12,trec-dl-2019,temp,0.55,0.5067226890756302,0.5160450997398092,1190
minilm-l12,trec-dl-2019,temp,0.56,0.5118110236220472,0.4956634865568083,1143
minilm-l12,trec-dl-2019,temp,0.5700000000000001,0.5202578268876611,0.47094535993061576,1086
minilm-l12,trec-dl-2019,temp,0.5800000000000001,0.522488038277512,0.45316565481352994,1045
minilm-l12,trec-dl-2019,temp,0.59,0.534,0.4336513443191674,1000
minilm-l12,trec-dl-2019,temp,0.6,0.544973544973545,0.4098005203816132,945
minilm-l12,trec-dl-2019,temp,0.61,0.5541899441340782,0.38811795316565484,895
minilm-l12,trec-dl-2019,temp,0.62,0.566350710900474,0.36600173460537727,844
minilm-l12,trec-dl-2019,temp,0.63,0.579746835443038,0.3425845620121422,790
minilm-l12,trec-dl-2019,temp,0.64,0.5922459893048129,0.32437120555073723,748
minilm-l12,trec-dl-2019,temp,0.65,0.6069364161849711,0.30008673026886384,692
minilm-l12,trec-dl-2019,temp,0.66,0.6275115919629057,0.2805724197745013,647
minilm-l12,trec-dl-2019,temp,0.67,0.6533333333333333,0.26019080659150046,600
minilm-l12,trec-dl-2019,temp,0.68,0.6703499079189686,0.23547267996530788,543
minilm-l12,trec-dl-2019,temp,0.6900000000000001,0.6926147704590818,0.21725932350390287,501
minilm-l12,trec-dl-2019,temp,0.7000000000000001,0.71875,0.194275802254987,448
minilm-l12,trec-dl-2019,temp,0.7100000000000001,0.743142144638404,0.17389418907198612,401
minilm-l12,trec-dl-2019,temp,0.72,0.7648725212464589,0.1530789245446661,353
minilm-l12,trec-dl-2019,temp,0.73,0.7785234899328859,0.12922810060711187,298
minilm-l12,trec-dl-2019,temp,0.74,0.796078431372549,0.11058109280138768,255
minilm-l12,trec-dl-2019,temp,0.75,0.8130841121495327,0.09280138768430182,214
minilm-l12,trec-dl-2019,temp,0.76,0.8092105263157895,0.06591500433651344,152
minilm-l12,trec-dl-2019,temp,0.77,0.7818181818181819,0.047701647875108416,110
minilm-l12,trec-dl-2019,temp,0.78,0.775,0.03469210754553339,80
minilm-l12,trec-dl-2019,temp,0.79,0.7115384615384616,0.022549869904596703,52
minilm-l12,trec-dl-2019,temp,0.8,,0.010841283607979185,25
minilm-l12,trec-dl-2019,temp,0.81,,0.0026019080659150044,6
minilm-l12,trec-dl-2019,temp,0.8200000000000001,,0.0,0
minilm-l12,trec-dl-2019,temp,0.8300000000000001,,0.0,0
minilm-l12,trec-dl-2019,temp,0.8400000000000001,,0.0,0
minilm-l12,trec-dl-2019,temp,0.85,,0.0,0
minilm-l12,trec-dl-2019,temp,0.86,,0.0,0
minilm-l12,trec-dl-2019,temp,0.87,,0.0,0
minilm-l12,trec-dl-2019,temp,0.88,,0.0,0
minilm-l12,trec-dl-2019,temp,0.89,,0.0,0
minilm-l12,trec-dl-2019,temp,0.9,,0.0,0
minilm-l12,trec-dl-2019,temp,0.91,,0.0,0
minilm-l12,trec-dl-2019,temp,0.92,,0.0,0
minilm-l12,trec-dl-2019,temp,0.93,,0.0,0
minilm-l12,trec-dl-2019,temp,0.9400000000000001,,0.0,0
minilm-l12,trec-dl-2019,temp,0.9500000000000001,,0.0,0
minilm-l12,trec-dl-2019,temp,0.9600000000000001,,0.0,0
minilm-l12,trec-dl-2019,temp,0.97,,0.0,0
minilm-l12,trec-dl-2019,temp,0.98,,0.0,0
minilm-l12,trec-dl-2019,temp,0.99,,0.0,0
minilm-l12,trec-dl-2019,platt,0.01,0.34952298352124894,1.0,2306
minilm-l12,trec-dl-2019,platt,0.02,0.34952298352124894,1.0,2306
minilm-l12,trec-dl-2019,platt,0.03,0.3566964285714286,0.971379011274935,2240
minilm-l12,trec-dl-2019,platt,0.04,0.36,0.9540329575021682,2200
minilm-l12,trec-dl-2019,platt,0.05,0.3661252900232019,0.9345186470078057,2155
minilm-l12,trec-dl-2019,platt,0.060000000000000005,0.3702127659574468,0.9171725932350391,2115
minilm-l12,trec-dl-2019,platt,0.06999999999999999,0.37457871930669234,0.9006938421509106,2077
minilm-l12,trec-dl-2019,platt,0.08,0.3810226155358899,0.8820468343451865,2034
minilm-l12,trec-dl-2019,platt,0.09,0.38928210313447925,0.8577623590633131,1978
minilm-l12,trec-dl-2019,platt,0.09999999999999999,0.39340885684860966,0.8421509106678231,1942
minilm-l12,trec-dl-2019,platt,0.11,0.3992635455023672,0.8243712055507372,1901
minilm-l12,trec-dl-2019,platt,0.12,0.40528872099298435,0.8035559410234172,1853
minilm-l12,trec-dl-2019,platt,0.13,0.40951339529797703,0.7931483087597572,1829
minilm-l12,trec-dl-2019,platt,0.14,0.4154103852596315,0.7766695576756288,1791
minilm-l12,trec-dl-2019,platt,0.15000000000000002,0.4197952218430034,0.7623590633130962,1758
minilm-l12,trec-dl-2019,platt,0.16,0.4186588921282799,0.7437120555073721,1715
minilm-l12,trec-dl-2019,platt,0.17,0.4246411483253589,0.7250650477016479,1672
minilm-l12,trec-dl-2019,platt,0.18000000000000002,0.42769981696156195,0.7107545533391153,1639
minilm-l12,trec-dl-2019,platt,0.19,0.4338790931989924,0.6886383347788378,1588
minilm-l12,trec-dl-2019,platt,0.2,0.43806451612903224,0.6721595836947094,1550
minilm-l12,trec-dl-2019,platt,0.21000000000000002,0.4433399602385686,0.6543798785776236,1509
minilm-l12,trec-dl-2019,platt,0.22,0.44774106540795683,0.6431049436253252,1483
minilm-l12,trec-dl-2019,platt,0.23,0.456884561891516,0.6235906331309627,1438
minilm-l12,trec-dl-2019,platt,0.24000000000000002,0.4645669291338583,0.6058109280138768,1397
minilm-l12,trec-dl-2019,platt,0.25,0.473568281938326,0.590633130962706,1362
minilm-l12,trec-dl-2019,platt,0.26,0.4800301431801055,0.5754553339115351,1327
minilm-l12,trec-dl-2019,platt,0.27,0.4842186297151655,0.5633130962705984,1299
minilm-l12,trec-dl-2019,platt,0.28,0.4913112164296998,0.5490026019080659,1266
minilm-l12,trec-dl-2019,platt,0.29000000000000004,0.49838969404186795,0.5385949696444059,1242
minilm-l12,trec-dl-2019,platt,0.3,0.5028949545078577,0.5242844752818734,1209
minilm-l12,trec-dl-2019,platt,0.31,0.5093856655290102,0.5082393755420642,1172
minilm-l12,trec-dl-2019,platt,0.32,0.5118110236220472,0.4956634865568083,1143
minilm-l12,trec-dl-2019,platt,0.33,0.5170250896057348,0.4839549002601908,1116
minilm-l12,trec-dl-2019,platt,0.34,0.5210084033613446,0.46444058976582825,1071
minilm-l12,trec-dl-2019,platt,0.35000000000000003,0.5224450811843362,0.45403295750216827,1047
minilm-l12,trec-dl-2019,platt,0.36000000000000004,0.5289499509322866,0.4418907198612316,1019
minilm-l12,trec-dl-2019,platt,0.37,0.536144578313253,0.4319167389418907,996
minilm-l12,trec-dl-2019,platt,0.38,0.5421436004162331,0.41673894189071986,961
minilm-l12,trec-dl-2019,platt,0.39,0.5511302475780409,0.4028620988725065,929
minilm-l12,trec-dl-2019,platt,0.4,0.5546875,0.388551604509974,896
minilm-l12,trec-dl-2019,platt,0.41000000000000003,0.5594002306805075,0.37597571552471815,867
minilm-l12,trec-dl-2019,platt,0.42000000000000004,0.5685339690107271,0.36383347788378145,839
minilm-l12,trec-dl-2019,platt,0.43,0.5799256505576208,0.3499566348655681,807
minilm-l12,trec-dl-2019,platt,0.44,0.5825864276568502,0.33868169991326974,781
minilm-l12,trec-dl-2019,platt,0.45,0.5888594164456233,0.3269731136166522,754
minilm-l12,trec-dl-2019,platt,0.46,0.5964187327823691,0.3148308759757155,726
minilm-l12,trec-dl-2019,platt,0.47000000000000003,0.6060171919770774,0.3026886383347788,698
minilm-l12,trec-dl-2019,platt,0.48000000000000004,0.6153846153846154,0.29314830875975717,676
minilm-l12,trec-dl-2019,platt,0.49,0.6246153846153846,0.2818733738074588,650
minilm-l12,trec-dl-2019,platt,0.5,0.64,0.2710320901994796,625
minilm-l12,trec-dl-2019,platt,0.51,0.6500829187396352,0.26149176062445795,603
minilm-l12,trec-dl-2019,platt,0.52,0.6539130434782608,0.24934952298352125,575
minilm-l12,trec-dl-2019,platt,0.53,0.6703499079189686,0.23547267996530788,543
minilm-l12,trec-dl-2019,platt,0.54,0.6826923076923077,0.22549869904596703,520
minilm-l12,trec-dl-2019,platt,0.55,0.692,0.2168256721595837,500
minilm-l12,trec-dl-2019,platt,0.56,0.7014613778705637,0.20771899392888118,479
minilm-l12,trec-dl-2019,platt,0.5700000000000001,0.71875,0.194275802254987,448
minilm-l12,trec-dl-2019,platt,0.5800000000000001,0.7313084112149533,0.18560277536860365,428
minilm-l12,trec-dl-2019,platt,0.59,0.743142144638404,0.17389418907198612,401
minilm-l12,trec-dl-2019,platt,0.6,0.7559681697612732,0.1634865568083261,377
minilm-l12,trec-dl-2019,platt,0.61,0.7648725212464589,0.1530789245446661,353
minilm-l12,trec-dl-2019,platt,0.62,0.7699386503067485,0.14137033824804857,326
minilm-l12,trec-dl-2019,platt,0.63,0.7777777777777778,0.1287944492627927,297
minilm-l12,trec-dl-2019,platt,0.64,0.782608695652174,0.1196877710320902,276
minilm-l12,trec-dl-2019,platt,0.65,0.796078431372549,0.11058109280138768,255
minilm-l12,trec-dl-2019,platt,0.66,0.8041666666666667,0.10407632263660017,240
minilm-l12,trec-dl-2019,platt,0.67,0.8130841121495327,0.09280138768430182,214
minilm-l12,trec-dl-2019,platt,0.68,0.8177083333333334,0.08326105810928014,192
minilm-l12,trec-dl-2019,platt,0.6900000000000001,0.8092105263157895,0.06591500433651344,152
minilm-l12,trec-dl-2019,platt,0.7000000000000001,0.7923076923076923,0.05637467476149176,130
minilm-l12,trec-dl-2019,platt,0.7100000000000001,0.7818181818181819,0.047701647875108416,110
minilm-l12,trec-dl-2019,platt,0.72,0.8,0.0411968777103209,95
minilm-l12,trec-dl-2019,platt,0.73,0.775,0.03469210754553339,80
minilm-l12,trec-dl-2019,platt,0.74,0.7619047619047619,0.027320034692107545,63
minilm-l12,trec-dl-2019,platt,0.75,0.7083333333333334,0.020815264527320035,48
minilm-l12,trec-dl-2019,platt,0.76,0.7222222222222222,0.015611448395490026,36
minilm-l12,trec-dl-2019,platt,0.77,,0.010407632263660017,24
minilm-l12,trec-dl-2019,platt,0.78,,0.004770164787510842,11
minilm-l12,trec-dl-2019,platt,0.79,,0.002168256721595837,5
minilm-l12,trec-dl-2019,platt,0.8,,0.0004336513443191674,1
minilm-l12,trec-dl-2019,platt,0.81,,0.0,0
minilm-l12,trec-dl-2019,platt,0.8200000000000001,,0.0,0
minilm-l12,trec-dl-2019,platt,0.8300000000000001,,0.0,0
minilm-l12,trec-dl-2019,platt,0.8400000000000001,,0.0,0
minilm-l12,trec-dl-2019,platt,0.85,,0.0,0
minilm-l12,trec-dl-2019,platt,0.86,,0.0,0
minilm-l12,trec-dl-2019,platt,0.87,,0.0,0
minilm-l12,trec-dl-2019,platt,0.88,,0.0,0
minilm-l12,trec-dl-2019,platt,0.89,,0.0,0
minilm-l12,trec-dl-2019,platt,0.9,,0.0,0
minilm-l12,trec-dl-2019,platt,0.91,,0.0,0
minilm-l12,trec-dl-2019,platt,0.92,,0.0,0
minilm-l12,trec-dl-2019,platt,0.93,,0.0,0
minilm-l12,trec-dl-2019,platt,0.9400000000000001,,0.0,0
minilm-l12,trec-dl-2019,platt,0.9500000000000001,,0.0,0
minilm-l12,trec-dl-2019,platt,0.9600000000000001,,0.0,0
minilm-l12,trec-dl-2019,platt,0.97,,0.0,0
minilm-l12,trec-dl-2019,platt,0.98,,0.0,0
minilm-l12,trec-dl-2019,platt,0.99,,0.0,0
minilm-l12,trec-dl-2019,iso,0.01,0.35135135135135137,0.99479618386817,2294
minilm-l12,trec-dl-2019,iso,0.02,0.35181143605412485,0.9934952298352124,2291
minilm-l12,trec-dl-2019,iso,0.03,0.356855739169272,0.9709453599306158,2239
minilm-l12,trec-dl-2019,iso,0.04,0.35701519213583555,0.9705117085862967,2238
minilm-l12,trec-dl-2019,iso,0.05,0.3573345259391771,0.9696444058976583,2236
minilm-l12,trec-dl-2019,iso,0.060000000000000005,0.35804132973944297,0.9653078924544666,2226
minilm-l12,trec-dl-2019,iso,0.06999999999999999,0.3591485507246377,0.9575021682567216,2208
minilm-l12,trec-dl-2019,iso,0.08,0.35931128228364295,0.9570685169124025,2207
minilm-l12,trec-dl-2019,iso,0.09,0.37946210268948655,0.8868169991326973,2045
minilm-l12,trec-dl-2019,iso,0.09999999999999999,0.3796477495107632,0.8863833477883781,2044
minilm-l12,trec-dl-2019,iso,0.11,0.3798335780714635,0.885949696444059,2043
minilm-l12,trec-dl-2019,iso,0.12,0.3798335780714635,0.885949696444059,2043
minilm-l12,trec-dl-2019,iso,0.13,0.38001958863858964,0.8855160450997398,2042
minilm-l12,trec-dl-2019,iso,0.14,0.39241803278688525,0.8464874241110147,1952
minilm-l12,trec-dl-2019,iso,0.15000000000000002,0.3926191696565864,0.8460537727666956,1951
minilm-l12,trec-dl-2019,iso,0.16,0.39461418953909894,0.8373807458803122,1931
minilm-l12,trec-dl-2019,iso,0.17,0.39461418953909894,0.8373807458803122,1931
minilm-l12,trec-dl-2019,iso,0.18000000000000002,0.40750816104461374,0.7970511708586296,1838
minilm-l12,trec-dl-2019,iso,0.19,0.4189342403628118,0.7649609713790113,1764
minilm-l12,trec-dl-2019,iso,0.2,0.4928343949044586,0.5446660884648742,1256
minilm-l12,trec-dl-2019,iso,0.21000000000000002,0.4928343949044586,0.5446660884648742,1256
minilm-l12,trec-dl-2019,iso,0.22,0.4928343949044586,0.5446660884648742,1256
minilm-l12,trec-dl-2019,iso,0.23,0.4928343949044586,0.5446660884648742,1256
minilm-l12,trec-dl-2019,iso,0.24000000000000002,0.5054484492875104,0.5173460537727667,1193
minilm-l12,trec-dl-2019,iso,0.25,0.5058724832214765,0.5169124024284475,1192
minilm-l12,trec-dl-2019,iso,0.26,0.5058724832214765,0.5169124024284475,1192
minilm-l12,trec-dl-2019,iso,0.27,0.5058724832214765,0.5169124024284475,1192
minilm-l12,trec-dl-2019,iso,0.28,0.5473908413205538,0.4071986123156982,939
minilm-l12,trec-dl-2019,iso,0.29000000000000004,0.5473908413205538,0.4071986123156982,939
minilm-l12,trec-dl-2019,iso,0.3,0.5473908413205538,0.4071986123156982,939
minilm-l12,trec-dl-2019,iso,0.31,0.5473908413205538,0.4071986123156982,939
minilm-l12,trec-dl-2019,iso,0.32,0.5479744136460555,0.406764960971379,938
minilm-l12,trec-dl-2019,iso,0.33,0.5594002306805075,0.37597571552471815,867
minilm-l12,trec-dl-2019,iso,0.34,0.5594002306805075,0.37597571552471815,867
minilm-l12,trec-dl-2019,iso,0.35000000000000003,0.5956284153005464,0.31743278404163056,732
minilm-l12,trec-dl-2019,iso,0.36000000000000004,0.5956284153005464,0.31743278404163056,732
minilm-l12,trec-dl-2019,iso,0.37,0.5956284153005464,0.31743278404163056,732
minilm-l12,trec-dl-2019,iso,0.38,0.5956284153005464,0.31743278404163056,732
minilm-l12,trec-dl-2019,iso,0.39,0.5956284153005464,0.31743278404163056,732
minilm-l12,trec-dl-2019,iso,0.4,0.5956284153005464,0.31743278404163056,732
minilm-l12,trec-dl-2019,iso,0.41000000000000003,0.6485148514851485,0.26279271465741544,606
minilm-l12,trec-dl-2019,iso,0.42000000000000004,0.6485148514851485,0.26279271465741544,606
minilm-l12,trec-dl-2019,iso,0.43,0.6479338842975206,0.2623590633130963,605
minilm-l12,trec-dl-2019,iso,0.44,0.6660682226211849,0.24154379878577623,557
minilm-l12,trec-dl-2019,iso,0.45,0.6672661870503597,0.24111014744145706,556
minilm-l12,trec-dl-2019,iso,0.46,0.6672661870503597,0.24111014744145706,556
minilm-l12,trec-dl-2019,iso,0.47000000000000003,0.6666666666666666,0.2406764960971379,555
minilm-l12,trec-dl-2019,iso,0.48000000000000004,0.6666666666666666,0.2406764960971379,555
minilm-l12,trec-dl-2019,iso,0.49,0.6678700361010831,0.24024284475281873,554
minilm-l12,trec-dl-2019,iso,0.5,0.6672694394213382,0.23980919340849957,553
minilm-l12,trec-dl-2019,iso,0.51,0.6959183673469388,0.212489158716392,490
minilm-l12,trec-dl-2019,iso,0.52,0.6959183673469388,0.212489158716392,490
minilm-l12,trec-dl-2019,iso,0.53,0.7014613778705637,0.20771899392888118,479
minilm-l12,trec-dl-2019,iso,0.54,0.743142144638404,0.17389418907198612,401
minilm-l12,trec-dl-2019,iso,0.55,0.743142144638404,0.17389418907198612,401
minilm-l12,trec-dl-2019,iso,0.56,0.743142144638404,0.17389418907198612,401
minilm-l12,trec-dl-2019,iso,0.5700000000000001,0.743142144638404,0.17389418907198612,401
minilm-l12,trec-dl-2019,iso,0.5800000000000001,0.743142144638404,0.17389418907198612,401
minilm-l12,trec-dl-2019,iso,0.59,0.743142144638404,0.17389418907198612,401
minilm-l12,trec-dl-2019,iso,0.6,0.743142144638404,0.17389418907198612,401
minilm-l12,trec-dl-2019,iso,0.61,0.743142144638404,0.17389418907198612,401
minilm-l12,trec-dl-2019,iso,0.62,0.743142144638404,0.17389418907198612,401
minilm-l12,trec-dl-2019,iso,0.63,0.743142144638404,0.17389418907198612,401
minilm-l12,trec-dl-2019,iso,0.64,0.743142144638404,0.17389418907198612,401
minilm-l12,trec-dl-2019,iso,0.65,0.743142144638404,0.17389418907198612,401
minilm-l12,trec-dl-2019,iso,0.66,0.743142144638404,0.17389418907198612,401
minilm-l12,trec-dl-2019,iso,0.67,0.7821428571428571,0.12142237640936687,280
minilm-l12,trec-dl-2019,iso,0.68,0.7849462365591398,0.1209887250650477,279
minilm-l12,trec-dl-2019,iso,0.6900000000000001,0.7849462365591398,0.1209887250650477,279
minilm-l12,trec-dl-2019,iso,0.7000000000000001,0.7841726618705036,0.12055507372072853,278
minilm-l12,trec-dl-2019,iso,0.7100000000000001,0.7841726618705036,0.12055507372072853,278
minilm-l12,trec-dl-2019,iso,0.72,0.7841726618705036,0.12055507372072853,278
minilm-l12,trec-dl-2019,iso,0.73,0.7841726618705036,0.12055507372072853,278
minilm-l12,trec-dl-2019,iso,0.74,0.7841726618705036,0.12055507372072853,278
minilm-l12,trec-dl-2019,iso,0.75,0.7841726618705036,0.12055507372072853,278
minilm-l12,trec-dl-2019,iso,0.76,0.782608695652174,0.1196877710320902,276
minilm-l12,trec-dl-2019,iso,0.77,0.782608695652174,0.1196877710320902,276
minilm-l12,trec-dl-2019,iso,0.78,0.782608695652174,0.1196877710320902,276
minilm-l12,trec-dl-2019,iso,0.79,0.782608695652174,0.1196877710320902,276
minilm-l12,trec-dl-2019,iso,0.8,0.782608695652174,0.1196877710320902,276
minilm-l12,trec-dl-2019,iso,0.81,0.782608695652174,0.1196877710320902,276
minilm-l12,trec-dl-2019,iso,0.8200000000000001,0.7851239669421488,0.05247181266261925,121
minilm-l12,trec-dl-2019,iso,0.8300000000000001,0.7851239669421488,0.05247181266261925,121
minilm-l12,trec-dl-2019,iso,0.8400000000000001,,0.0004336513443191674,1
minilm-l12,trec-dl-2019,iso,0.85,,0.0004336513443191674,1
minilm-l12,trec-dl-2019,iso,0.86,,0.0004336513443191674,1
minilm-l12,trec-dl-2019,iso,0.87,,0.0004336513443191674,1
minilm-l12,trec-dl-2019,iso,0.88,,0.0004336513443191674,1
minilm-l12,trec-dl-2019,iso,0.89,,0.0004336513443191674,1
minilm-l12,trec-dl-2019,iso,0.9,,0.0004336513443191674,1
minilm-l12,trec-dl-2019,iso,0.91,,0.0004336513443191674,1
minilm-l12,trec-dl-2019,iso,0.92,,0.0,0
minilm-l12,trec-dl-2019,iso,0.93,,0.0,0
minilm-l12,trec-dl-2019,iso,0.9400000000000001,,0.0,0
minilm-l12,trec-dl-2019,iso,0.9500000000000001,,0.0,0
minilm-l12,trec-dl-2019,iso,0.9600000000000001,,0.0,0
minilm-l12,trec-dl-2019,iso,0.97,,0.0,0
minilm-l12,trec-dl-2019,iso,0.98,,0.0,0
minilm-l12,trec-dl-2019,iso,0.99,,0.0,0
minilm-l12,trec-dl-2019,temp_lodo,0.01,0.34952298352124894,1.0,2306
minilm-l12,trec-dl-2019,temp_lodo,0.02,0.34952298352124894,1.0,2306
minilm-l12,trec-dl-2019,temp_lodo,0.03,0.34952298352124894,1.0,2306
minilm-l12,trec-dl-2019,temp_lodo,0.04,0.34952298352124894,1.0,2306
minilm-l12,trec-dl-2019,temp_lodo,0.05,0.34952298352124894,1.0,2306
minilm-l12,trec-dl-2019,temp_lodo,0.060000000000000005,0.34952298352124894,1.0,2306
minilm-l12,trec-dl-2019,temp_lodo,0.06999999999999999,0.34952298352124894,1.0,2306
minilm-l12,trec-dl-2019,temp_lodo,0.08,0.34952298352124894,1.0,2306
minilm-l12,trec-dl-2019,temp_lodo,0.09,0.34952298352124894,1.0,2306
minilm-l12,trec-dl-2019,temp_lodo,0.09999999999999999,0.34952298352124894,1.0,2306
minilm-l12,trec-dl-2019,temp_lodo,0.11,0.34952298352124894,1.0,2306
minilm-l12,trec-dl-2019,temp_lodo,0.12,0.34952298352124894,1.0,2306
minilm-l12,trec-dl-2019,temp_lodo,0.13,0.34952298352124894,1.0,2306
minilm-l12,trec-dl-2019,temp_lodo,0.14,0.34952298352124894,1.0,2306
minilm-l12,trec-dl-2019,temp_lodo,0.15000000000000002,0.34952298352124894,1.0,2306
minilm-l12,trec-dl-2019,temp_lodo,0.16,0.34952298352124894,1.0,2306
minilm-l12,trec-dl-2019,temp_lodo,0.17,0.350587211831231,0.9969644405897659,2299
minilm-l12,trec-dl-2019,temp_lodo,0.18000000000000002,0.3533801580333626,0.9878577623590633,2278
minilm-l12,trec-dl-2019,temp_lodo,0.19,0.3552106430155211,0.9778837814397224,2255
minilm-l12,trec-dl-2019,temp_lodo,0.2,0.3566964285714286,0.971379011274935,2240
minilm-l12,trec-dl-2019,temp_lodo,0.21000000000000002,0.35804132973944297,0.9653078924544666,2226
minilm-l12,trec-dl-2019,temp_lodo,0.22,0.3580135440180587,0.9605377276669558,2215
minilm-l12,trec-dl-2019,temp_lodo,0.23,0.3598364379827351,0.9544666088464874,2201
minilm-l12,trec-dl-2019,temp_lodo,0.24000000000000002,0.36093321134492223,0.9479618386816999,2186
minilm-l12,trec-dl-2019,temp_lodo,0.25,0.36426592797783935,0.9392888117953165,2166
minilm-l12,trec-dl-2019,temp_lodo,0.26,0.3662628145386766,0.9306157849089333,2146
minilm-l12,trec-dl-2019,temp_lodo,0.27,0.3687177078440582,0.9232437120555074,2129
minilm-l12,trec-dl-2019,temp_lodo,0.28,0.37038789025543994,0.9167389418907199,2114
minilm-l12,trec-dl-2019,temp_lodo,0.29000000000000004,0.3720152817574021,0.9080659150043365,2094
minilm-l12,trec-dl-2019,temp_lodo,0.3,0.37475915221579964,0.9002601908065915,2076
minilm-l12,trec-dl-2019,temp_lodo,0.31,0.3784046692607004,0.8915871639202082,2056
minilm-l12,trec-dl-2019,temp_lodo,0.32,0.3823384311790824,0.8790112749349523,2027
minilm-l12,trec-dl-2019,temp_lodo,0.33,0.386352232814852,0.8642671292281006,1993
minilm-l12,trec-dl-2019,temp_lodo,0.34,0.39033078880407124,0.8521248915871639,1965
minilm-l12,trec-dl-2019,temp_lodo,0.35000000000000003,0.39372104992279977,0.8425845620121423,1943
minilm-l12,trec-dl-2019,temp_lodo,0.36000000000000004,0.3965607087024492,0.8321769297484822,1919
minilm-l12,trec-dl-2019,temp_lodo,0.37,0.40170031880977686,0.8161318300086731,1882
minilm-l12,trec-dl-2019,temp_lodo,0.38,0.40616549486208764,0.8018213356461406,1849
minilm-l12,trec-dl-2019,temp_lodo,0.39,0.4088427947598253,0.7944492627927147,1832
minilm-l12,trec-dl-2019,temp_lodo,0.4,0.4125138427464009,0.7831743278404163,1806
minilm-l12,trec-dl-2019,temp_lodo,0.41000000000000003,0.4181204276871131,0.7705984388551604,1777
minilm-l12,trec-dl-2019,temp_lodo,0.42000000000000004,0.41839080459770117,0.7545533391153513,1740
minilm-l12,trec-dl-2019,temp_lodo,0.43,0.4206209724663152,0.7402428447528188,1707
minilm-l12,trec-dl-2019,temp_lodo,0.44,0.4263379434756464,0.7211621856027753,1663
minilm-l12,trec-dl-2019,temp_lodo,0.45,0.42874692874692877,0.7059843885516045,1628
minilm-l12,trec-dl-2019,temp_lodo,0.46,0.43492063492063493,0.6830008673026886,1575
minilm-l12,trec-dl-2019,temp_lodo,0.47000000000000003,0.44002607561929596,0.6652211621856028,1534
minilm-l12,trec-dl-2019,temp_lodo,0.48000000000000004,0.44496330887258173,0.650043365134432,1499
minilm-l12,trec-dl-2019,temp_lodo,0.49,0.45229924502402197,0.6318300086730269,1457
minilm-l12,trec-dl-2019,temp_lodo,0.5,0.46279234585400425,0.6118820468343452,1411
minilm-l12,trec-dl-2019,temp_lodo,0.51,0.473568281938326,0.590633130962706,1362
minilm-l12,trec-dl-2019,temp_lodo,0.52,0.4829416224412434,0.5719861231569818,1319
minilm-l12,trec-dl-2019,temp_lodo,0.53,0.48829953198127923,0.5559410234171726,1282
minilm-l12,trec-dl-2019,temp_lodo,0.54,0.49838969404186795,0.5385949696444059,1242
minilm-l12,trec-dl-2019,temp_lodo,0.55,0.5050167224080268,0.5186470078057241,1196
minilm-l12,trec-dl-2019,temp_lodo,0.56,0.5108601216333623,0.4991326973113617,1151
minilm-l12,trec-dl-2019,temp_lodo,0.5700000000000001,0.519090909090909,0.4770164787510841,1100
minilm-l12,trec-dl-2019,temp_lodo,0.5800000000000001,0.5232668566001899,0.45663486556808325,1053
minilm-l12,trec-dl-2019,temp_lodo,0.59,0.5333333333333333,0.4358196010407632,1005
minilm-l12,trec-dl-2019,temp_lodo,0.6,0.5421436004162331,0.41673894189071986,961
minilm-l12,trec-dl-2019,temp_lodo,0.61,0.5522552255225522,0.39418907198612313,909
minilm-l12,trec-dl-2019,temp_lodo,0.62,0.5627906976744186,0.37294015611448394,860
minilm-l12,trec-dl-2019,temp_lodo,0.63,0.5778331257783312,0.3482220294882914,803
minilm-l12,trec-dl-2019,temp_lodo,0.64,0.5873015873015873,0.32784041630529054,756
minilm-l12,trec-dl-2019,temp_lodo,0.65,0.6034236804564908,0.3039895923677363,701
minilm-l12,trec-dl-2019,temp_lodo,0.66,0.6202723146747352,0.28664353859496966,661
minilm-l12,trec-dl-2019,temp_lodo,0.67,0.6443719412724307,0.2658282740676496,613
minilm-l12,trec-dl-2019,temp_lodo,0.68,0.6572934973637962,0.24674761491760624,569
minilm-l12,trec-dl-2019,temp_lodo,0.6900000000000001,0.683495145631068,0.22333044232437121,515
minilm-l12,trec-dl-2019,temp_lodo,0.7000000000000001,0.7019027484143763,0.20511708586296618,473
minilm-l12,trec-dl-2019,temp_lodo,0.7100000000000001,0.7323943661971831,0.18473547267996532,426
minilm-l12,trec-dl-2019,temp_lodo,0.72,0.760752688172043,0.16131830008673026,372
minilm-l12,trec-dl-2019,temp_lodo,0.73,0.7692307692307693,0.1409366869037294,325
minilm-l12,trec-dl-2019,temp_lodo,0.74,0.7818181818181819,0.11925411968777103,275
minilm-l12,trec-dl-2019,temp_lodo,0.75,0.8135593220338984,0.1023417172593235,236
minilm-l12,trec-dl-2019,temp_lodo,0.76,0.8206521739130435,0.0797918473547268,184
minilm-l12,trec-dl-2019,temp_lodo,0.77,0.7906976744186046,0.055941023417172595,129
minilm-l12,trec-dl-2019,temp_lodo,0.78,0.8,0.0411968777103209,95
minilm-l12,trec-dl-2019,temp_lodo,0.79,0.7580645161290323,0.026886383347788378,62
minilm-l12,trec-dl-2019,temp_lodo,0.8,0.7222222222222222,0.015611448395490026,36
minilm-l12,trec-dl-2019,temp_lodo,0.81,,0.005203816131830009,12
minilm-l12,trec-dl-2019,temp_lodo,0.8200000000000001,,0.0004336513443191674,1
minilm-l12,trec-dl-2019,temp_lodo,0.8300000000000001,,0.0,0
minilm-l12,trec-dl-2019,temp_lodo,0.8400000000000001,,0.0,0
minilm-l12,trec-dl-2019,temp_lodo,0.85,,0.0,0
minilm-l12,trec-dl-2019,temp_lodo,0.86,,0.0,0
minilm-l12,trec-dl-2019,temp_lodo,0.87,,0.0,0
minilm-l12,trec-dl-2019,temp_lodo,0.88,,0.0,0
minilm-l12,trec-dl-2019,temp_lodo,0.89,,0.0,0
minilm-l12,trec-dl-2019,temp_lodo,0.9,,0.0,0
minilm-l12,trec-dl-2019,temp_lodo,0.91,,0.0,0
minilm-l12,trec-dl-2019,temp_lodo,0.92,,0.0,0
minilm-l12,trec-dl-2019,temp_lodo,0.93,,0.0,0
minilm-l12,trec-dl-2019,temp_lodo,0.9400000000000001,,0.0,0
minilm-l12,trec-dl-2019,temp_lodo,0.9500000000000001,,0.0,0
minilm-l12,trec-dl-2019,temp_lodo,0.9600000000000001,,0.0,0
minilm-l12,trec-dl-2019,temp_lodo,0.97,,0.0,0
minilm-l12,trec-dl-2019,temp_lodo,0.98,,0.0,0
minilm-l12,trec-dl-2019,temp_lodo,0.99,,0.0,0
minilm-l12,trec-dl-2020,raw,0.01,0.2021231422505308,0.8283503341540626,2355
minilm-l12,trec-dl-2020,raw,0.02,0.208955223880597,0.8012662680267323,2278
minilm-l12,trec-dl-2020,raw,0.03,0.21345291479820627,0.784382694336968,2230
minilm-l12,trec-dl-2020,raw,0.04,0.2164009111617312,0.7720717551881815,2195
minilm-l12,trec-dl-2020,raw,0.05,0.21873557914167052,0.7622230038691523,2167
minilm-l12,trec-dl-2020,raw,0.060000000000000005,0.22201405152224823,0.7509672880759761,2135
minilm-l12,trec-dl-2020,raw,0.06999999999999999,0.22448979591836735,0.7411185367569468,2107
minilm-l12,trec-dl-2020,raw,0.08,0.22653256704980843,0.7344354555047485,2088
minilm-l12,trec-dl-2020,raw,0.09,0.22916666666666666,0.7259936686598664,2064
minilm-l12,trec-dl-2020,raw,0.09999999999999999,0.22971652003910067,0.7196623285262047,2046
minilm-l12,trec-dl-2020,raw,0.11,0.23164120256283885,0.7136827295110798,2029
minilm-l12,trec-dl-2020,raw,0.12,0.23298559364133134,0.7080548716144918,2013
minilm-l12,trec-dl-2020,raw,0.13,0.2335,0.7034822370735139,2000
minilm-l12,trec-dl-2020,raw,0.14,0.23550176500252143,0.6975026380583891,1983
minilm-l12,trec-dl-2020,raw,0.15000000000000002,0.23729674796747968,0.6922265212803377,1968
minilm-l12,trec-dl-2020,raw,0.16,0.2379979570990807,0.6887091100949702,1958
minilm-l12,trec-dl-2020,raw,0.17,0.23870636550308008,0.6851916989096025,1948
minilm-l12,trec-dl-2020,raw,0.18000000000000002,0.2405587170201759,0.6799155821315512,1933
minilm-l12,trec-dl-2020,raw,0.19,0.24193548387096775,0.6760464298276468,1922
minilm-l12,trec-dl-2020,raw,0.2,0.2424400417101147,0.6746394653534998,1918
minilm-l12,trec-dl-2020,raw,0.21000000000000002,0.24293193717277486,0.6718255364052058,1910
minilm-l12,trec-dl-2020,raw,0.22,0.24395373291272346,0.6690116074569117,1902
minilm-l12,trec-dl-2020,raw,0.23,0.2452431289640592,0.6654941962715442,1892
minilm-l12,trec-dl-2020,raw,0.24000000000000002,0.24615384615384617,0.6630320084417869,1885
minilm-l12,trec-dl-2020,raw,0.25,0.24680851063829787,0.661273302849103,1880
minilm-l12,trec-dl-2020,raw,0.26,0.24773091297383876,0.6588111150193457,1873
minilm-l12,trec-dl-2020,raw,0.27,0.2487935656836461,0.6559971860710517,1865
minilm-l12,trec-dl-2020,raw,0.28,0.2501347708894879,0.6524797748856841,1855
minilm-l12,trec-dl-2020,raw,0.29000000000000004,0.2508108108108108,0.6507210692930003,1850
minilm-l12,trec-dl-2020,raw,0.3,0.25203693644758285,0.6475553992261696,1841
minilm-l12,trec-dl-2020,raw,0.31,0.2534134352812671,0.6440379880408019,1831
minilm-l12,trec-dl-2020,raw,0.32,0.2542559033498078,0.6405205768554344,1821
minilm-l12,trec-dl-2020,raw,0.33,0.25510767531750417,0.6370031656700669,1811
minilm-l12,trec-dl-2020,raw,0.34,0.25609756097560976,0.6345409778403095,1804
minilm-l12,trec-dl-2020,raw,0.35000000000000003,0.25652415324819544,0.6334857544846992,1801
minilm-l12,trec-dl-2020,raw,0.36000000000000004,0.2582448295136948,0.6292648610622582,1789
minilm-l12,trec-dl-2020,raw,0.37,0.25813692480359146,0.6268026732325008,1782
minilm-l12,trec-dl-2020,raw,0.38,0.25900900900900903,0.6246922265212803,1776
minilm-l12,trec-dl-2020,raw,0.39,0.26005665722379606,0.620823074217376,1765
minilm-l12,trec-dl-2020,raw,0.4,0.26067159931701767,0.6180091452690819,1757
minilm-l12,trec-dl-2020,raw,0.41000000000000003,0.2615648201027984,0.6158986985578614,1751
minilm-l12,trec-dl-2020,raw,0.42000000000000004,0.2630672027570362,0.6123812873724939,1741
minilm-l12,trec-dl-2020,raw,0.43,0.26237054085155354,0.6113260640168836,1738
minilm-l12,trec-dl-2020,raw,0.44,0.2631275245239469,0.6095673584241997,1733
minilm-l12,trec-dl-2020,raw,0.45,0.26450116009280744,0.606401688357369,1724
minilm-l12,trec-dl-2020,raw,0.46,0.26588921282798833,0.6032360182905382,1715
minilm-l12,trec-dl-2020,raw,0.47000000000000003,0.26608187134502925,0.6014773126978544,1710
minilm-l12,trec-dl-2020,raw,0.48000000000000004,0.26670574443141853,0.6000703482237073,1706
minilm-l12,trec-dl-2020,raw,0.49,0.267962308598351,0.5972564192754133,1698
minilm-l12,trec-dl-2020,raw,0.5,0.26804733727810653,0.5944424903271193,1690
minilm-l12,trec-dl-2020,raw,0.51,0.2692078618225134,0.5905733380232149,1679
minilm-l12,trec-dl-2020,raw,0.52,0.27005988023952093,0.5874076679563841,1670
minilm-l12,trec-dl-2020,raw,0.53,0.2707082833133253,0.5860007034822371,1666
minilm-l12,trec-dl-2020,raw,0.54,0.272178636089318,0.5828350334154062,1657
minilm-l12,trec-dl-2020,raw,0.55,0.27316777710478496,0.5807245867041857,1651
minilm-l12,trec-dl-2020,raw,0.56,0.2748324192565509,0.5772071755188182,1641
minilm-l12,trec-dl-2020,raw,0.5700000000000001,0.2763480392156863,0.5740415054519873,1632
minilm-l12,trec-dl-2020,raw,0.5800000000000001,0.2768569674647023,0.572986282096377,1629
minilm-l12,trec-dl-2020,raw,0.59,0.2778804682686383,0.5708758353851565,1623
minilm-l12,trec-dl-2020,raw,0.6,0.2790841584158416,0.5684136475553992,1616
minilm-l12,trec-dl-2020,raw,0.61,0.27932960893854747,0.5666549419627155,1611
minilm-l12,trec-dl-2020,raw,0.62,0.28080050031269543,0.5624340485402743,1599
minilm-l12,trec-dl-2020,raw,0.63,0.28050314465408804,0.5592683784734436,1590
minilm-l12,trec-dl-2020,raw,0.64,0.2810333963453056,0.5582131551178333,1587
minilm-l12,trec-dl-2020,raw,0.65,0.28058007566204285,0.5578614139992966,1586
minilm-l12,trec-dl-2020,raw,0.66,0.2818239392020266,0.5553992261695392,1579
minilm-l12,trec-dl-2020,raw,0.67,0.2828989192625556,0.5532887794583187,1573
minilm-l12,trec-dl-2020,raw,0.68,0.2839821314613912,0.5511783327470982,1567
minilm-l12,trec-dl-2020,raw,0.6900000000000001,0.28387925497752087,0.5476609215617305,1557
minilm-l12,trec-dl-2020,raw,0.7000000000000001,0.28414948453608246,0.5459022159690468,1552
minilm-l12,trec-dl-2020,raw,0.7100000000000001,0.28460038986354774,0.541329581428069,1539
minilm-l12,trec-dl-2020,raw,0.72,0.2848761408083442,0.5395708758353852,1534
minilm-l12,trec-dl-2020,raw,0.73,0.2856209150326797,0.5381639113612381,1530
minilm-l12,trec-dl-2020,raw,0.74,0.2876892692560895,0.5342947590573338,1519
minilm-l12,trec-dl-2020,raw,0.75,0.28874172185430463,0.531129088990503,1510
minilm-l12,trec-dl-2020,raw,0.76,0.29027962716378164,0.5283151600422089,1502
minilm-l12,trec-dl-2020,raw,0.77,0.2923387096774194,0.5233907843826944,1488
minilm-l12,trec-dl-2020,raw,0.78,0.2938388625592417,0.51952163207879,1477
minilm-l12,trec-dl-2020,raw,0.79,0.2949591280653951,0.5163559620119592,1468
minilm-l12,trec-dl-2020,raw,0.8,0.29637234770704995,0.513893774182202,1461
minilm-l12,trec-dl-2020,raw,0.81,0.2986832986832987,0.5075624340485403,1443
minilm-l12,trec-dl-2020,raw,0.8200000000000001,0.3011204481792717,0.5022863172704889,1428
minilm-l12,trec-dl-2020,raw,0.8300000000000001,0.3028169014084507,0.49947238832219487,1420
minilm-l12,trec-dl-2020,raw,0.8400000000000001,0.3029871977240398,0.4945480126626803,1406
minilm-l12,trec-dl-2020,raw,0.85,0.3044412607449857,0.4910306014773127,1396
minilm-l12,trec-dl-2020,raw,0.86,0.3029645697758496,0.48645796693633486,1383
minilm-l12,trec-dl-2020,raw,0.87,0.30412371134020616,0.47766443897291594,1358
minilm-l12,trec-dl-2020,raw,0.88,0.30740463724756917,0.470277875483644,1337
minilm-l12,trec-dl-2020,raw,0.89,0.30932524639878695,0.4639465353499824,1319
minilm-l12,trec-dl-2020,raw,0.9,0.31298299845440497,0.4551530073865635,1294
minilm-l12,trec-dl-2020,raw,0.91,0.3168238993710692,0.44741470277875484,1272
minilm-l12,trec-dl-2020,raw,0.92,0.32151490733279614,0.4365107281041154,1241
minilm-l12,trec-dl-2020,raw,0.93,0.3261943986820428,0.4270137179036229,1214
minilm-l12,trec-dl-2020,raw,0.9400000000000001,0.3327702702702703,0.4164614843475202,1184
minilm-l12,trec-dl-2020,raw,0.9500000000000001,0.3373913043478261,0.4045022863172705,1150
minilm-l12,trec-dl-2020,raw,0.9600000000000001,0.3429864253393665,0.38867393598311645,1105
minilm-l12,trec-dl-2020,raw,0.97,0.35832521908471276,0.36123812873724936,1027
minilm-l12,trec-dl-2020,raw,0.98,0.3707983193277311,0.3348575448469926,952
minilm-l12,trec-dl-2020,raw,0.99,0.40514075887392903,0.28737249384453045,817
minilm-l12,trec-dl-2020,temp,0.01,0.16848399577910658,1.0,2843
minilm-l12,trec-dl-2020,temp,0.02,0.16848399577910658,1.0,2843
minilm-l12,trec-dl-2020,temp,0.03,0.16848399577910658,1.0,2843
minilm-l12,trec-dl-2020,temp,0.04,0.16848399577910658,1.0,2843
minilm-l12,trec-dl-2020,temp,0.05,0.16848399577910658,1.0,2843
minilm-l12,trec-dl-2020,temp,0.060000000000000005,0.16848399577910658,1.0,2843
minilm-l12,trec-dl-2020,temp,0.06999999999999999,0.16848399577910658,1.0,2843
minilm-l12,trec-dl-2020,temp,0.08,0.16848399577910658,1.0,2843
minilm-l12,trec-dl-2020,temp,0.09,0.16848399577910658,1.0,2843
minilm-l12,trec-dl-2020,temp,0.09999999999999999,0.16848399577910658,1.0,2843
minilm-l12,trec-dl-2020,temp,0.11,0.16848399577910658,1.0,2843
minilm-l12,trec-dl-2020,temp,0.12,0.16848399577910658,1.0,2843
minilm-l12,trec-dl-2020,temp,0.13,0.16848399577910658,1.0,2843
minilm-l12,trec-dl-2020,temp,0.14,0.16848399577910658,1.0,2843
minilm-l12,trec-dl-2020,temp,0.15000000000000002,0.16848399577910658,1.0,2843
minilm-l12,trec-dl-2020,temp,0.16,0.16848399577910658,1.0,2843
minilm-l12,trec-dl-2020,temp,0.17,0.16848399577910658,1.0,2843
minilm-l12,trec-dl-2020,temp,0.18000000000000002,0.16848399577910658,1.0,2843
minilm-l12,trec-dl-2020,temp,0.19,0.16848399577910658,1.0,2843
minilm-l12,trec-dl-2020,temp,0.2,0.16848399577910658,1.0,2843
minilm-l12,trec-dl-2020,temp,0.21000000000000002,0.16848399577910658,1.0,2843
minilm-l12,trec-dl-2020,temp,0.22,0.16848399577910658,1.0,2843
minilm-l12,trec-dl-2020,temp,0.23,0.16848399577910658,1.0,2843
minilm-l12,trec-dl-2020,temp,0.24000000000000002,0.16848399577910658,1.0,2843
minilm-l12,trec-dl-2020,temp,0.25,0.16848399577910658,1.0,2843
minilm-l12,trec-dl-2020,temp,0.26,0.16848399577910658,1.0,2843
minilm-l12,trec-dl-2020,temp,0.27,0.16848399577910658,1.0,2843
minilm-l12,trec-dl-2020,temp,0.28,0.17022032693674485,0.9897995075624341,2814
minilm-l12,trec-dl-2020,temp,0.29000000000000004,0.17267483777937995,0.9757298628209637,2774
minilm-l12,trec-dl-2020,temp,0.3,0.17500913408841798,0.9627154414351038,2737
minilm-l12,trec-dl-2020,temp,0.31,0.1770140428677014,0.9518114667604644,2706
minilm-l12,trec-dl-2020,temp,0.32,0.17833209233060313,0.9447766443897292,2686
minilm-l12,trec-dl-2020,temp,0.33,0.18089123867069487,0.9314104818853324,2648
minilm-l12,trec-dl-2020,temp,0.34,0.18296409472880062,0.9208582483292297,2618
minilm-l12,trec-dl-2020,temp,0.35000000000000003,0.1853431562621171,0.9071403447062961,2579
minilm-l12,trec-dl-2020,temp,0.36000000000000004,0.18737749901999215,0.8972915933872669,2551
minilm-l12,trec-dl-2020,temp,0.37,0.18958664546899842,0.8849806542384805,2516
minilm-l12,trec-dl-2020,temp,0.38,0.19280517380759904,0.8702075272599367,2474
minilm-l12,trec-dl-2020,temp,0.39,0.1966199505358615,0.8533239535701723,2426
minilm-l12,trec-dl-2020,temp,0.4,0.20101351351351351,0.8329229686950405,2368
minilm-l12,trec-dl-2020,temp,0.41000000000000003,0.2052608883139284,0.8156876538867394,2319
minilm-l12,trec-dl-2020,temp,0.42000000000000004,0.21006178287731686,0.7970453746042913,2266
minilm-l12,trec-dl-2020,temp,0.43,0.2152242863615768,0.7762926486106225,2207
minilm-l12,trec-dl-2020,temp,0.44,0.22108208955223882,0.7541329581428069,2144
minilm-l12,trec-dl-2020,temp,0.45,0.22883405902273826,0.7270488920154766,2067
minilm-l12,trec-dl-2020,temp,0.46,0.23443775100401607,0.7006683081252199,1992
minilm-l12,trec-dl-2020,temp,0.47000000000000003,0.242313705054716,0.6749912064720366,1919
minilm-l12,trec-dl-2020,temp,0.48000000000000004,0.2501347708894879,0.6524797748856841,1855
minilm-l12,trec-dl-2020,temp,0.49,0.2597623089983022,0.6215265564544495,1767
minilm-l12,trec-dl-2020,temp,0.5,0.26804733727810653,0.5944424903271193,1690
minilm-l12,trec-dl-2020,temp,0.51,0.2795765877957659,0.5648962363700316,1606
minilm-l12,trec-dl-2020,temp,0.52,0.28469055374592833,0.539922616953922,1535
minilm-l12,trec-dl-2020,temp,0.53,0.29698216735253774,0.5128385508265916,1458
minilm-l12,trec-dl-2020,temp,0.54,0.3035190615835777,0.47977488568413645,1364
minilm-l12,trec-dl-2020,temp,0.55,0.3193343898573692,0.44389729159338726,1262
minilm-l12,trec-dl-2020,temp,0.56,0.33447390932420873,0.4111853675694689,1169
minilm-l12,trec-dl-2020,temp,0.5700000000000001,0.34842883548983367,0.38058389025677103,1082
minilm-l12,trec-dl-2020,temp,0.5800000000000001,0.3684210526315789,0.3408371438621175,969
minilm-l12,trec-dl-2020,temp,0.59,0.3871331828442438,0.31164263102356665,886
minilm-l12,trec-dl-2020,temp,0.6,0.4137055837563452,0.27717200140696446,788
minilm-l12,trec-dl-2020,temp,0.61,0.4318181818181818,0.2476257474498769,704
minilm-l12,trec-dl-2020,temp,0.62,0.4513556618819777,0.22054168132254662,627
minilm-l12,trec-dl-2020,temp,0.63,0.4816247582205029,0.18185015828350334,517
minilm-l12,trec-dl-2020,temp,0.64,0.494199535962877,0.15160042208934224,431
minilm-l12,trec-dl-2020,temp,0.65,0.5364431486880467,0.12064720365810763,343
minilm-l12,trec-dl-2020,temp,0.66,0.5551470588235294,0.09567358424199789,272
minilm-l12,trec-dl-2020,temp,0.67,0.5783783783783784,0.06507210692930003,185
minilm-l12,trec-dl-2020,temp,0.68,0.5952380952380952,0.044319380935631376,126
minilm-l12,trec-dl-2020,temp,0.6900000000000001,0.6417910447761194,0.023566654941962716,67
minilm-l12,trec-dl-2020,temp,0.7000000000000001,,0.009145269081955681,26
minilm-l12,trec-dl-2020,temp,0.7100000000000001,,0.0035174111853675696,10
minilm-l12,trec-dl-2020,temp,0.72,,0.00035174111853675694,1
minilm-l12,trec-dl-2020,temp,0.73,,0.0,0
minilm-l12,trec-dl-2020,temp,0.74,,0.0,0
minilm-l12,trec-dl-2020,temp,0.75,,0.0,0
minilm-l12,trec-dl-2020,temp,0.76,,0.0,0
minilm-l12,trec-dl-2020,temp,0.77,,0.0,0
minilm-l12,trec-dl-2020,temp,0.78,,0.0,0
minilm-l12,trec-dl-2020,temp,0.79,,0.0,0
minilm-l12,trec-dl-2020,temp,0.8,,0.0,0
minilm-l12,trec-dl-2020,temp,0.81,,0.0,0
minilm-l12,trec-dl-2020,temp,0.8200000000000001,,0.0,0
minilm-l12,trec-dl-2020,temp,0.8300000000000001,,0.0,0
minilm-l12,trec-dl-2020,temp,0.8400000000000001,,0.0,0
minilm-l12,trec-dl-2020,temp,0.85,,0.0,0
minilm-l12,trec-dl-2020,temp,0.86,,0.0,0
minilm-l12,trec-dl-2020,temp,0.87,,0.0,0
minilm-l12,trec-dl-2020,temp,0.88,,0.0,0
minilm-l12,trec-dl-2020,temp,0.89,,0.0,0
minilm-l12,trec-dl-2020,temp,0.9,,0.0,0
minilm-l12,trec-dl-2020,temp,0.91,,0.0,0
minilm-l12,trec-dl-2020,temp,0.92,,0.0,0
minilm-l12,trec-dl-2020,temp,0.93,,0.0,0
minilm-l12,trec-dl-2020,temp,0.9400000000000001,,0.0,0
minilm-l12,trec-dl-2020,temp,0.9500000000000001,,0.0,0
minilm-l12,trec-dl-2020,temp,0.9600000000000001,,0.0,0
minilm-l12,trec-dl-2020,temp,0.97,,0.0,0
minilm-l12,trec-dl-2020,temp,0.98,,0.0,0
minilm-l12,trec-dl-2020,temp,0.99,,0.0,0
minilm-l12,trec-dl-2020,platt,0.01,0.1908763505402161,0.8790010552233556,2499
minilm-l12,trec-dl-2020,platt,0.02,0.20913884007029876,0.8005627857896588,2276
minilm-l12,trec-dl-2020,platt,0.03,0.2245381335859782,0.742525501231094,2111
minilm-l12,trec-dl-2020,platt,0.04,0.23741738688357905,0.6918747801618009,1967
minilm-l12,trec-dl-2020,platt,0.05,0.24866023579849947,0.6563489271895885,1866
minilm-l12,trec-dl-2020,platt,0.060000000000000005,0.2609437180216032,0.6187126275061555,1759
minilm-l12,trec-dl-2020,platt,0.06999999999999999,0.27005988023952093,0.5874076679563841,1670
minilm-l12,trec-dl-2020,platt,0.08,0.2807788944723618,0.5599718607105171,1592
minilm-l12,trec-dl-2020,platt,0.09,0.2847854356306892,0.5409778403095322,1538
minilm-l12,trec-dl-2020,platt,0.09999999999999999,0.2938388625592417,0.51952163207879,1477
minilm-l12,trec-dl-2020,platt,0.11,0.30303030303030304,0.4991206472036581,1419
minilm-l12,trec-dl-2020,platt,0.12,0.30367647058823527,0.47836792120998944,1360
minilm-l12,trec-dl-2020,platt,0.13,0.3113496932515337,0.4586704185719311,1304
minilm-l12,trec-dl-2020,platt,0.14,0.32099758648431215,0.4372142103411889,1243
minilm-l12,trec-dl-2020,platt,0.15000000000000002,0.329156223893066,0.42103411888849807,1197
minilm-l12,trec-dl-2020,platt,0.16,0.3359307359307359,0.4062609919099543,1155
minilm-l12,trec-dl-2020,platt,0.17,0.33958891867739055,0.39359831164263104,1119
minilm-l12,trec-dl-2020,platt,0.18000000000000002,0.3505639097744361,0.3742525501231094,1064
minilm-l12,trec-dl-2020,platt,0.19,0.35968379446640314,0.355962011959198,1012
minilm-l12,trec-dl-2020,platt,0.2,0.36615384615384616,0.342947590573338,975
minilm-l12,trec-dl-2020,platt,0.21000000000000002,0.3727560718057022,0.33309883925430883,947
minilm-l12,trec-dl-2020,platt,0.22,0.38116100766703176,0.3211396412240591,913
minilm-l12,trec-dl-2020,platt,0.23,0.3890784982935154,0.30918044319380933,879
minilm-l12,trec-dl-2020,platt,0.24000000000000002,0.4011904761904762,0.2954625395708758,840
minilm-l12,trec-dl-2020,platt,0.25,0.4056372549019608,0.28702075272599364,816
minilm-l12,trec-dl-2020,platt,0.26,0.41507024265644954,0.2754132958142807,783
minilm-l12,trec-dl-2020,platt,0.27,0.4196078431372549,0.26908195568061904,765
minilm-l12,trec-dl-2020,platt,0.28,0.4231292517006803,0.25852972212451636,735
minilm-l12,trec-dl-2020,platt,0.29000000000000004,0.4318181818181818,0.2476257474498769,704
minilm-l12,trec-dl-2020,platt,0.3,0.43612334801762115,0.23953570172353147,681
minilm-l12,trec-dl-2020,platt,0.31,0.44036697247706424,0.23003869152303905,654
minilm-l12,trec-dl-2020,platt,0.32,0.44583987441130296,0.22405909250791417,637
minilm-l12,trec-dl-2020,platt,0.33,0.45454545454545453,0.21667252901864228,616
minilm-l12,trec-dl-2020,platt,0.34,0.4674657534246575,0.20541681322546607,584
minilm-l12,trec-dl-2020,platt,0.35000000000000003,0.4755877034358047,0.1945128385508266,553
minilm-l12,trec-dl-2020,platt,0.36000000000000004,0.4818355640535373,0.1839606049947239,523
minilm-l12,trec-dl-2020,platt,0.37,0.4827586206896552,0.17340837143862117,493
minilm-l12,trec-dl-2020,platt,0.38,0.4904862579281184,0.16637354906788604,473
minilm-l12,trec-dl-2020,platt,0.39,0.4911504424778761,0.15898698557861413,452
minilm-l12,trec-dl-2020,platt,0.4,0.494199535962877,0.15160042208934224,431
minilm-l12,trec-dl-2020,platt,0.41000000000000003,0.49760765550239233,0.1470277875483644,418
minilm-l12,trec-dl-2020,platt,0.42000000000000004,0.5126903553299492,0.13858600070348223,394
minilm-l12,trec-dl-2020,platt,0.43,0.518918918918919,0.13014421385860006,370
minilm-l12,trec-dl-2020,platt,0.44,0.5317919075144508,0.1217024270137179,346
minilm-l12,trec-dl-2020,platt,0.45,0.540625,0.11255715793176223,320
minilm-l12,trec-dl-2020,platt,0.46,0.5518394648829431,0.10517059444249033,299
minilm-l12,trec-dl-2020,platt,0.47000000000000003,0.5543859649122806,0.10024621878297572,285
minilm-l12,trec-dl-2020,platt,0.48000000000000004,0.5507246376811594,0.09708054871614492,276
minilm-l12,trec-dl-2020,platt,0.49,0.555984555984556,0.09110094970102005,259
minilm-l12,trec-dl-2020,platt,0.5,0.5630252100840336,0.08371438621174815,238
minilm-l12,trec-dl-2020,platt,0.51,0.5700934579439252,0.07527259936686599,214
minilm-l12,trec-dl-2020,platt,0.52,0.5743589743589743,0.06858951811466761,195
minilm-l12,trec-dl-2020,platt,0.53,0.5810055865921788,0.06296166021807949,179
minilm-l12,trec-dl-2020,platt,0.54,0.593939393939394,0.0580372845585649,165
minilm-l12,trec-dl-2020,platt,0.55,0.5986394557823129,0.05170594442490327,147
minilm-l12,trec-dl-2020,platt,0.56,0.5925925925925926,0.04748505100246219,135
minilm-l12,trec-dl-2020,platt,0.5700000000000001,0.5952380952380952,0.044319380935631376,126
minilm-l12,trec-dl-2020,platt,0.5800000000000001,0.6216216216216216,0.03904326415758002,111
minilm-l12,trec-dl-2020,platt,0.59,0.6129032258064516,0.0327119240239184,93
minilm-l12,trec-dl-2020,platt,0.6,0.6265060240963856,0.02919451283855083,83
minilm-l12,trec-dl-2020,platt,0.61,0.6571428571428571,0.024621878297572987,70
minilm-l12,trec-dl-2020,platt,0.62,0.6290322580645161,0.021807949349278932,62
minilm-l12,trec-dl-2020,platt,0.63,0.66,0.017587055926837847,50
minilm-l12,trec-dl-2020,platt,0.64,0.6444444444444445,0.015828350334154064,45
minilm-l12,trec-dl-2020,platt,0.65,0.7058823529411765,0.011959198030249736,34
minilm-l12,trec-dl-2020,platt,0.66,,0.00809004572634541,23
minilm-l12,trec-dl-2020,platt,0.67,,0.007034822370735139,20
minilm-l12,trec-dl-2020,platt,0.68,,0.005627857896588111,16
minilm-l12,trec-dl-2020,platt,0.6900000000000001,,0.0045726345409778405,13
minilm-l12,trec-dl-2020,platt,0.7000000000000001,,0.0035174111853675696,10
minilm-l12,trec-dl-2020,platt,0.7100000000000001,,0.0017587055926837848,5
minilm-l12,trec-dl-2020,platt,0.72,,0.00035174111853675694,1
minilm-l12,trec-dl-2020,platt,0.73,,0.00035174111853675694,1
minilm-l12,trec-dl-2020,platt,0.74,,0.00035174111853675694,1
minilm-l12,trec-dl-2020,platt,0.75,,0.0,0
minilm-l12,trec-dl-2020,platt,0.76,,0.0,0
minilm-l12,trec-dl-2020,platt,0.77,,0.0,0
minilm-l12,trec-dl-2020,platt,0.78,,0.0,0
minilm-l12,trec-dl-2020,platt,0.79,,0.0,0
minilm-l12,trec-dl-2020,platt,0.8,,0.0,0
minilm-l12,trec-dl-2020,platt,0.81,,0.0,0
minilm-l12,trec-dl-2020,platt,0.8200000000000001,,0.0,0
minilm-l12,trec-dl-2020,platt,0.8300000000000001,,0.0,0
minilm-l12,trec-dl-2020,platt,0.8400000000000001,,0.0,0
minilm-l12,trec-dl-2020,platt,0.85,,0.0,0
minilm-l12,trec-dl-2020,platt,0.86,,0.0,0
minilm-l12,trec-dl-2020,platt,0.87,,0.0,0
minilm-l12,trec-dl-2020,platt,0.88,,0.0,0
minilm-l12,trec-dl-2020,platt,0.89,,0.0,0
minilm-l12,trec-dl-2020,platt,0.9,,0.0,0
minilm-l12,trec-dl-2020,platt,0.91,,0.0,0
minilm-l12,trec-dl-2020,platt,0.92,,0.0,0
minilm-l12,trec-dl-2020,platt,0.93,,0.0,0
minilm-l12,trec-dl-2020,platt,0.9400000000000001,,0.0,0
minilm-l12,trec-dl-2020,platt,0.9500000000000001,,0.0,0
minilm-l12,trec-dl-2020,platt,0.9600000000000001,,0.0,0
minilm-l12,trec-dl-2020,platt,0.97,,0.0,0
minilm-l12,trec-dl-2020,platt,0.98,,0.0,0
minilm-l12,trec-dl-2020,platt,0.99,,0.0,0
minilm-l12,trec-dl-2020,iso,0.01,0.20677671589921806,0.8097080548716145,2302
minilm-l12,trec-dl-2020,iso,0.02,0.20704654197477165,0.8086528315160042,2299
minilm-l12,trec-dl-2020,iso,0.03,0.21649954421148587,0.7717200140696447,2194
minilm-l12,trec-dl-2020,iso,0.04,0.23705583756345178,0.6929300035174112,1970
minilm-l12,trec-dl-2020,iso,0.05,0.2582448295136948,0.6292648610622582,1789
minilm-l12,trec-dl-2020,iso,0.060000000000000005,0.2582448295136948,0.6292648610622582,1789
minilm-l12,trec-dl-2020,iso,0.06999999999999999,0.2582448295136948,0.6292648610622582,1789
minilm-l12,trec-dl-2020,iso,0.08,0.2582448295136948,0.6292648610622582,1789
minilm-l12,trec-dl-2020,iso,0.09,0.28460038986354774,0.541329581428069,1539
minilm-l12,trec-dl-2020,iso,0.09999999999999999,0.29423728813559324,0.5188181498417165,1475
minilm-l12,trec-dl-2020,iso,0.11,0.29423728813559324,0.5188181498417165,1475
minilm-l12,trec-dl-2020,iso,0.12,0.29423728813559324,0.5188181498417165,1475
minilm-l12,trec-dl-2020,iso,0.13,0.29896193771626295,0.5082659162856138,1445
minilm-l12,trec-dl-2020,iso,0.14,0.29916897506925205,0.507914175167077,1444
minilm-l12,trec-dl-2020,iso,0.15000000000000002,0.29916897506925205,0.507914175167077,1444
minilm-l12,trec-dl-2020,iso,0.16,0.3198412698412698,0.44319380935631375,1260
minilm-l12,trec-dl-2020,iso,0.17,0.3200953137410643,0.442842068237777,1259
minilm-l12,trec-dl-2020,iso,0.18000000000000002,0.4137055837563452,0.27717200140696446,788
minilm-l12,trec-dl-2020,iso,0.19,0.4137055837563452,0.27717200140696446,788
minilm-l12,trec-dl-2020,iso,0.2,0.4283727399165508,0.25290186422792826,719
minilm-l12,trec-dl-2020,iso,0.21000000000000002,0.42896935933147634,0.2525501231093915,718
minilm-l12,trec-dl-2020,iso,0.22,0.43366619115549215,0.2465705240942666,701
minilm-l12,trec-dl-2020,iso,0.23,0.43366619115549215,0.2465705240942666,701
minilm-l12,trec-dl-2020,iso,0.24000000000000002,0.43366619115549215,0.2465705240942666,701
minilm-l12,trec-dl-2020,iso,0.25,0.4342857142857143,0.24621878297572986,700
minilm-l12,trec-dl-2020,iso,0.26,0.44042232277526394,0.23320436158986985,663
minilm-l12,trec-dl-2020,iso,0.27,0.44042232277526394,0.23320436158986985,663
minilm-l12,trec-dl-2020,iso,0.28,0.44042232277526394,0.23320436158986985,663
minilm-l12,trec-dl-2020,iso,0.29000000000000004,0.44042232277526394,0.23320436158986985,663
minilm-l12,trec-dl-2020,iso,0.3,0.44042232277526394,0.23320436158986985,663
minilm-l12,trec-dl-2020,iso,0.31,0.44042232277526394,0.23320436158986985,663
minilm-l12,trec-dl-2020,iso,0.32,0.44042232277526394,0.23320436158986985,663
minilm-l12,trec-dl-2020,iso,0.33,0.48590021691973967,0.16215265564544495,461
minilm-l12,trec-dl-2020,iso,0.34,0.4897959183673469,0.15511783327470982,441
minilm-l12,trec-dl-2020,iso,0.35000000000000003,0.4897959183673469,0.15511783327470982,441
minilm-l12,trec-dl-2020,iso,0.36000000000000004,0.4897959183673469,0.15511783327470982,441
minilm-l12,trec-dl-2020,iso,0.37,0.4897959183673469,0.15511783327470982,441
minilm-l12,trec-dl-2020,iso,0.38,0.4897959183673469,0.15511783327470982,441
minilm-l12,trec-dl-2020,iso,0.39,0.4897959183673469,0.15511783327470982,441
minilm-l12,trec-dl-2020,iso,0.4,0.4897959183673469,0.15511783327470982,441
minilm-l12,trec-dl-2020,iso,0.41000000000000003,0.4897959183673469,0.15511783327470982,441
minilm-l12,trec-dl-2020,iso,0.42000000000000004,0.4897959183673469,0.15511783327470982,441
minilm-l12,trec-dl-2020,iso,0.43,0.4897959183673469,0.15511783327470982,441
minilm-l12,trec-dl-2020,iso,0.44,0.5087719298245614,0.14034470629616602,399
minilm-l12,trec-dl-2020,iso,0.45,0.5087719298245614,0.14034470629616602,399
minilm-l12,trec-dl-2020,iso,0.46,0.5087719298245614,0.14034470629616602,399
minilm-l12,trec-dl-2020,iso,0.47000000000000003,0.5087719298245614,0.14034470629616602,399
minilm-l12,trec-dl-2020,iso,0.48000000000000004,0.5087719298245614,0.14034470629616602,399
minilm-l12,trec-dl-2020,iso,0.49,0.5087719298245614,0.14034470629616602,399
minilm-l12,trec-dl-2020,iso,0.5,0.5087719298245614,0.14034470629616602,399
minilm-l12,trec-dl-2020,iso,0.51,0.5984251968503937,0.04467112205416813,127
minilm-l12,trec-dl-2020,iso,0.52,0.5984251968503937,0.04467112205416813,127
minilm-l12,trec-dl-2020,iso,0.53,0.5984251968503937,0.04467112205416813,127
minilm-l12,trec-dl-2020,iso,0.54,0.5984251968503937,0.04467112205416813,127
minilm-l12,trec-dl-2020,iso,0.55,0.5984251968503937,0.04467112205416813,127
minilm-l12,trec-dl-2020,iso,0.56,0.5984251968503937,0.04467112205416813,127
minilm-l12,trec-dl-2020,iso,0.5700000000000001,0.5984251968503937,0.04467112205416813,127
minilm-l12,trec-dl-2020,iso,0.5800000000000001,0.5984251968503937,0.04467112205416813,127
minilm-l12,trec-dl-2020,iso,0.59,0.6530612244897959,0.01723531480830109,49
minilm-l12,trec-dl-2020,iso,0.6,0.6530612244897959,0.01723531480830109,49
minilm-l12,trec-dl-2020,iso,0.61,0.6530612244897959,0.01723531480830109,49
minilm-l12,trec-dl-2020,iso,0.62,0.6530612244897959,0.01723531480830109,49
minilm-l12,trec-dl-2020,iso,0.63,0.6530612244897959,0.01723531480830109,49
minilm-l12,trec-dl-2020,iso,0.64,0.6530612244897959,0.01723531480830109,49
minilm-l12,trec-dl-2020,iso,0.65,0.6530612244897959,0.01723531480830109,49
minilm-l12,trec-dl-2020,iso,0.66,0.6530612244897959,0.01723531480830109,49
minilm-l12,trec-dl-2020,iso,0.67,0.7,0.014069644741470278,40
minilm-l12,trec-dl-2020,iso,0.68,0.7,0.014069644741470278,40
minilm-l12,trec-dl-2020,iso,0.6900000000000001,0.7,0.014069644741470278,40
minilm-l12,trec-dl-2020,iso,0.7000000000000001,0.6923076923076923,0.01371790362293352,39
minilm-l12,trec-dl-2020,iso,0.7100000000000001,0.6923076923076923,0.01371790362293352,39
minilm-l12,trec-dl-2020,iso,0.72,0.6923076923076923,0.01371790362293352,39
minilm-l12,trec-dl-2020,iso,0.73,0.6842105263157895,0.013366162504396765,38
minilm-l12,trec-dl-2020,iso,0.74,0.6842105263157895,0.013366162504396765,38
minilm-l12,trec-dl-2020,iso,0.75,0.6842105263157895,0.013366162504396765,38
minilm-l12,trec-dl-2020,iso,0.76,,0.00809004572634541,23
minilm-l12,trec-dl-2020,iso,0.77,,0.00809004572634541,23
minilm-l12,trec-dl-2020,iso,0.78,,0.00809004572634541,23
minilm-l12,trec-dl-2020,iso,0.79,,0.00809004572634541,23
minilm-l12,trec-dl-2020,iso,0.8,,0.00809004572634541,23
minilm-l12,trec-dl-2020,iso,0.81,,0.00809004572634541,23
minilm-l12,trec-dl-2020,iso,0.8200000000000001,,0.006683081252198382,19
minilm-l12,trec-dl-2020,iso,0.8300000000000001,,0.006683081252198382,19
minilm-l12,trec-dl-2020,iso,0.8400000000000001,,0.006683081252198382,19
minilm-l12,trec-dl-2020,iso,0.85,,0.006683081252198382,19
minilm-l12,trec-dl-2020,iso,0.86,,0.006683081252198382,19
minilm-l12,trec-dl-2020,iso,0.87,,0.006683081252198382,19
minilm-l12,trec-dl-2020,iso,0.88,,0.006683081252198382,19
minilm-l12,trec-dl-2020,iso,0.89,,0.006683081252198382,19
minilm-l12,trec-dl-2020,iso,0.9,,0.006683081252198382,19
minilm-l12,trec-dl-2020,iso,0.91,,0.006683081252198382,19
minilm-l12,trec-dl-2020,iso,0.92,,0.006683081252198382,19
minilm-l12,trec-dl-2020,iso,0.93,,0.006331340133661625,18
minilm-l12,trec-dl-2020,iso,0.9400000000000001,,0.006331340133661625,18
minilm-l12,trec-dl-2020,iso,0.9500000000000001,,0.006331340133661625,18
minilm-l12,trec-dl-2020,iso,0.9600000000000001,,0.006331340133661625,18
minilm-l12,trec-dl-2020,iso,0.97,,0.006331340133661625,18
minilm-l12,trec-dl-2020,iso,0.98,,0.006331340133661625,18
minilm-l12,trec-dl-2020,iso,0.99,,0.006331340133661625,18
minilm-l12,trec-dl-2020,temp_lodo,0.01,0.16848399577910658,1.0,2843
minilm-l12,trec-dl-2020,temp_lodo,0.02,0.16848399577910658,1.0,2843
minilm-l12,trec-dl-2020,temp_lodo,0.03,0.16848399577910658,1.0,2843
minilm-l12,trec-dl-2020,temp_lodo,0.04,0.16848399577910658,1.0,2843
minilm-l12,trec-dl-2020,temp_lodo,0.05,0.16848399577910658,1.0,2843
minilm-l12,trec-dl-2020,temp_lodo,0.060000000000000005,0.16848399577910658,1.0,2843
minilm-l12,trec-dl-2020,temp_lodo,0.06999999999999999,0.16848399577910658,1.0,2843
minilm-l12,trec-dl-2020,temp_lodo,0.08,0.16848399577910658,1.0,2843
minilm-l12,trec-dl-2020,temp_lodo,0.09,0.16848399577910658,1.0,2843
minilm-l12,trec-dl-2020,temp_lodo,0.09999999999999999,0.16848399577910658,1.0,2843
minilm-l12,trec-dl-2020,temp_lodo,0.11,0.16848399577910658,1.0,2843
minilm-l12,trec-dl-2020,temp_lodo,0.12,0.16848399577910658,1.0,2843
minilm-l12,trec-dl-2020,temp_lodo,0.13,0.16848399577910658,1.0,2843
minilm-l12,trec-dl-2020,temp_lodo,0.14,0.1698581560283688,0.9919099542736546,2820
minilm-l12,trec-dl-2020,temp_lodo,0.15000000000000002,0.17174614557188955,0.9810059795990151,2789
minilm-l12,trec-dl-2020,temp_lodo,0.16,0.17380261248185777,0.9693985226873022,2756
minilm-l12,trec-dl-2020,temp_lodo,0.17,0.17539362870743316,0.9606049947238833,2731
minilm-l12,trec-dl-2020,temp_lodo,0.18000000000000002,0.1770140428677014,0.9518114667604644,2706
minilm-l12,trec-dl-2020,temp_lodo,0.19,0.17800074321813453,0.946535349982413,2691
minilm-l12,trec-dl-2020,temp_lodo,0.2,0.1798723244461134,0.9366865986633838,2663
minilm-l12,trec-dl-2020,temp_lodo,0.21000000000000002,0.18137069291934874,0.9289482940555751,2641
minilm-l12,trec-dl-2020,temp_lodo,0.22,0.18296409472880062,0.9208582483292297,2618
minilm-l12,trec-dl-2020,temp_lodo,0.23,0.18451463790446843,0.913119943721421,2596
minilm-l12,trec-dl-2020,temp_lodo,0.24000000000000002,0.18577535950252624,0.9050298979950756,2573
minilm-l12,trec-dl-2020,temp_lodo,0.25,0.18708414872798435,0.898698557861414,2555
minilm-l12,trec-dl-2020,temp_lodo,0.26,0.1882399368587214,0.8913119943721421,2534
minilm-l12,trec-dl-2020,temp_lodo,0.27,0.1902672516952533,0.8818149841716497,2507
minilm-l12,trec-dl-2020,temp_lodo,0.28,0.19226118500604594,0.8726697150896939,2481
minilm-l12,trec-dl-2020,temp_lodo,0.29000000000000004,0.19477337688852592,0.8614139992965177,2449
minilm-l12,trec-dl-2020,temp_lodo,0.3,0.19670103092783506,0.8529722124516356,2425
minilm-l12,trec-dl-2020,temp_lodo,0.31,0.19916492693110646,0.8424199788955329,2395
minilm-l12,trec-dl-2020,temp_lodo,0.32,0.2018659881255301,0.8294055575096729,2358
minilm-l12,trec-dl-2020,temp_lodo,0.33,0.2042042042042042,0.8199085473091804,2331
minilm-l12,trec-dl-2020,temp_lodo,0.34,0.20704654197477165,0.8086528315160042,2299
minilm-l12,trec-dl-2020,temp_lodo,0.35000000000000003,0.20959929546455305,0.798804080196975,2271
minilm-l12,trec-dl-2020,temp_lodo,0.36000000000000004,0.21240517626059796,0.7882518466408723,2241
minilm-l12,trec-dl-2020,temp_lodo,0.37,0.21541950113378686,0.775589166373549,2205
minilm-l12,trec-dl-2020,temp_lodo,0.38,0.21793103448275863,0.7650369328174463,2175
minilm-l12,trec-dl-2020,temp_lodo,0.39,0.22201405152224823,0.7509672880759761,2135
minilm-l12,trec-dl-2020,temp_lodo,0.4,0.2259913999044434,0.7361941610974323,2093
minilm-l12,trec-dl-2020,temp_lodo,0.41000000000000003,0.22859922178988326,0.7231797397115722,2056
minilm-l12,trec-dl-2020,temp_lodo,0.42000000000000004,0.23298559364133134,0.7080548716144918,2013
minilm-l12,trec-dl-2020,temp_lodo,0.43,0.23729674796747968,0.6922265212803377,1968
minilm-l12,trec-dl-2020,temp_lodo,0.44,0.2411825726141079,0.6781568765388674,1928
minilm-l12,trec-dl-2020,temp_lodo,0.45,0.24485488126649077,0.6665494196271544,1895
minilm-l12,trec-dl-2020,temp_lodo,0.46,0.2490606548577563,0.6552937038339782,1863
minilm-l12,trec-dl-2020,temp_lodo,0.47000000000000003,0.2546754675467547,0.6394653534998241,1818
minilm-l12,trec-dl-2020,temp_lodo,0.48000000000000004,0.25900900900900903,0.6246922265212803,1776
minilm-l12,trec-dl-2020,temp_lodo,0.49,0.2628242074927954,0.6102708406612734,1735
minilm-l12,trec-dl-2020,temp_lodo,0.5,0.26804733727810653,0.5944424903271193,1690
minilm-l12,trec-dl-2020,temp_lodo,0.51,0.2751677852348993,0.5765036932817447,1639
minilm-l12,trec-dl-2020,temp_lodo,0.52,0.28080050031269543,0.5624340485402743,1599
minilm-l12,trec-dl-2020,temp_lodo,0.53,0.2832590706556333,0.5525852972212452,1571
minilm-l12,trec-dl-2020,temp_lodo,0.54,0.2850619699934768,0.5392191347168483,1533
minilm-l12,trec-dl-2020,temp_lodo,0.55,0.2933243425488874,0.5216320787900105,1483
minilm-l12,trec-dl-2020,temp_lodo,0.56,0.2992345163535143,0.5054519873373198,1437
minilm-l12,trec-dl-2020,temp_lodo,0.5700000000000001,0.3044412607449857,0.4910306014773127,1396
minilm-l12,trec-dl-2020,temp_lodo,0.5800000000000001,0.30694548170276326,0.47098135772071753,1339
minilm-l12,trec-dl-2020,temp_lodo,0.59,0.31488698363211226,0.45128385508265917,1283
minilm-l12,trec-dl-2020,temp_lodo,0.6,0.3233387358184765,0.4340485402743581,1234
minilm-l12,trec-dl-2020,temp_lodo,0.61,0.3327702702702703,0.4164614843475202,1184
minilm-l12,trec-dl-2020,temp_lodo,0.62,0.3368513632365875,0.39992965177629264,1137
minilm-l12,trec-dl-2020,temp_lodo,0.63,0.34714548802946593,0.38199085473091804,1086
minilm-l12,trec-dl-2020,temp_lodo,0.64,0.3600395647873393,0.35561027084066127,1011
minilm-l12,trec-dl-2020,temp_lodo,0.65,0.3703319502074689,0.3390784382694337,964
minilm-l12,trec-dl-2020,temp_lodo,0.66,0.3814207650273224,0.3218431234611326,915
minilm-l12,trec-dl-2020,temp_lodo,0.67,0.3958090803259604,0.3021456208230742,859
minilm-l12,trec-dl-2020,temp_lodo,0.68,0.40914709517923364,0.2845585648962364,809
minilm-l12,trec-dl-2020,temp_lodo,0.6900000000000001,0.4196078431372549,0.26908195568061904,765
minilm-l12,trec-dl-2020,temp_lodo,0.7000000000000001,0.4318181818181818,0.2476257474498769,704
minilm-l12,trec-dl-2020,temp_lodo,0.7100000000000001,0.44036697247706424,0.23003869152303905,654
minilm-l12,trec-dl-2020,temp_lodo,0.72,0.45751633986928103,0.21526556454449525,612
minilm-l12,trec-dl-2020,temp_lodo,0.73,0.48148148148148145,0.18994020400984876,540
minilm-l12,trec-dl-2020,temp_lodo,0.74,0.4904862579281184,0.16637354906788604,473
minilm-l12,trec-dl-2020,temp_lodo,0.75,0.4929906542056075,0.15054519873373198,428
minilm-l12,trec-dl-2020,temp_lodo,0.76,0.5204359673024523,0.1290889905029898,367
minilm-l12,trec-dl-2020,temp_lodo,0.77,0.5460526315789473,0.10692930003517412,304
minilm-l12,trec-dl-2020,temp_lodo,0.78,0.556390977443609,0.09356313753077734,266
minilm-l12,trec-dl-2020,temp_lodo,0.79,0.58,0.07034822370735139,200
minilm-l12,trec-dl-2020,temp_lodo,0.8,0.6,0.05276116778051354,150
minilm-l12,trec-dl-2020,temp_lodo,0.81,0.6216216216216216,0.03904326415758002,111
minilm-l12,trec-dl-2020,temp_lodo,0.8200000000000001,0.6417910447761194,0.023566654941962716,67
minilm-l12,trec-dl-2020,temp_lodo,0.8300000000000001,0.7,0.014069644741470278,40
minilm-l12,trec-dl-2020,temp_lodo,0.8400000000000001,,0.006331340133661625,18
minilm-l12,trec-dl-2020,temp_lodo,0.85,,0.0017587055926837848,5
minilm-l12,trec-dl-2020,temp_lodo,0.86,,0.0,0
minilm-l12,trec-dl-2020,temp_lodo,0.87,,0.0,0
minilm-l12,trec-dl-2020,temp_lodo,0.88,,0.0,0
minilm-l12,trec-dl-2020,temp_lodo,0.89,,0.0,0
minilm-l12,trec-dl-2020,temp_lodo,0.9,,0.0,0
minilm-l12,trec-dl-2020,temp_lodo,0.91,,0.0,0
minilm-l12,trec-dl-2020,temp_lodo,0.92,,0.0,0
minilm-l12,trec-dl-2020,temp_lodo,0.93,,0.0,0
minilm-l12,trec-dl-2020,temp_lodo,0.9400000000000001,,0.0,0
minilm-l12,trec-dl-2020,temp_lodo,0.9500000000000001,,0.0,0
minilm-l12,trec-dl-2020,temp_lodo,0.9600000000000001,,0.0,0
minilm-l12,trec-dl-2020,temp_lodo,0.97,,0.0,0
minilm-l12,trec-dl-2020,temp_lodo,0.98,,0.0,0
minilm-l12,trec-dl-2020,temp_lodo,0.99,,0.0,0
minilm-l12,webis-touche2020,raw,0.01,0.7947882736156352,0.9654088050314465,307
minilm-l12,webis-touche2020,raw,0.02,0.7947019867549668,0.949685534591195,302
minilm-l12,webis-touche2020,raw,0.03,0.7993311036789298,0.940251572327044,299
minilm-l12,webis-touche2020,raw,0.04,0.7986577181208053,0.9371069182389937,298
minilm-l12,webis-touche2020,raw,0.05,0.8013468013468014,0.9339622641509434,297
minilm-l12,webis-touche2020,raw,0.060000000000000005,0.8109965635738832,0.9150943396226415,291
minilm-l12,webis-touche2020,raw,0.06999999999999999,0.8109965635738832,0.9150943396226415,291
minilm-l12,webis-touche2020,raw,0.08,0.8153310104529616,0.9025157232704403,287
minilm-l12,webis-touche2020,raw,0.09,0.8210526315789474,0.8962264150943396,285
minilm-l12,webis-touche2020,raw,0.09999999999999999,0.8210526315789474,0.8962264150943396,285
minilm-l12,webis-touche2020,raw,0.11,0.8210526315789474,0.8962264150943396,285
minilm-l12,webis-touche2020,raw,0.12,0.8268551236749117,0.889937106918239,283
minilm-l12,webis-touche2020,raw,0.13,0.8297872340425532,0.8867924528301887,282
minilm-l12,webis-touche2020,raw,0.14,0.8297872340425532,0.8867924528301887,282
minilm-l12,webis-touche2020,raw,0.15000000000000002,0.8297872340425532,0.8867924528301887,282
minilm-l12,webis-touche2020,raw,0.16,0.8321428571428572,0.8805031446540881,280
minilm-l12,webis-touche2020,raw,0.17,0.8315412186379928,0.8773584905660378,279
minilm-l12,webis-touche2020,raw,0.18000000000000002,0.8315412186379928,0.8773584905660378,279
minilm-l12,webis-touche2020,raw,0.19,0.8345323741007195,0.8742138364779874,278
minilm-l12,webis-touche2020,raw,0.2,0.8345323741007195,0.8742138364779874,278
minilm-l12,webis-touche2020,raw,0.21000000000000002,0.8375451263537906,0.8710691823899371,277
minilm-l12,webis-touche2020,raw,0.22,0.84,0.8647798742138365,275
minilm-l12,webis-touche2020,raw,0.23,0.84,0.8647798742138365,275
minilm-l12,webis-touche2020,raw,0.24000000000000002,0.843065693430657,0.8616352201257862,274
minilm-l12,webis-touche2020,raw,0.25,0.843065693430657,0.8616352201257862,274
minilm-l12,webis-touche2020,raw,0.26,0.843065693430657,0.8616352201257862,274
minilm-l12,webis-touche2020,raw,0.27,0.843065693430657,0.8616352201257862,274
minilm-l12,webis-touche2020,raw,0.28,0.843065693430657,0.8616352201257862,274
minilm-l12,webis-touche2020,raw,0.29000000000000004,0.8424908424908425,0.8584905660377359,273
minilm-l12,webis-touche2020,raw,0.3,0.8424908424908425,0.8584905660377359,273
minilm-l12,webis-touche2020,raw,0.31,0.8424908424908425,0.8584905660377359,273
minilm-l12,webis-touche2020,raw,0.32,0.8419117647058824,0.8553459119496856,272
minilm-l12,webis-touche2020,raw,0.33,0.8419117647058824,0.8553459119496856,272
minilm-l12,webis-touche2020,raw,0.34,0.8413284132841329,0.8522012578616353,271
minilm-l12,webis-touche2020,raw,0.35000000000000003,0.8413284132841329,0.8522012578616353,271
minilm-l12,webis-touche2020,raw,0.36000000000000004,0.8413284132841329,0.8522012578616353,271
minilm-l12,webis-touche2020,raw,0.37,0.8444444444444444,0.8490566037735849,270
minilm-l12,webis-touche2020,raw,0.38,0.8444444444444444,0.8490566037735849,270
minilm-l12,webis-touche2020,raw,0.39,0.8444444444444444,0.8490566037735849,270
minilm-l12,webis-touche2020,raw,0.4,0.8444444444444444,0.8490566037735849,270
minilm-l12,webis-touche2020,raw,0.41000000000000003,0.8444444444444444,0.8490566037735849,270
minilm-l12,webis-touche2020,raw,0.42000000000000004,0.8444444444444444,0.8490566037735849,270
minilm-l12,webis-touche2020,raw,0.43,0.8444444444444444,0.8490566037735849,270
minilm-l12,webis-touche2020,raw,0.44,0.8475836431226765,0.8459119496855346,269
minilm-l12,webis-touche2020,raw,0.45,0.8475836431226765,0.8459119496855346,269
minilm-l12,webis-touche2020,raw,0.46,0.8475836431226765,0.8459119496855346,269
minilm-l12,webis-touche2020,raw,0.47000000000000003,0.8475836431226765,0.8459119496855346,269
minilm-l12,webis-touche2020,raw,0.48000000000000004,0.846441947565543,0.839622641509434,267
minilm-l12,webis-touche2020,raw,0.49,0.846441947565543,0.839622641509434,267
minilm-l12,webis-touche2020,raw,0.5,0.8458646616541353,0.8364779874213837,266
minilm-l12,webis-touche2020,raw,0.51,0.8458646616541353,0.8364779874213837,266
minilm-l12,webis-touche2020,raw,0.52,0.8458646616541353,0.8364779874213837,266
minilm-l12,webis-touche2020,raw,0.53,0.8458646616541353,0.8364779874213837,266
minilm-l12,webis-touche2020,raw,0.54,0.8458646616541353,0.8364779874213837,266
minilm-l12,webis-touche2020,raw,0.55,0.8490566037735849,0.8333333333333334,265
minilm-l12,webis-touche2020,raw,0.56,0.8490566037735849,0.8333333333333334,265
minilm-l12,webis-touche2020,raw,0.5700000000000001,0.8490566037735849,0.8333333333333334,265
minilm-l12,webis-touche2020,raw,0.5800000000000001,0.8484848484848485,0.8301886792452831,264
minilm-l12,webis-touche2020,raw,0.59,0.85,0.8176100628930818,260
minilm-l12,webis-touche2020,raw,0.6,0.8488372093023255,0.8113207547169812,258
minilm-l12,webis-touche2020,raw,0.61,0.8482490272373541,0.8081761006289309,257
minilm-l12,webis-touche2020,raw,0.62,0.8482490272373541,0.8081761006289309,257
minilm-l12,webis-touche2020,raw,0.63,0.8482490272373541,0.8081761006289309,257
minilm-l12,webis-touche2020,raw,0.64,0.8482490272373541,0.8081761006289309,257
minilm-l12,webis-touche2020,raw,0.65,0.84765625,0.8050314465408805,256
minilm-l12,webis-touche2020,raw,0.66,0.84765625,0.8050314465408805,256
minilm-l12,webis-touche2020,raw,0.67,0.84765625,0.8050314465408805,256
minilm-l12,webis-touche2020,raw,0.68,0.84765625,0.8050314465408805,256
minilm-l12,webis-touche2020,raw,0.6900000000000001,0.84765625,0.8050314465408805,256
minilm-l12,webis-touche2020,raw,0.7000000000000001,0.8470588235294118,0.8018867924528302,255
minilm-l12,webis-touche2020,raw,0.7100000000000001,0.8537549407114624,0.7955974842767296,253
minilm-l12,webis-touche2020,raw,0.72,0.8531746031746031,0.7924528301886793,252
minilm-l12,webis-touche2020,raw,0.73,0.856,0.7861635220125787,250
minilm-l12,webis-touche2020,raw,0.74,0.8554216867469879,0.7830188679245284,249
minilm-l12,webis-touche2020,raw,0.75,0.8582995951417004,0.7767295597484277,247
minilm-l12,webis-touche2020,raw,0.76,0.8577235772357723,0.7735849056603774,246
minilm-l12,webis-touche2020,raw,0.77,0.8571428571428571,0.7704402515723271,245
minilm-l12,webis-touche2020,raw,0.78,0.8600823045267489,0.7641509433962265,243
minilm-l12,webis-touche2020,raw,0.79,0.8589211618257261,0.7578616352201258,241
minilm-l12,webis-touche2020,raw,0.8,0.8583333333333333,0.7547169811320755,240
minilm-l12,webis-touche2020,raw,0.81,0.8577405857740585,0.7515723270440252,239
minilm-l12,webis-touche2020,raw,0.8200000000000001,0.8577405857740585,0.7515723270440252,239
minilm-l12,webis-touche2020,raw,0.8300000000000001,0.8553191489361702,0.7389937106918238,235
minilm-l12,webis-touche2020,raw,0.8400000000000001,0.8553191489361702,0.7389937106918238,235
minilm-l12,webis-touche2020,raw,0.85,0.8589743589743589,0.7358490566037735,234
minilm-l12,webis-touche2020,raw,0.86,0.8577586206896551,0.7295597484276729,232
minilm-l12,webis-touche2020,raw,0.87,0.8565217391304348,0.7232704402515723,230
minilm-l12,webis-touche2020,raw,0.88,0.8565217391304348,0.7232704402515723,230
minilm-l12,webis-touche2020,raw,0.89,0.8602620087336245,0.720125786163522,229
minilm-l12,webis-touche2020,raw,0.9,0.8596491228070176,0.7169811320754716,228
minilm-l12,webis-touche2020,raw,0.91,0.8584070796460177,0.710691823899371,226
minilm-l12,webis-touche2020,raw,0.92,0.8603603603603603,0.6981132075471698,222
minilm-l12,webis-touche2020,raw,0.93,0.8603603603603603,0.6981132075471698,222
minilm-l12,webis-touche2020,raw,0.9400000000000001,0.8577981651376146,0.6855345911949685,218
minilm-l12,webis-touche2020,raw,0.9500000000000001,0.8591549295774648,0.6698113207547169,213
minilm-l12,webis-touche2020,raw,0.9600000000000001,0.8564593301435407,0.6572327044025157,209
minilm-l12,webis-touche2020,raw,0.97,0.8522167487684729,0.6383647798742138,203
minilm-l12,webis-touche2020,raw,0.98,0.8461538461538461,0.6132075471698113,195
minilm-l12,webis-touche2020,raw,0.99,0.8497109826589595,0.5440251572327044,173
minilm-l12,webis-touche2020,temp,0.01,0.779874213836478,1.0,318
minilm-l12,webis-touche2020,temp,0.02,0.779874213836478,1.0,318
minilm-l12,webis-touche2020,temp,0.03,0.779874213836478,1.0,318
minilm-l12,webis-touche2020,temp,0.04,0.779874213836478,1.0,318
minilm-l12,webis-touche2020,temp,0.05,0.779874213836478,1.0,318
minilm-l12,webis-touche2020,temp,0.060000000000000005,0.779874213836478,1.0,318
minilm-l12,webis-touche2020,temp,0.06999999999999999,0.779874213836478,1.0,318
minilm-l12,webis-touche2020,temp,0.08,0.7823343848580442,0.9968553459119497,317
minilm-l12,webis-touche2020,temp,0.09,0.7823343848580442,0.9968553459119497,317
minilm-l12,webis-touche2020,temp,0.09999999999999999,0.7823343848580442,0.9968553459119497,317
minilm-l12,webis-touche2020,temp,0.11,0.7823343848580442,0.9968553459119497,317
minilm-l12,webis-touche2020,temp,0.12,0.7841269841269841,0.9905660377358491,315
minilm-l12,webis-touche2020,temp,0.13,0.7859424920127795,0.9842767295597484,313
minilm-l12,webis-touche2020,temp,0.14,0.7859424920127795,0.9842767295597484,313
minilm-l12,webis-touche2020,temp,0.15000000000000002,0.7859424920127795,0.9842767295597484,313
minilm-l12,webis-touche2020,temp,0.16,0.7884615384615384,0.9811320754716981,312
minilm-l12,webis-touche2020,temp,0.17,0.7884615384615384,0.9811320754716981,312
minilm-l12,webis-touche2020,temp,0.18000000000000002,0.7903225806451613,0.9748427672955975,310
minilm-l12,webis-touche2020,temp,0.19,0.7903225806451613,0.9748427672955975,310
minilm-l12,webis-touche2020,temp,0.2,0.7922077922077922,0.9685534591194969,308
minilm-l12,webis-touche2020,temp,0.21000000000000002,0.7922077922077922,0.9685534591194969,308
minilm-l12,webis-touche2020,temp,0.22,0.7922077922077922,0.9685534591194969,308
minilm-l12,webis-touche2020,temp,0.23,0.7922077922077922,0.9685534591194969,308
minilm-l12,webis-touche2020,temp,0.24000000000000002,0.7947882736156352,0.9654088050314465,307
minilm-l12,webis-touche2020,temp,0.25,0.7947019867549668,0.949685534591195,302
minilm-l12,webis-touche2020,temp,0.26,0.7947019867549668,0.949685534591195,302
minilm-l12,webis-touche2020,temp,0.27,0.7947019867549668,0.949685534591195,302
minilm-l12,webis-touche2020,temp,0.28,0.7940199335548173,0.9465408805031447,301
minilm-l12,webis-touche2020,temp,0.29000000000000004,0.7993311036789298,0.940251572327044,299
minilm-l12,webis-touche2020,temp,0.3,0.7993311036789298,0.940251572327044,299
minilm-l12,webis-touche2020,temp,0.31,0.7986577181208053,0.9371069182389937,298
minilm-l12,webis-touche2020,temp,0.32,0.8013468013468014,0.9339622641509434,297
minilm-l12,webis-touche2020,temp,0.33,0.8061224489795918,0.9245283018867925,294
minilm-l12,webis-touche2020,temp,0.34,0.8109965635738832,0.9150943396226415,291
minilm-l12,webis-touche2020,temp,0.35000000000000003,0.8153310104529616,0.9025157232704403,287
minilm-l12,webis-touche2020,temp,0.36000000000000004,0.8210526315789474,0.8962264150943396,285
minilm-l12,webis-touche2020,temp,0.37,0.8210526315789474,0.8962264150943396,285
minilm-l12,webis-touche2020,temp,0.38,0.8297872340425532,0.8867924528301887,282
minilm-l12,webis-touche2020,temp,0.39,0.8297872340425532,0.8867924528301887,282
minilm-l12,webis-touche2020,temp,0.4,0.8315412186379928,0.8773584905660378,279
minilm-l12,webis-touche2020,temp,0.41000000000000003,0.8345323741007195,0.8742138364779874,278
minilm-l12,webis-touche2020,temp,0.42000000000000004,0.8369565217391305,0.8679245283018868,276
minilm-l12,webis-touche2020,temp,0.43,0.843065693430657,0.8616352201257862,274
minilm-l12,webis-touche2020,temp,0.44,0.843065693430657,0.8616352201257862,274
minilm-l12,webis-touche2020,temp,0.45,0.8424908424908425,0.8584905660377359,273
minilm-l12,webis-touche2020,temp,0.46,0.8413284132841329,0.8522012578616353,271
minilm-l12,webis-touche2020,temp,0.47000000000000003,0.8444444444444444,0.8490566037735849,270
minilm-l12,webis-touche2020,temp,0.48000000000000004,0.8444444444444444,0.8490566037735849,270
minilm-l12,webis-touche2020,temp,0.49,0.8475836431226765,0.8459119496855346,269
minilm-l12,webis-touche2020,temp,0.5,0.8458646616541353,0.8364779874213837,266
minilm-l12,webis-touche2020,temp,0.51,0.8458646616541353,0.8364779874213837,266
minilm-l12,webis-touche2020,temp,0.52,0.8484848484848485,0.8301886792452831,264
minilm-l12,webis-touche2020,temp,0.53,0.8482490272373541,0.8081761006289309,257
minilm-l12,webis-touche2020,temp,0.54,0.84765625,0.8050314465408805,256
minilm-l12,webis-touche2020,temp,0.55,0.84765625,0.8050314465408805,256
minilm-l12,webis-touche2020,temp,0.56,0.8565737051792829,0.789308176100629,251
minilm-l12,webis-touche2020,temp,0.5700000000000001,0.8582995951417004,0.7767295597484277,247
minilm-l12,webis-touche2020,temp,0.5800000000000001,0.859504132231405,0.7610062893081762,242
minilm-l12,webis-touche2020,temp,0.59,0.8577405857740585,0.7515723270440252,239
minilm-l12,webis-touche2020,temp,0.6,0.8553191489361702,0.7389937106918238,235
minilm-l12,webis-touche2020,temp,0.61,0.8577586206896551,0.7295597484276729,232
minilm-l12,webis-touche2020,temp,0.62,0.8565217391304348,0.7232704402515723,230
minilm-l12,webis-touche2020,temp,0.63,0.8602620087336245,0.720125786163522,229
minilm-l12,webis-touche2020,temp,0.64,0.8596491228070176,0.7169811320754716,228
minilm-l12,webis-touche2020,temp,0.65,0.8603603603603603,0.6981132075471698,222
minilm-l12,webis-touche2020,temp,0.66,0.8590909090909091,0.6918238993710691,220
minilm-l12,webis-touche2020,temp,0.67,0.8577981651376146,0.6855345911949685,218
minilm-l12,webis-touche2020,temp,0.68,0.8591549295774648,0.6698113207547169,213
minilm-l12,webis-touche2020,temp,0.6900000000000001,0.8564593301435407,0.6572327044025157,209
minilm-l12,webis-touche2020,temp,0.7000000000000001,0.8543689320388349,0.6477987421383647,206
minilm-l12,webis-touche2020,temp,0.7100000000000001,0.8507462686567164,0.6320754716981132,201
minilm-l12,webis-touche2020,temp,0.72,0.8484848484848485,0.6226415094339622,198
minilm-l12,webis-touche2020,temp,0.73,0.844559585492228,0.6069182389937107,193
minilm-l12,webis-touche2020,temp,0.74,0.8465608465608465,0.5943396226415094,189
minilm-l12,webis-touche2020,temp,0.75,0.8418079096045198,0.5566037735849056,177
minilm-l12,webis-touche2020,temp,0.76,0.8497109826589595,0.5440251572327044,173
minilm-l12,webis-touche2020,temp,0.77,0.8452380952380952,0.5283018867924528,168
minilm-l12,webis-touche2020,temp,0.78,0.8414634146341463,0.5157232704402516,164
minilm-l12,webis-touche2020,temp,0.79,0.8333333333333334,0.49056603773584906,156
minilm-l12,webis-touche2020,temp,0.8,0.831081081081081,0.46540880503144655,148
minilm-l12,webis-touche2020,temp,0.81,0.8285714285714286,0.44025157232704404,140
minilm-l12,webis-touche2020,temp,0.8200000000000001,0.8181818181818182,0.41509433962264153,132
minilm-l12,webis-touche2020,temp,0.8300000000000001,0.8064516129032258,0.389937106918239,124
minilm-l12,webis-touche2020,temp,0.8400000000000001,0.7876106194690266,0.3553459119496855,113
minilm-l12,webis-touche2020,temp,0.85,0.7676767676767676,0.3113207547169811,99
minilm-l12,webis-touche2020,temp,0.86,0.7415730337078652,0.279874213836478,89
minilm-l12,webis-touche2020,temp,0.87,0.7317073170731707,0.2578616352201258,82
minilm-l12,webis-touche2020,temp,0.88,0.7121212121212122,0.20754716981132076,66
minilm-l12,webis-touche2020,temp,0.89,0.6730769230769231,0.16352201257861634,52
minilm-l12,webis-touche2020,temp,0.9,0.5789473684210527,0.11949685534591195,38
minilm-l12,webis-touche2020,temp,0.91,,0.08176100628930817,26
minilm-l12,webis-touche2020,temp,0.92,,0.05660377358490566,18
minilm-l12,webis-touche2020,temp,0.93,,0.025157232704402517,8
minilm-l12,webis-touche2020,temp,0.9400000000000001,,0.0031446540880503146,1
minilm-l12,webis-touche2020,temp,0.9500000000000001,,0.0,0
minilm-l12,webis-touche2020,temp,0.9600000000000001,,0.0,0
minilm-l12,webis-touche2020,temp,0.97,,0.0,0
minilm-l12,webis-touche2020,temp,0.98,,0.0,0
minilm-l12,webis-touche2020,temp,0.99,,0.0,0
minilm-l12,webis-touche2020,platt,0.01,0.779874213836478,1.0,318
minilm-l12,webis-touche2020,platt,0.02,0.779874213836478,1.0,318
minilm-l12,webis-touche2020,platt,0.03,0.779874213836478,1.0,318
minilm-l12,webis-touche2020,platt,0.04,0.779874213836478,1.0,318
minilm-l12,webis-touche2020,platt,0.05,0.779874213836478,1.0,318
minilm-l12,webis-touche2020,platt,0.060000000000000005,0.779874213836478,1.0,318
minilm-l12,webis-touche2020,platt,0.06999999999999999,0.779874213836478,1.0,318
minilm-l12,webis-touche2020,platt,0.08,0.779874213836478,1.0,318
minilm-l12,webis-touche2020,platt,0.09,0.779874213836478,1.0,318
minilm-l12,webis-touche2020,platt,0.09999999999999999,0.779874213836478,1.0,318
minilm-l12,webis-touche2020,platt,0.11,0.779874213836478,1.0,318
minilm-l12,webis-touche2020,platt,0.12,0.779874213836478,1.0,318
minilm-l12,webis-touche2020,platt,0.13,0.779874213836478,1.0,318
minilm-l12,webis-touche2020,platt,0.14,0.779874213836478,1.0,318
minilm-l12,webis-touche2020,platt,0.15000000000000002,0.779874213836478,1.0,318
minilm-l12,webis-touche2020,platt,0.16,0.779874213836478,1.0,318
minilm-l12,webis-touche2020,platt,0.17,0.779874213836478,1.0,318
minilm-l12,webis-touche2020,platt,0.18000000000000002,0.779874213836478,1.0,318
minilm-l12,webis-touche2020,platt,0.19,0.779874213836478,1.0,318
minilm-l12,webis-touche2020,platt,0.2,0.779874213836478,1.0,318
minilm-l12,webis-touche2020,platt,0.21000000000000002,0.779874213836478,1.0,318
minilm-l12,webis-touche2020,platt,0.22,0.779874213836478,1.0,318
minilm-l12,webis-touche2020,platt,0.23,0.779874213836478,1.0,318
minilm-l12,webis-touche2020,platt,0.24000000000000002,0.779874213836478,1.0,318
minilm-l12,webis-touche2020,platt,0.25,0.779874213836478,1.0,318
minilm-l12,webis-touche2020,platt,0.26,0.779874213836478,1.0,318
minilm-l12,webis-touche2020,platt,0.27,0.7823343848580442,0.9968553459119497,317
minilm-l12,webis-touche2020,platt,0.28,0.7823343848580442,0.9968553459119497,317
minilm-l12,webis-touche2020,platt,0.29000000000000004,0.7823343848580442,0.9968553459119497,317
minilm-l12,webis-touche2020,platt,0.3,0.7823343848580442,0.9968553459119497,317
minilm-l12,webis-touche2020,platt,0.31,0.7823343848580442,0.9968553459119497,317
minilm-l12,webis-touche2020,platt,0.32,0.7823343848580442,0.9968553459119497,317
minilm-l12,webis-touche2020,platt,0.33,0.7841269841269841,0.9905660377358491,315
minilm-l12,webis-touche2020,platt,0.34,0.7841269841269841,0.9905660377358491,315
minilm-l12,webis-touche2020,platt,0.35000000000000003,0.7834394904458599,0.9874213836477987,314
minilm-l12,webis-touche2020,platt,0.36000000000000004,0.7859424920127795,0.9842767295597484,313
minilm-l12,webis-touche2020,platt,0.37,0.7859424920127795,0.9842767295597484,313
minilm-l12,webis-touche2020,platt,0.38,0.7859424920127795,0.9842767295597484,313
minilm-l12,webis-touche2020,platt,0.39,0.7859424920127795,0.9842767295597484,313
minilm-l12,webis-touche2020,platt,0.4,0.7884615384615384,0.9811320754716981,312
minilm-l12,webis-touche2020,platt,0.41000000000000003,0.7909967845659164,0.9779874213836478,311
minilm-l12,webis-touche2020,platt,0.42000000000000004,0.7903225806451613,0.9748427672955975,310
minilm-l12,webis-touche2020,platt,0.43,0.7903225806451613,0.9748427672955975,310
minilm-l12,webis-touche2020,platt,0.44,0.7896440129449838,0.9716981132075472,309
minilm-l12,webis-touche2020,platt,0.45,0.7922077922077922,0.9685534591194969,308
minilm-l12,webis-touche2020,platt,0.46,0.7922077922077922,0.9685534591194969,308
minilm-l12,webis-touche2020,platt,0.47000000000000003,0.7922077922077922,0.9685534591194969,308
minilm-l12,webis-touche2020,platt,0.48000000000000004,0.7947882736156352,0.9654088050314465,307
minilm-l12,webis-touche2020,platt,0.49,0.7947019867549668,0.949685534591195,302
minilm-l12,webis-touche2020,platt,0.5,0.7947019867549668,0.949685534591195,302
minilm-l12,webis-touche2020,platt,0.51,0.7947019867549668,0.949685534591195,302
minilm-l12,webis-touche2020,platt,0.52,0.7966666666666666,0.9433962264150944,300
minilm-l12,webis-touche2020,platt,0.53,0.7993311036789298,0.940251572327044,299
minilm-l12,webis-touche2020,platt,0.54,0.7986577181208053,0.9371069182389937,298
minilm-l12,webis-touche2020,platt,0.55,0.8013468013468014,0.9339622641509434,297
minilm-l12,webis-touche2020,platt,0.56,0.8116438356164384,0.9182389937106918,292
minilm-l12,webis-touche2020,platt,0.5700000000000001,0.8103448275862069,0.9119496855345912,290
minilm-l12,webis-touche2020,platt,0.5800000000000001,0.8210526315789474,0.8962264150943396,285
minilm-l12,webis-touche2020,platt,0.59,0.8210526315789474,0.8962264150943396,285
minilm-l12,webis-touche2020,platt,0.6,0.8297872340425532,0.8867924528301887,282
minilm-l12,webis-touche2020,platt,0.61,0.8315412186379928,0.8773584905660378,279
minilm-l12,webis-touche2020,platt,0.62,0.8375451263537906,0.8710691823899371,277
minilm-l12,webis-touche2020,platt,0.63,0.843065693430657,0.8616352201257862,274
minilm-l12,webis-touche2020,platt,0.64,0.8424908424908425,0.8584905660377359,273
minilm-l12,webis-touche2020,platt,0.65,0.8413284132841329,0.8522012578616353,271
minilm-l12,webis-touche2020,platt,0.66,0.8444444444444444,0.8490566037735849,270
minilm-l12,webis-touche2020,platt,0.67,0.846441947565543,0.839622641509434,267
minilm-l12,webis-touche2020,platt,0.68,0.8490566037735849,0.8333333333333334,265
minilm-l12,webis-touche2020,platt,0.6900000000000001,0.8482490272373541,0.8081761006289309,257
minilm-l12,webis-touche2020,platt,0.7000000000000001,0.84765625,0.8050314465408805,256
minilm-l12,webis-touche2020,platt,0.7100000000000001,0.856,0.7861635220125787,250
minilm-l12,webis-touche2020,platt,0.72,0.859504132231405,0.7610062893081762,242
minilm-l12,webis-touche2020,platt,0.73,0.8565400843881856,0.7452830188679245,237
minilm-l12,webis-touche2020,platt,0.74,0.8571428571428571,0.7264150943396226,231
minilm-l12,webis-touche2020,platt,0.75,0.8596491228070176,0.7169811320754716,228
minilm-l12,webis-touche2020,platt,0.76,0.8603603603603603,0.6981132075471698,222
minilm-l12,webis-touche2020,platt,0.77,0.8577981651376146,0.6855345911949685,218
minilm-l12,webis-touche2020,platt,0.78,0.8578199052132701,0.6635220125786163,211
minilm-l12,webis-touche2020,platt,0.79,0.8522167487684729,0.6383647798742138,203
minilm-l12,webis-touche2020,platt,0.8,0.8469387755102041,0.6163522012578616,196
minilm-l12,webis-touche2020,platt,0.81,0.8449197860962567,0.5880503144654088,187
minilm-l12,webis-touche2020,platt,0.8200000000000001,0.8497109826589595,0.5440251572327044,173
minilm-l12,webis-touche2020,platt,0.8300000000000001,0.8433734939759037,0.5220125786163522,166
minilm-l12,webis-touche2020,platt,0.8400000000000001,0.8289473684210527,0.4779874213836478,152
minilm-l12,webis-touche2020,platt,0.85,0.8248175182481752,0.4308176100628931,137
minilm-l12,webis-touche2020,platt,0.86,0.8064516129032258,0.389937106918239,124
minilm-l12,webis-touche2020,platt,0.87,0.7745098039215687,0.32075471698113206,102
minilm-l12,webis-touche2020,platt,0.88,0.735632183908046,0.27358490566037735,87
minilm-l12,webis-touche2020,platt,0.89,0.7014925373134329,0.21069182389937108,67
minilm-l12,webis-touche2020,platt,0.9,0.6458333333333334,0.1509433962264151,48
minilm-l12,webis-touche2020,platt,0.91,,0.08490566037735849,27
minilm-l12,webis-touche2020,platt,0.92,,0.040880503144654086,13
minilm-l12,webis-touche2020,platt,0.93,,0.006289308176100629,2
minilm-l12,webis-touche2020,platt,0.9400000000000001,,0.0,0
minilm-l12,webis-touche2020,platt,0.9500000000000001,,0.0,0
minilm-l12,webis-touche2020,platt,0.9600000000000001,,0.0,0
minilm-l12,webis-touche2020,platt,0.97,,0.0,0
minilm-l12,webis-touche2020,platt,0.98,,0.0,0
minilm-l12,webis-touche2020,platt,0.99,,0.0,0
minilm-l12,webis-touche2020,iso,0.01,0.779874213836478,1.0,318
minilm-l12,webis-touche2020,iso,0.02,0.779874213836478,1.0,318
minilm-l12,webis-touche2020,iso,0.03,0.779874213836478,1.0,318
minilm-l12,webis-touche2020,iso,0.04,0.779874213836478,1.0,318
minilm-l12,webis-touche2020,iso,0.05,0.779874213836478,1.0,318
minilm-l12,webis-touche2020,iso,0.060000000000000005,0.779874213836478,1.0,318
minilm-l12,webis-touche2020,iso,0.06999999999999999,0.779874213836478,1.0,318
minilm-l12,webis-touche2020,iso,0.08,0.779874213836478,1.0,318
minilm-l12,webis-touche2020,iso,0.09,0.779874213836478,1.0,318
minilm-l12,webis-touche2020,iso,0.09999999999999999,0.779874213836478,1.0,318
minilm-l12,webis-touche2020,iso,0.11,0.779874213836478,1.0,318
minilm-l12,webis-touche2020,iso,0.12,0.779874213836478,1.0,318
minilm-l12,webis-touche2020,iso,0.13,0.779874213836478,1.0,318
minilm-l12,webis-touche2020,iso,0.14,0.779874213836478,1.0,318
minilm-l12,webis-touche2020,iso,0.15000000000000002,0.779874213836478,1.0,318
minilm-l12,webis-touche2020,iso,0.16,0.779874213836478,1.0,318
minilm-l12,webis-touche2020,iso,0.17,0.779874213836478,1.0,318
minilm-l12,webis-touche2020,iso,0.18000000000000002,0.779874213836478,1.0,318
minilm-l12,webis-touche2020,iso,0.19,0.779874213836478,1.0,318
minilm-l12,webis-touche2020,iso,0.2,0.779874213836478,1.0,318
minilm-l12,webis-touche2020,iso,0.21000000000000002,0.779874213836478,1.0,318
minilm-l12,webis-touche2020,iso,0.22,0.779874213836478,1.0,318
minilm-l12,webis-touche2020,iso,0.23,0.779874213836478,1.0,318
minilm-l12,webis-touche2020,iso,0.24000000000000002,0.8013468013468014,0.9339622641509434,297
minilm-l12,webis-touche2020,iso,0.25,0.8013468013468014,0.9339622641509434,297
minilm-l12,webis-touche2020,iso,0.26,0.8013468013468014,0.9339622641509434,297
minilm-l12,webis-touche2020,iso,0.27,0.8013468013468014,0.9339622641509434,297
minilm-l12,webis-touche2020,iso,0.28,0.8013468013468014,0.9339622641509434,297
minilm-l12,webis-touche2020,iso,0.29000000000000004,0.8013468013468014,0.9339622641509434,297
minilm-l12,webis-touche2020,iso,0.3,0.8013468013468014,0.9339622641509434,297
minilm-l12,webis-touche2020,iso,0.31,0.8013468013468014,0.9339622641509434,297
minilm-l12,webis-touche2020,iso,0.32,0.8013468013468014,0.9339622641509434,297
minilm-l12,webis-touche2020,iso,0.33,0.8013468013468014,0.9339622641509434,297
minilm-l12,webis-touche2020,iso,0.34,0.8297872340425532,0.8867924528301887,282
minilm-l12,webis-touche2020,iso,0.35000000000000003,0.8297872340425532,0.8867924528301887,282
minilm-l12,webis-touche2020,iso,0.36000000000000004,0.8297872340425532,0.8867924528301887,282
minilm-l12,webis-touche2020,iso,0.37,0.8297872340425532,0.8867924528301887,282
minilm-l12,webis-touche2020,iso,0.38,0.8297872340425532,0.8867924528301887,282
minilm-l12,webis-touche2020,iso,0.39,0.8297872340425532,0.8867924528301887,282
minilm-l12,webis-touche2020,iso,0.4,0.8297872340425532,0.8867924528301887,282
minilm-l12,webis-touche2020,iso,0.41000000000000003,0.8297872340425532,0.8867924528301887,282
minilm-l12,webis-touche2020,iso,0.42000000000000004,0.8297872340425532,0.8867924528301887,282
minilm-l12,webis-touche2020,iso,0.43,0.8297872340425532,0.8867924528301887,282
minilm-l12,webis-touche2020,iso,0.44,0.8297872340425532,0.8867924528301887,282
minilm-l12,webis-touche2020,iso,0.45,0.8297872340425532,0.8867924528301887,282
minilm-l12,webis-touche2020,iso,0.46,0.8297872340425532,0.8867924528301887,282
minilm-l12,webis-touche2020,iso,0.47000000000000003,0.8297872340425532,0.8867924528301887,282
minilm-l12,webis-touche2020,iso,0.48000000000000004,0.8327402135231317,0.8836477987421384,281
minilm-l12,webis-touche2020,iso,0.49,0.8327402135231317,0.8836477987421384,281
minilm-l12,webis-touche2020,iso,0.5,0.8327402135231317,0.8836477987421384,281
minilm-l12,webis-touche2020,iso,0.51,0.8315412186379928,0.8773584905660378,279
minilm-l12,webis-touche2020,iso,0.52,0.8315412186379928,0.8773584905660378,279
minilm-l12,webis-touche2020,iso,0.53,0.8315412186379928,0.8773584905660378,279
minilm-l12,webis-touche2020,iso,0.54,0.8315412186379928,0.8773584905660378,279
minilm-l12,webis-touche2020,iso,0.55,0.8315412186379928,0.8773584905660378,279
minilm-l12,webis-touche2020,iso,0.56,0.8315412186379928,0.8773584905660378,279
minilm-l12,webis-touche2020,iso,0.5700000000000001,0.8315412186379928,0.8773584905660378,279
minilm-l12,webis-touche2020,iso,0.5800000000000001,0.8315412186379928,0.8773584905660378,279
minilm-l12,webis-touche2020,iso,0.59,0.8315412186379928,0.8773584905660378,279
minilm-l12,webis-touche2020,iso,0.6,0.8315412186379928,0.8773584905660378,279
minilm-l12,webis-touche2020,iso,0.61,0.8315412186379928,0.8773584905660378,279
minilm-l12,webis-touche2020,iso,0.62,0.8315412186379928,0.8773584905660378,279
minilm-l12,webis-touche2020,iso,0.63,0.8315412186379928,0.8773584905660378,279
minilm-l12,webis-touche2020,iso,0.64,0.8315412186379928,0.8773584905660378,279
minilm-l12,webis-touche2020,iso,0.65,0.8315412186379928,0.8773584905660378,279
minilm-l12,webis-touche2020,iso,0.66,0.8315412186379928,0.8773584905660378,279
minilm-l12,webis-touche2020,iso,0.67,0.8475836431226765,0.8459119496855346,269
minilm-l12,webis-touche2020,iso,0.68,0.8475836431226765,0.8459119496855346,269
minilm-l12,webis-touche2020,iso,0.6900000000000001,0.8475836431226765,0.8459119496855346,269
minilm-l12,webis-touche2020,iso,0.7000000000000001,0.8475836431226765,0.8459119496855346,269
minilm-l12,webis-touche2020,iso,0.7100000000000001,0.8475836431226765,0.8459119496855346,269
minilm-l12,webis-touche2020,iso,0.72,0.8482490272373541,0.8081761006289309,257
minilm-l12,webis-touche2020,iso,0.73,0.8482490272373541,0.8081761006289309,257
minilm-l12,webis-touche2020,iso,0.74,0.8482490272373541,0.8081761006289309,257
minilm-l12,webis-touche2020,iso,0.75,0.8482490272373541,0.8081761006289309,257
minilm-l12,webis-touche2020,iso,0.76,0.8482490272373541,0.8081761006289309,257
minilm-l12,webis-touche2020,iso,0.77,0.8553191489361702,0.7389937106918238,235
minilm-l12,webis-touche2020,iso,0.78,0.8553191489361702,0.7389937106918238,235
minilm-l12,webis-touche2020,iso,0.79,0.8553191489361702,0.7389937106918238,235
minilm-l12,webis-touche2020,iso,0.8,0.8553191489361702,0.7389937106918238,235
minilm-l12,webis-touche2020,iso,0.81,0.8553191489361702,0.7389937106918238,235
minilm-l12,webis-touche2020,iso,0.8200000000000001,0.8553191489361702,0.7389937106918238,235
minilm-l12,webis-touche2020,iso,0.8300000000000001,0.8553191489361702,0.7389937106918238,235
minilm-l12,webis-touche2020,iso,0.8400000000000001,0.8553191489361702,0.7389937106918238,235
minilm-l12,webis-touche2020,iso,0.85,0.8553191489361702,0.7389937106918238,235
minilm-l12,webis-touche2020,iso,0.86,0.8553191489361702,0.7389937106918238,235
minilm-l12,webis-touche2020,iso,0.87,0.85,0.6289308176100629,200
minilm-l12,webis-touche2020,iso,0.88,,0.0,0
minilm-l12,webis-touche2020,iso,0.89,,0.0,0
minilm-l12,webis-touche2020,iso,0.9,,0.0,0
minilm-l12,webis-touche2020,iso,0.91,,0.0,0
minilm-l12,webis-touche2020,iso,0.92,,0.0,0
minilm-l12,webis-touche2020,iso,0.93,,0.0,0
minilm-l12,webis-touche2020,iso,0.9400000000000001,,0.0,0
minilm-l12,webis-touche2020,iso,0.9500000000000001,,0.0,0
minilm-l12,webis-touche2020,iso,0.9600000000000001,,0.0,0
minilm-l12,webis-touche2020,iso,0.97,,0.0,0
minilm-l12,webis-touche2020,iso,0.98,,0.0,0
minilm-l12,webis-touche2020,iso,0.99,,0.0,0
minilm-l12,webis-touche2020,temp_lodo,0.01,0.779874213836478,1.0,318
minilm-l12,webis-touche2020,temp_lodo,0.02,0.779874213836478,1.0,318
minilm-l12,webis-touche2020,temp_lodo,0.03,0.779874213836478,1.0,318
minilm-l12,webis-touche2020,temp_lodo,0.04,0.779874213836478,1.0,318
minilm-l12,webis-touche2020,temp_lodo,0.05,0.779874213836478,1.0,318
minilm-l12,webis-touche2020,temp_lodo,0.060000000000000005,0.779874213836478,1.0,318
minilm-l12,webis-touche2020,temp_lodo,0.06999999999999999,0.779874213836478,1.0,318
minilm-l12,webis-touche2020,temp_lodo,0.08,0.779874213836478,1.0,318
minilm-l12,webis-touche2020,temp_lodo,0.09,0.779874213836478,1.0,318
minilm-l12,webis-touche2020,temp_lodo,0.09999999999999999,0.779874213836478,1.0,318
minilm-l12,webis-touche2020,temp_lodo,0.11,0.779874213836478,1.0,318
minilm-l12,webis-touche2020,temp_lodo,0.12,0.779874213836478,1.0,318
minilm-l12,webis-touche2020,temp_lodo,0.13,0.779874213836478,1.0,318
minilm-l12,webis-touche2020,temp_lodo,0.14,0.779874213836478,1.0,318
minilm-l12,webis-touche2020,temp_lodo,0.15000000000000002,0.779874213836478,1.0,318
minilm-l12,webis-touche2020,temp_lodo,0.16,0.779874213836478,1.0,318
minilm-l12,webis-touche2020,temp_lodo,0.17,0.779874213836478,1.0,318
minilm-l12,webis-touche2020,temp_lodo,0.18000000000000002,0.779874213836478,1.0,318
minilm-l12,webis-touche2020,temp_lodo,0.19,0.779874213836478,1.0,318
minilm-l12,webis-touche2020,temp_lodo,0.2,0.7823343848580442,0.9968553459119497,317
minilm-l12,webis-touche2020,temp_lodo,0.21000000000000002,0.7823343848580442,0.9968553459119497,317
minilm-l12,webis-touche2020,temp_lodo,0.22,0.7823343848580442,0.9968553459119497,317
minilm-l12,webis-touche2020,temp_lodo,0.23,0.7823343848580442,0.9968553459119497,317
minilm-l12,webis-touche2020,temp_lodo,0.24000000000000002,0.7841269841269841,0.9905660377358491,315
minilm-l12,webis-touche2020,temp_lodo,0.25,0.7841269841269841,0.9905660377358491,315
minilm-l12,webis-touche2020,temp_lodo,0.26,0.7859424920127795,0.9842767295597484,313
minilm-l12,webis-touche2020,temp_lodo,0.27,0.7859424920127795,0.9842767295597484,313
minilm-l12,webis-touche2020,temp_lodo,0.28,0.7859424920127795,0.9842767295597484,313
minilm-l12,webis-touche2020,temp_lodo,0.29000000000000004,0.7884615384615384,0.9811320754716981,312
minilm-l12,webis-touche2020,temp_lodo,0.3,0.7903225806451613,0.9748427672955975,310
minilm-l12,webis-touche2020,temp_lodo,0.31,0.7903225806451613,0.9748427672955975,310
minilm-l12,webis-touche2020,temp_lodo,0.32,0.7922077922077922,0.9685534591194969,308
minilm-l12,webis-touche2020,temp_lodo,0.33,0.7922077922077922,0.9685534591194969,308
minilm-l12,webis-touche2020,temp_lodo,0.34,0.7922077922077922,0.9685534591194969,308
minilm-l12,webis-touche2020,temp_lodo,0.35000000000000003,0.7927631578947368,0.9559748427672956,304
minilm-l12,webis-touche2020,temp_lodo,0.36000000000000004,0.7947019867549668,0.949685534591195,302
minilm-l12,webis-touche2020,temp_lodo,0.37,0.7940199335548173,0.9465408805031447,301
minilm-l12,webis-touche2020,temp_lodo,0.38,0.7993311036789298,0.940251572327044,299
minilm-l12,webis-touche2020,temp_lodo,0.39,0.7986577181208053,0.9371069182389937,298
minilm-l12,webis-touche2020,temp_lodo,0.4,0.8006756756756757,0.9308176100628931,296
minilm-l12,webis-touche2020,temp_lodo,0.41000000000000003,0.8109965635738832,0.9150943396226415,291
minilm-l12,webis-touche2020,temp_lodo,0.42000000000000004,0.8210526315789474,0.8962264150943396,285
minilm-l12,webis-touche2020,temp_lodo,0.43,0.8210526315789474,0.8962264150943396,285
minilm-l12,webis-touche2020,temp_lodo,0.44,0.8297872340425532,0.8867924528301887,282
minilm-l12,webis-touche2020,temp_lodo,0.45,0.8345323741007195,0.8742138364779874,278
minilm-l12,webis-touche2020,temp_lodo,0.46,0.843065693430657,0.8616352201257862,274
minilm-l12,webis-touche2020,temp_lodo,0.47000000000000003,0.8424908424908425,0.8584905660377359,273
minilm-l12,webis-touche2020,temp_lodo,0.48000000000000004,0.8413284132841329,0.8522012578616353,271
minilm-l12,webis-touche2020,temp_lodo,0.49,0.8444444444444444,0.8490566037735849,270
minilm-l12,webis-touche2020,temp_lodo,0.5,0.8458646616541353,0.8364779874213837,266
minilm-l12,webis-touche2020,temp_lodo,0.51,0.8490566037735849,0.8333333333333334,265
minilm-l12,webis-touche2020,temp_lodo,0.52,0.8482490272373541,0.8081761006289309,257
minilm-l12,webis-touche2020,temp_lodo,0.53,0.8470588235294118,0.8018867924528302,255
minilm-l12,webis-touche2020,temp_lodo,0.54,0.8577235772357723,0.7735849056603774,246
minilm-l12,webis-touche2020,temp_lodo,0.55,0.8577405857740585,0.7515723270440252,239
minilm-l12,webis-touche2020,temp_lodo,0.56,0.8589743589743589,0.7358490566037735,234
minilm-l12,webis-touche2020,temp_lodo,0.5700000000000001,0.8565217391304348,0.7232704402515723,230
minilm-l12,webis-touche2020,temp_lodo,0.5800000000000001,0.8584070796460177,0.710691823899371,226
minilm-l12,webis-touche2020,temp_lodo,0.59,0.8597285067873304,0.6949685534591195,221
minilm-l12,webis-touche2020,temp_lodo,0.6,0.8604651162790697,0.6761006289308176,215
minilm-l12,webis-touche2020,temp_lodo,0.61,0.8564593301435407,0.6572327044025157,209
minilm-l12,webis-touche2020,temp_lodo,0.62,0.8507462686567164,0.6320754716981132,201
minilm-l12,webis-touche2020,temp_lodo,0.63,0.8477157360406091,0.6194968553459119,197
minilm-l12,webis-touche2020,temp_lodo,0.64,0.8473684210526315,0.5974842767295597,190
minilm-l12,webis-touche2020,temp_lodo,0.65,0.8457142857142858,0.550314465408805,175
minilm-l12,webis-touche2020,temp_lodo,0.66,0.8461538461538461,0.5314465408805031,169
minilm-l12,webis-touche2020,temp_lodo,0.67,0.8404907975460123,0.5125786163522013,163
minilm-l12,webis-touche2020,temp_lodo,0.68,0.8289473684210527,0.4779874213836478,152
minilm-l12,webis-touche2020,temp_lodo,0.6900000000000001,0.8285714285714286,0.44025157232704404,140
minilm-l12,webis-touche2020,temp_lodo,0.7000000000000001,0.816793893129771,0.4119496855345912,131
minilm-l12,webis-touche2020,temp_lodo,0.7100000000000001,0.8048780487804879,0.3867924528301887,123
minilm-l12,webis-touche2020,temp_lodo,0.72,0.7766990291262136,0.3238993710691824,103
minilm-l12,webis-touche2020,temp_lodo,0.73,0.7526881720430108,0.29245283018867924,93
minilm-l12,webis-touche2020,temp_lodo,0.74,0.7317073170731707,0.2578616352201258,82
minilm-l12,webis-touche2020,temp_lodo,0.75,0.7058823529411765,0.2138364779874214,68
minilm-l12,webis-touche2020,temp_lodo,0.76,0.6727272727272727,0.17295597484276728,55
minilm-l12,webis-touche2020,temp_lodo,0.77,0.6222222222222222,0.14150943396226415,45
minilm-l12,webis-touche2020,temp_lodo,0.78,0.53125,0.10062893081761007,32
minilm-l12,webis-touche2020,temp_lodo,0.79,,0.06918238993710692,22
minilm-l12,webis-touche2020,temp_lodo,0.8,,0.03773584905660377,12
minilm-l12,webis-touche2020,temp_lodo,0.81,,0.018867924528301886,6
minilm-l12,webis-touche2020,temp_lodo,0.8200000000000001,,0.006289308176100629,2
minilm-l12,webis-touche2020,temp_lodo,0.8300000000000001,,0.0,0
minilm-l12,webis-touche2020,temp_lodo,0.8400000000000001,,0.0,0
minilm-l12,webis-touche2020,temp_lodo,0.85,,0.0,0
minilm-l12,webis-touche2020,temp_lodo,0.86,,0.0,0
minilm-l12,webis-touche2020,temp_lodo,0.87,,0.0,0
minilm-l12,webis-touche2020,temp_lodo,0.88,,0.0,0
minilm-l12,webis-touche2020,temp_lodo,0.89,,0.0,0
minilm-l12,webis-touche2020,temp_lodo,0.9,,0.0,0
minilm-l12,webis-touche2020,temp_lodo,0.91,,0.0,0
minilm-l12,webis-touche2020,temp_lodo,0.92,,0.0,0
minilm-l12,webis-touche2020,temp_lodo,0.93,,0.0,0
minilm-l12,webis-touche2020,temp_lodo,0.9400000000000001,,0.0,0
minilm-l12,webis-touche2020,temp_lodo,0.9500000000000001,,0.0,0
minilm-l12,webis-touche2020,temp_lodo,0.9600000000000001,,0.0,0
minilm-l12,webis-touche2020,temp_lodo,0.97,,0.0,0
minilm-l12,webis-touche2020,temp_lodo,0.98,,0.0,0
minilm-l12,webis-touche2020,temp_lodo,0.99,,0.0,0
tinybert-l2,dbpedia-entity,raw,0.01,0.4081687132941805,0.815944238727946,3746
tinybert-l2,dbpedia-entity,raw,0.02,0.4227208976157083,0.7765192768460031,3565
tinybert-l2,dbpedia-entity,raw,0.03,0.4321593533487298,0.754519712480941,3464
tinybert-l2,dbpedia-entity,raw,0.04,0.4391831902929861,0.736005227619255,3379
tinybert-l2,dbpedia-entity,raw,0.05,0.4423423423423423,0.7253321716401655,3330
tinybert-l2,dbpedia-entity,raw,0.060000000000000005,0.4472163066626103,0.715966020474842,3287
tinybert-l2,dbpedia-entity,raw,0.06999999999999999,0.45163277880468267,0.7070355042474407,3246
tinybert-l2,dbpedia-entity,raw,0.08,0.4549423136888057,0.6985406229579613,3207
tinybert-l2,dbpedia-entity,raw,0.09,0.4581497797356828,0.6922239163580919,3178
tinybert-l2,dbpedia-entity,raw,0.09999999999999999,0.45987947986045036,0.6867784796340667,3153
tinybert-l2,dbpedia-entity,raw,0.11,0.46365674031380083,0.6802439555652363,3123
tinybert-l2,dbpedia-entity,raw,0.12,0.46509372979961217,0.673927248965367,3094
tinybert-l2,dbpedia-entity,raw,0.13,0.46751137102014295,0.6704421694619909,3078
tinybert-l2,dbpedia-entity,raw,0.14,0.4694344557044786,0.6663036375517316,3059
tinybert-l2,dbpedia-entity,raw,0.15000000000000002,0.47155540940480106,0.6623829231104335,3041
tinybert-l2,dbpedia-entity,raw,0.16,0.47253474520185307,0.6582443912001743,3022
tinybert-l2,dbpedia-entity,raw,0.17,0.47471723220226214,0.6547593116967981,3006
tinybert-l2,dbpedia-entity,raw,0.18000000000000002,0.4762541806020067,0.651274232193422,2990
tinybert-l2,dbpedia-entity,raw,0.19,0.4778225806451613,0.6482247876279678,2976
tinybert-l2,dbpedia-entity,raw,0.2,0.4793918918918919,0.6447397081245916,2960
tinybert-l2,dbpedia-entity,raw,0.21000000000000002,0.48344144759303515,0.6379873665868002,2929
tinybert-l2,dbpedia-entity,raw,0.22,0.48405896468974974,0.6353735569592681,2917
tinybert-l2,dbpedia-entity,raw,0.23,0.4855371900826446,0.632541929862775,2904
tinybert-l2,dbpedia-entity,raw,0.24000000000000002,0.486159169550173,0.6294924852973208,2890
tinybert-l2,dbpedia-entity,raw,0.25,0.4864583333333333,0.6273143106077107,2880
tinybert-l2,dbpedia-entity,raw,0.26,0.4881367759944173,0.6242648660422566,2866
tinybert-l2,dbpedia-entity,raw,0.27,0.4881201956673655,0.6233935961664125,2862
tinybert-l2,dbpedia-entity,raw,0.28,0.48964548964548965,0.6205619690699195,2849
tinybert-l2,dbpedia-entity,raw,0.29000000000000004,0.4904862579281184,0.6181659769113483,2838
tinybert-l2,dbpedia-entity,raw,0.3,0.49134581419992934,0.6166412546286212,2831
tinybert-l2,dbpedia-entity,raw,0.31,0.49254261363636365,0.6133739925942061,2816
tinybert-l2,dbpedia-entity,raw,0.32,0.49358517462580187,0.611195817904596,2806
tinybert-l2,dbpedia-entity,raw,0.33,0.49480100394406595,0.6074929209322588,2789
tinybert-l2,dbpedia-entity,raw,0.34,0.4962162162162162,0.6044434763668046,2775
tinybert-l2,dbpedia-entity,raw,0.35000000000000003,0.496199782844734,0.6018296667392725,2763
tinybert-l2,dbpedia-entity,raw,0.36000000000000004,0.4967296511627907,0.5994336745807014,2752
tinybert-l2,dbpedia-entity,raw,0.37,0.49817651349380015,0.5972554998910913,2742
tinybert-l2,dbpedia-entity,raw,0.38,0.49853694220921724,0.5955129601394031,2734
tinybert-l2,dbpedia-entity,raw,0.39,0.49908324165749907,0.5939882378566761,2727
tinybert-l2,dbpedia-entity,raw,0.4,0.5003684598378777,0.591156610760183,2714
tinybert-l2,dbpedia-entity,raw,0.41000000000000003,0.5007407407407407,0.5881071661947288,2700
tinybert-l2,dbpedia-entity,raw,0.42000000000000004,0.5020438498699368,0.5861468089740797,2691
tinybert-l2,dbpedia-entity,raw,0.43,0.5029828486204325,0.5841864517534306,2682
tinybert-l2,dbpedia-entity,raw,0.44,0.5039252336448599,0.5826617294707036,2675
tinybert-l2,dbpedia-entity,raw,0.45,0.505251312828207,0.5807013722500545,2666
tinybert-l2,dbpedia-entity,raw,0.46,0.5056433408577878,0.5789588324983663,2658
tinybert-l2,dbpedia-entity,raw,0.47000000000000003,0.506797583081571,0.5767806578087563,2648
tinybert-l2,dbpedia-entity,raw,0.48000000000000004,0.5083333333333333,0.5750381180570682,2640
tinybert-l2,dbpedia-entity,raw,0.49,0.5091185410334347,0.5732955783053801,2632
tinybert-l2,dbpedia-entity,raw,0.5,0.5099085365853658,0.571553038553692,2624
tinybert-l2,dbpedia-entity,raw,0.51,0.5105243015690777,0.5691570463951209,2613
tinybert-l2,dbpedia-entity,raw,0.52,0.5109404990403071,0.5674145066434328,2605
tinybert-l2,dbpedia-entity,raw,0.53,0.5125337446972619,0.5648006970159006,2593
tinybert-l2,dbpedia-entity,raw,0.54,0.5135344160866203,0.5632759747331736,2586
tinybert-l2,dbpedia-entity,raw,0.55,0.5149398525417151,0.5613156175125245,2577
tinybert-l2,dbpedia-entity,raw,0.56,0.5165562913907285,0.5591374428229144,2567
tinybert-l2,dbpedia-entity,raw,0.5700000000000001,0.516783762685402,0.5580483554781094,2562
tinybert-l2,dbpedia-entity,raw,0.5800000000000001,0.5176056338028169,0.5567414506643433,2556
tinybert-l2,dbpedia-entity,raw,0.59,0.5188235294117647,0.5554345458505772,2550
tinybert-l2,dbpedia-entity,raw,0.6,0.5191020086648287,0.553038553692006,2539
tinybert-l2,dbpedia-entity,raw,0.61,0.5199683669434559,0.550860379002396,2529
tinybert-l2,dbpedia-entity,raw,0.62,0.5210484511517077,0.5484643868438249,2518
tinybert-l2,dbpedia-entity,raw,0.63,0.5223642172523961,0.5454149422783707,2504
tinybert-l2,dbpedia-entity,raw,0.64,0.5243460764587525,0.5412764103681115,2485
tinybert-l2,dbpedia-entity,raw,0.65,0.5241935483870968,0.5401873230233065,2480
tinybert-l2,dbpedia-entity,raw,0.66,0.5255474452554745,0.5371378784578523,2466
tinybert-l2,dbpedia-entity,raw,0.67,0.5266585266585266,0.5351775212372032,2457
tinybert-l2,dbpedia-entity,raw,0.68,0.5271761340416837,0.5329993465475931,2447
tinybert-l2,dbpedia-entity,raw,0.6900000000000001,0.52719836400818,0.5325637116096711,2445
tinybert-l2,dbpedia-entity,raw,0.7000000000000001,0.5281314168377823,0.530385536920061,2435
tinybert-l2,dbpedia-entity,raw,0.7100000000000001,0.5298969072164949,0.5282073622304508,2425
tinybert-l2,dbpedia-entity,raw,0.72,0.5295332507228419,0.5273360923546069,2421
tinybert-l2,dbpedia-entity,raw,0.73,0.530874430169913,0.5255935526029187,2413
tinybert-l2,dbpedia-entity,raw,0.74,0.5311461794019934,0.5245044652581137,2408
tinybert-l2,dbpedia-entity,raw,0.75,0.5317195325542571,0.5218906556305816,2396
tinybert-l2,dbpedia-entity,raw,0.76,0.5337809483843894,0.5190590285340885,2383
tinybert-l2,dbpedia-entity,raw,0.77,0.535578947368421,0.5173164887824003,2375
tinybert-l2,dbpedia-entity,raw,0.78,0.5369269949066214,0.5131779568721412,2356
tinybert-l2,dbpedia-entity,raw,0.79,0.5369184805804524,0.510346329775648,2343
tinybert-l2,dbpedia-entity,raw,0.8,0.5384285100901675,0.5072968852101939,2329
tinybert-l2,dbpedia-entity,raw,0.81,0.5406926406926407,0.5031583532999346,2310
tinybert-l2,dbpedia-entity,raw,0.8200000000000001,0.5417391304347826,0.5009801786103245,2300
tinybert-l2,dbpedia-entity,raw,0.8300000000000001,0.5428321678321678,0.4983663689827924,2288
tinybert-l2,dbpedia-entity,raw,0.8400000000000001,0.5443760984182777,0.4957525593552603,2276
tinybert-l2,dbpedia-entity,raw,0.85,0.5455349248452697,0.49270311478980616,2262
tinybert-l2,dbpedia-entity,raw,0.86,0.5460614152202937,0.489435852755391,2247
tinybert-l2,dbpedia-entity,raw,0.87,0.5478961504028648,0.4866042256588978,2234
tinybert-l2,dbpedia-entity,raw,0.88,0.5492321589882565,0.48224787627967763,2214
tinybert-l2,dbpedia-entity,raw,0.89,0.5522115823073416,0.4776737094314964,2193
tinybert-l2,dbpedia-entity,raw,0.9,0.5541724296911019,0.47244609017643213,2169
tinybert-l2,dbpedia-entity,raw,0.91,0.5571095571095571,0.46721847092136787,2145
tinybert-l2,dbpedia-entity,raw,0.92,0.5563413484205564,0.46199085166630366,2121
tinybert-l2,dbpedia-entity,raw,0.93,0.5558206106870229,0.45654541494227835,2096
tinybert-l2,dbpedia-entity,raw,0.9400000000000001,0.5601357904946653,0.449139620997604,2062
tinybert-l2,dbpedia-entity,raw,0.9500000000000001,0.5637450199203188,0.43737747767370944,2008
tinybert-l2,dbpedia-entity,raw,0.9600000000000001,0.5641287685232499,0.4262687867566979,1957
tinybert-l2,dbpedia-entity,raw,0.97,0.5687732342007435,0.4101502940535831,1883
tinybert-l2,dbpedia-entity,raw,0.98,0.5771396396396397,0.38684382487475494,1776
tinybert-l2,dbpedia-entity,raw,0.99,0.5983658076681333,0.346547593116968,1591
tinybert-l2,dbpedia-entity,temp,0.01,0.34698322805489,1.0,4591
tinybert-l2,dbpedia-entity,temp,0.02,0.34698322805489,1.0,4591
tinybert-l2,dbpedia-entity,temp,0.03,0.34698322805489,1.0,4591
tinybert-l2,dbpedia-entity,temp,0.04,0.34698322805489,1.0,4591
tinybert-l2,dbpedia-entity,temp,0.05,0.34698322805489,1.0,4591
tinybert-l2,dbpedia-entity,temp,0.060000000000000005,0.34698322805489,1.0,4591
tinybert-l2,dbpedia-entity,temp,0.06999999999999999,0.34698322805489,1.0,4591
tinybert-l2,dbpedia-entity,temp,0.08,0.34698322805489,1.0,4591
tinybert-l2,dbpedia-entity,temp,0.09,0.34698322805489,1.0,4591
tinybert-l2,dbpedia-entity,temp,0.09999999999999999,0.34698322805489,1.0,4591
tinybert-l2,dbpedia-entity,temp,0.11,0.34698322805489,1.0,4591
tinybert-l2,dbpedia-entity,temp,0.12,0.34698322805489,1.0,4591
tinybert-l2,dbpedia-entity,temp,0.13,0.34698322805489,1.0,4591
tinybert-l2,dbpedia-entity,temp,0.14,0.34698322805489,1.0,4591
tinybert-l2,dbpedia-entity,temp,0.15000000000000002,0.34698322805489,1.0,4591
tinybert-l2,dbpedia-entity,temp,0.16,0.34705882352941175,0.999782182531039,4590
tinybert-l2,dbpedia-entity,temp,0.17,0.3475889155574951,0.998257460248312,4583
tinybert-l2,dbpedia-entity,temp,0.18000000000000002,0.3490359333917616,0.9941189283380527,4564
tinybert-l2,dbpedia-entity,temp,0.19,0.35119047619047616,0.9880200392071444,4536
tinybert-l2,dbpedia-entity,temp,0.2,0.3536341409202045,0.979960792855587,4499
tinybert-l2,dbpedia-entity,temp,0.21000000000000002,0.3565821933168872,0.9712480940971466,4459
tinybert-l2,dbpedia-entity,temp,0.22,0.3601723746881379,0.960357220649096,4409
tinybert-l2,dbpedia-entity,temp,0.23,0.3638239339752407,0.9501197996079286,4362
tinybert-l2,dbpedia-entity,temp,0.24000000000000002,0.36695974086071265,0.9414071008494881,4322
tinybert-l2,dbpedia-entity,temp,0.25,0.37125468164794007,0.9305162274014376,4272
tinybert-l2,dbpedia-entity,temp,0.26,0.3759505703422053,0.9165759093879329,4208
tinybert-l2,dbpedia-entity,temp,0.27,0.3804006758387642,0.9024177739054672,4143
tinybert-l2,dbpedia-entity,temp,0.28,0.3837493881546745,0.8900021781746896,4086
tinybert-l2,dbpedia-entity,temp,0.29000000000000004,0.3870807453416149,0.876715312568068,4025
tinybert-l2,dbpedia-entity,temp,0.3,0.39141414141414144,0.8625571770856023,3960
tinybert-l2,dbpedia-entity,temp,0.31,0.39502691617533964,0.8497059464169027,3901
tinybert-l2,dbpedia-entity,temp,0.32,0.3999479573250065,0.837072533217164,3843
tinybert-l2,dbpedia-entity,temp,0.33,0.4054482941020894,0.8235678501415814,3781
tinybert-l2,dbpedia-entity,temp,0.34,0.4098360655737705,0.8104988020039207,3721
tinybert-l2,dbpedia-entity,temp,0.35000000000000003,0.4168959823885526,0.7915486822043127,3634
tinybert-l2,dbpedia-entity,temp,0.36000000000000004,0.4229581813078866,0.776083641908081,3563
tinybert-l2,dbpedia-entity,temp,0.37,0.4304559793518784,0.7595295142670442,3487
tinybert-l2,dbpedia-entity,temp,0.38,0.4367311072056239,0.7436288390328905,3414
tinybert-l2,dbpedia-entity,temp,0.39,0.4415817855002996,0.7270747113918536,3338
tinybert-l2,dbpedia-entity,temp,0.4,0.44759293113954907,0.7148769331300371,3282
tinybert-l2,dbpedia-entity,temp,0.41000000000000003,0.4542341220423412,0.6996297103027663,3212
tinybert-l2,dbpedia-entity,temp,0.42000000000000004,0.4606099110546379,0.6856893922892616,3148
tinybert-l2,dbpedia-entity,temp,0.43,0.46751137102014295,0.6704421694619909,3078
tinybert-l2,dbpedia-entity,temp,0.44,0.47361433786923335,0.6562840339795252,3013
tinybert-l2,dbpedia-entity,temp,0.45,0.48165760869565216,0.6412546286212154,2944
tinybert-l2,dbpedia-entity,temp,0.46,0.48713490959666206,0.6264430407318667,2876
tinybert-l2,dbpedia-entity,temp,0.47000000000000003,0.49184975194897235,0.6146808974079722,2822
tinybert-l2,dbpedia-entity,temp,0.48000000000000004,0.4979948960991615,0.5974733173600523,2743
tinybert-l2,dbpedia-entity,temp,0.49,0.5033582089552239,0.5837508168155086,2680
tinybert-l2,dbpedia-entity,temp,0.5,0.5099085365853658,0.571553038553692,2624
tinybert-l2,dbpedia-entity,temp,0.51,0.516783762685402,0.5580483554781094,2562
tinybert-l2,dbpedia-entity,temp,0.52,0.5227817745803357,0.5449793073404487,2502
tinybert-l2,dbpedia-entity,temp,0.53,0.52719836400818,0.5325637116096711,2445
tinybert-l2,dbpedia-entity,temp,0.54,0.5316402997502082,0.5231975604443476,2402
tinybert-l2,dbpedia-entity,temp,0.55,0.5367835757057314,0.5092572424308429,2338
tinybert-l2,dbpedia-entity,temp,0.56,0.5434210526315789,0.4966238292311043,2280
tinybert-l2,dbpedia-entity,temp,0.5700000000000001,0.5478961504028648,0.4866042256588978,2234
tinybert-l2,dbpedia-entity,temp,0.5800000000000001,0.5542279411764706,0.47397081245915923,2176
tinybert-l2,dbpedia-entity,temp,0.59,0.5563945257196791,0.4615552167283816,2119
tinybert-l2,dbpedia-entity,temp,0.6,0.560077519379845,0.44957525593552605,2064
tinybert-l2,dbpedia-entity,temp,0.61,0.5640381717729784,0.43367458070137227,1991
tinybert-l2,dbpedia-entity,temp,0.62,0.564608199273482,0.41973426268786757,1927
tinybert-l2,dbpedia-entity,temp,0.63,0.5711183496199783,0.4012197778261817,1842
tinybert-l2,dbpedia-entity,temp,0.64,0.5771396396396397,0.38684382487475494,1776
tinybert-l2,dbpedia-entity,temp,0.65,0.5837236533957846,0.3720322369854062,1708
tinybert-l2,dbpedia-entity,temp,0.66,0.596177558569667,0.3532999346547593,1622
tinybert-l2,dbpedia-entity,temp,0.67,0.6061598951507209,0.3323894576345023,1526
tinybert-l2,dbpedia-entity,temp,0.68,0.6181566181566182,0.3143106077107384,1443
tinybert-l2,dbpedia-entity,temp,0.6900000000000001,0.6268656716417911,0.2918754084077543,1340
tinybert-l2,dbpedia-entity,temp,0.7000000000000001,0.6343042071197411,0.2692223916358092,1236
tinybert-l2,dbpedia-entity,temp,0.7100000000000001,0.6504424778761062,0.24613373992594206,1130
tinybert-l2,dbpedia-entity,temp,0.72,0.6683366733466933,0.21738183402308864,998
tinybert-l2,dbpedia-entity,temp,0.73,0.6962025316455697,0.18928338052711827,869
tinybert-l2,dbpedia-entity,temp,0.74,0.7146702557200538,0.16183837943803092,743
tinybert-l2,dbpedia-entity,temp,0.75,0.7398373983739838,0.13395774341102157,615
tinybert-l2,dbpedia-entity,temp,0.76,0.7569721115537849,0.10934436941842736,502
tinybert-l2,dbpedia-entity,temp,0.77,0.7760416666666666,0.0836419080810281,384
tinybert-l2,dbpedia-entity,temp,0.78,0.823943661971831,0.06186016118492703,284
tinybert-l2,dbpedia-entity,temp,0.79,0.8469945355191257,0.03986059681986495,183
tinybert-l2,dbpedia-entity,temp,0.8,0.9339622641509434,0.023088651709867132,106
tinybert-l2,dbpedia-entity,temp,0.81,0.94,0.010890873448050533,50
tinybert-l2,dbpedia-entity,temp,0.8200000000000001,,0.004574166848181224,21
tinybert-l2,dbpedia-entity,temp,0.8300000000000001,,0.0008712698758440427,4
tinybert-l2,dbpedia-entity,temp,0.8400000000000001,,0.0,0
tinybert-l2,dbpedia-entity,temp,0.85,,0.0,0
tinybert-l2,dbpedia-entity,temp,0.86,,0.0,0
tinybert-l2,dbpedia-entity,temp,0.87,,0.0,0
tinybert-l2,dbpedia-entity,temp,0.88,,0.0,0
tinybert-l2,dbpedia-entity,temp,0.89,,0.0,0
tinybert-l2,dbpedia-entity,temp,0.9,,0.0,0
tinybert-l2,dbpedia-entity,temp,0.91,,0.0,0
tinybert-l2,dbpedia-entity,temp,0.92,,0.0,0
tinybert-l2,dbpedia-entity,temp,0.93,,0.0,0
tinybert-l2,dbpedia-entity,temp,0.9400000000000001,,0.0,0
tinybert-l2,dbpedia-entity,temp,0.9500000000000001,,0.0,0
tinybert-l2,dbpedia-entity,temp,0.9600000000000001,,0.0,0
tinybert-l2,dbpedia-entity,temp,0.97,,0.0,0
tinybert-l2,dbpedia-entity,temp,0.98,,0.0,0
tinybert-l2,dbpedia-entity,temp,0.99,,0.0,0
tinybert-l2,dbpedia-entity,platt,0.01,0.34698322805489,1.0,4591
tinybert-l2,dbpedia-entity,platt,0.02,0.34698322805489,1.0,4591
tinybert-l2,dbpedia-entity,platt,0.03,0.3486539724228496,0.9952080156828578,4569
tinybert-l2,dbpedia-entity,platt,0.04,0.3560232870577698,0.9727728163798737,4466
tinybert-l2,dbpedia-entity,platt,0.05,0.3649954001839926,0.9470703550424744,4348
tinybert-l2,dbpedia-entity,platt,0.060000000000000005,0.37449727939436955,0.9207144412981921,4227
tinybert-l2,dbpedia-entity,platt,0.06999999999999999,0.38322769380789856,0.8934872576780658,4102
tinybert-l2,dbpedia-entity,platt,0.08,0.38930722891566266,0.8677847963406665,3984
tinybert-l2,dbpedia-entity,platt,0.09,0.39710818486961014,0.8436070572859944,3873
tinybert-l2,dbpedia-entity,platt,0.09999999999999999,0.40577789557381394,0.8218253103898933,3773
tinybert-l2,dbpedia-entity,platt,0.11,0.41477428180574555,0.796122849052494,3655
tinybert-l2,dbpedia-entity,platt,0.12,0.4234665166010129,0.774123284687432,3554
tinybert-l2,dbpedia-entity,platt,0.13,0.43324645236026643,0.7521237203223698,3453
tinybert-l2,dbpedia-entity,platt,0.14,0.440991933074395,0.7290350686125027,3347
tinybert-l2,dbpedia-entity,platt,0.15000000000000002,0.4492354740061162,0.7122631235025049,3270
tinybert-l2,dbpedia-entity,platt,0.16,0.45685597740822087,0.694184273578741,3187
tinybert-l2,dbpedia-entity,platt,0.17,0.46499678869621064,0.6782835983445873,3114
tinybert-l2,dbpedia-entity,platt,0.18000000000000002,0.4712454814327966,0.6628185580483554,3043
tinybert-l2,dbpedia-entity,platt,0.19,0.47766207591535104,0.6484426050969287,2977
tinybert-l2,dbpedia-entity,platt,0.2,0.48600069132388524,0.6301459377042039,2893
tinybert-l2,dbpedia-entity,platt,0.21000000000000002,0.4904862579281184,0.6181659769113483,2838
tinybert-l2,dbpedia-entity,platt,0.22,0.4965716347888849,0.6035722064909605,2771
tinybert-l2,dbpedia-entity,platt,0.23,0.5011078286558346,0.589849705946417,2708
tinybert-l2,dbpedia-entity,platt,0.24000000000000002,0.5062146892655367,0.5783053800914834,2655
tinybert-l2,dbpedia-entity,platt,0.25,0.5113417916186083,0.5665432367675888,2601
tinybert-l2,dbpedia-entity,platt,0.26,0.5176056338028169,0.5567414506643433,2556
tinybert-l2,dbpedia-entity,platt,0.27,0.5234281137364838,0.5438902199956437,2497
tinybert-l2,dbpedia-entity,platt,0.28,0.5269828291087489,0.5327815290786321,2446
tinybert-l2,dbpedia-entity,platt,0.29000000000000004,0.5306545153272577,0.5258113700718797,2414
tinybert-l2,dbpedia-entity,platt,0.3,0.5353535353535354,0.5175343062513613,2376
tinybert-l2,dbpedia-entity,platt,0.31,0.5386930352536543,0.5066434328033108,2326
tinybert-l2,dbpedia-entity,platt,0.32,0.5435448577680525,0.4977129165759094,2285
tinybert-l2,dbpedia-entity,platt,0.33,0.5460204535349044,0.489871487693313,2249
tinybert-l2,dbpedia-entity,platt,0.34,0.5499773857982814,0.4815944238727946,2211
tinybert-l2,dbpedia-entity,platt,0.35000000000000003,0.5541724296911019,0.47244609017643213,2169
tinybert-l2,dbpedia-entity,platt,0.36000000000000004,0.5573770491803278,0.4650402962317578,2135
tinybert-l2,dbpedia-entity,platt,0.37,0.5555555555555556,0.4567632324112394,2097
tinybert-l2,dbpedia-entity,platt,0.38,0.561011181332037,0.44805053365279895,2057
tinybert-l2,dbpedia-entity,platt,0.39,0.5640259093173892,0.43715966020474845,2007
tinybert-l2,dbpedia-entity,platt,0.4,0.5629441624365482,0.42910041385319103,1970
tinybert-l2,dbpedia-entity,platt,0.41000000000000003,0.5646753246753247,0.41929862774994553,1925
tinybert-l2,dbpedia-entity,platt,0.42000000000000004,0.5684603090037293,0.40884338923981706,1877
tinybert-l2,dbpedia-entity,platt,0.43,0.5732309380142622,0.3970812459159225,1823
tinybert-l2,dbpedia-entity,platt,0.44,0.5755879059350504,0.38902199956436506,1786
tinybert-l2,dbpedia-entity,platt,0.45,0.5782234957020057,0.38009148333696363,1745
tinybert-l2,dbpedia-entity,platt,0.46,0.5858823529411765,0.37028969723371813,1700
tinybert-l2,dbpedia-entity,platt,0.47000000000000003,0.5942647956070775,0.3570028316270965,1639
tinybert-l2,dbpedia-entity,platt,0.48000000000000004,0.5957579538365565,0.3491614027445001,1603
tinybert-l2,dbpedia-entity,platt,0.49,0.6045454545454545,0.3354389021999564,1540
tinybert-l2,dbpedia-entity,platt,0.5,0.6129467296021578,0.3230233064691788,1483
tinybert-l2,dbpedia-entity,platt,0.51,0.6183206106870229,0.3138749727728164,1441
tinybert-l2,dbpedia-entity,platt,0.52,0.6227371469949312,0.30080592463515576,1381
tinybert-l2,dbpedia-entity,platt,0.53,0.6324528301886793,0.28860814637333915,1325
tinybert-l2,dbpedia-entity,platt,0.54,0.6306235201262825,0.27597473317360055,1267
tinybert-l2,dbpedia-entity,platt,0.55,0.6384742951907131,0.26268786756697887,1206
tinybert-l2,dbpedia-entity,platt,0.56,0.645273200346921,0.2511435417120453,1153
tinybert-l2,dbpedia-entity,platt,0.5700000000000001,0.6605166051660517,0.23611413635373557,1084
tinybert-l2,dbpedia-entity,platt,0.5800000000000001,0.6673209028459274,0.22195600087126988,1019
tinybert-l2,dbpedia-entity,platt,0.59,0.6804670912951167,0.20518405576127205,942
tinybert-l2,dbpedia-entity,platt,0.6,0.6952054794520548,0.19080810280984534,876
tinybert-l2,dbpedia-entity,platt,0.61,0.7008652657601978,0.17621433238945763,809
tinybert-l2,dbpedia-entity,platt,0.62,0.7139001349527665,0.1614027445001089,741
tinybert-l2,dbpedia-entity,platt,0.63,0.726998491704374,0.14441298192115007,663
tinybert-l2,dbpedia-entity,platt,0.64,0.743421052631579,0.1324330211282945,608
tinybert-l2,dbpedia-entity,platt,0.65,0.7472118959107806,0.11718579830102374,538
tinybert-l2,dbpedia-entity,platt,0.66,0.7597535934291582,0.1060771073840122,487
tinybert-l2,dbpedia-entity,platt,0.67,0.7745803357314148,0.09082988455674144,417
tinybert-l2,dbpedia-entity,platt,0.68,0.7771739130434783,0.08015682857765193,368
tinybert-l2,dbpedia-entity,platt,0.6900000000000001,0.8038585209003215,0.06774123284687432,311
tinybert-l2,dbpedia-entity,platt,0.7000000000000001,0.8223938223938224,0.05641472446090177,259
tinybert-l2,dbpedia-entity,platt,0.7100000000000001,0.8507462686567164,0.04378131126116314,201
tinybert-l2,dbpedia-entity,platt,0.72,0.8986486486486487,0.03223698540622958,148
tinybert-l2,dbpedia-entity,platt,0.73,0.9230769230769231,0.02548464386843825,117
tinybert-l2,dbpedia-entity,platt,0.74,0.9397590361445783,0.018078849923763886,83
tinybert-l2,dbpedia-entity,platt,0.75,0.9272727272727272,0.011979960792855586,55
tinybert-l2,dbpedia-entity,platt,0.76,0.9117647058823529,0.007405793944674363,34
tinybert-l2,dbpedia-entity,platt,0.77,,0.004574166848181224,21
tinybert-l2,dbpedia-entity,platt,0.78,,0.0028316270964931388,13
tinybert-l2,dbpedia-entity,platt,0.79,,0.0008712698758440427,4
tinybert-l2,dbpedia-entity,platt,0.8,,0.00021781746896101068,1
tinybert-l2,dbpedia-entity,platt,0.81,,0.0,0
tinybert-l2,dbpedia-entity,platt,0.8200000000000001,,0.0,0
tinybert-l2,dbpedia-entity,platt,0.8300000000000001,,0.0,0
tinybert-l2,dbpedia-entity,platt,0.8400000000000001,,0.0,0
tinybert-l2,dbpedia-entity,platt,0.85,,0.0,0
tinybert-l2,dbpedia-entity,platt,0.86,,0.0,0
tinybert-l2,dbpedia-entity,platt,0.87,,0.0,0
tinybert-l2,dbpedia-entity,platt,0.88,,0.0,0
tinybert-l2,dbpedia-entity,platt,0.89,,0.0,0
tinybert-l2,dbpedia-entity,platt,0.9,,0.0,0
tinybert-l2,dbpedia-entity,platt,0.91,,0.0,0
tinybert-l2,dbpedia-entity,platt,0.92,,0.0,0
tinybert-l2,dbpedia-entity,platt,0.93,,0.0,0
tinybert-l2,dbpedia-entity,platt,0.9400000000000001,,0.0,0
tinybert-l2,dbpedia-entity,platt,0.9500000000000001,,0.0,0
tinybert-l2,dbpedia-entity,platt,0.9600000000000001,,0.0,0
tinybert-l2,dbpedia-entity,platt,0.97,,0.0,0
tinybert-l2,dbpedia-entity,platt,0.98,,0.0,0
tinybert-l2,dbpedia-entity,platt,0.99,,0.0,0
tinybert-l2,dbpedia-entity,iso,0.01,0.358609794628752,0.9651492049662382,4431
tinybert-l2,dbpedia-entity,iso,0.02,0.358609794628752,0.9651492049662382,4431
tinybert-l2,dbpedia-entity,iso,0.03,0.3660899653979239,0.9442387279459813,4335
tinybert-l2,dbpedia-entity,iso,0.04,0.37790002391772304,0.9106948377259856,4181
tinybert-l2,dbpedia-entity,iso,0.05,0.38470993117010815,0.8860814637333915,4068
tinybert-l2,dbpedia-entity,iso,0.060000000000000005,0.38470993117010815,0.8860814637333915,4068
tinybert-l2,dbpedia-entity,iso,0.06999999999999999,0.38480452421932626,0.8858636462644304,4067
tinybert-l2,dbpedia-entity,iso,0.08,0.38489916379734385,0.8856458287954694,4066
tinybert-l2,dbpedia-entity,iso,0.09,0.39634303373680146,0.8457852319756044,3883
tinybert-l2,dbpedia-entity,iso,0.09999999999999999,0.39634303373680146,0.8457852319756044,3883
tinybert-l2,dbpedia-entity,iso,0.11,0.39634303373680146,0.8457852319756044,3883
tinybert-l2,dbpedia-entity,iso,0.12,0.39634303373680146,0.8457852319756044,3883
tinybert-l2,dbpedia-entity,iso,0.13,0.4227208976157083,0.7765192768460031,3565
tinybert-l2,dbpedia-entity,iso,0.14,0.4227208976157083,0.7765192768460031,3565
tinybert-l2,dbpedia-entity,iso,0.15000000000000002,0.4227208976157083,0.7765192768460031,3565
tinybert-l2,dbpedia-entity,iso,0.16,0.4427067669172932,0.7242430842953604,3325
tinybert-l2,dbpedia-entity,iso,0.17,0.44350708044591747,0.7229361794815944,3319
tinybert-l2,dbpedia-entity,iso,0.18000000000000002,0.4535281317998135,0.7007187976475714,3217
tinybert-l2,dbpedia-entity,iso,0.19,0.45366915422885573,0.7005009801786103,3216
tinybert-l2,dbpedia-entity,iso,0.2,0.4842249657064472,0.6351557394903071,2916
tinybert-l2,dbpedia-entity,iso,0.21000000000000002,0.4842249657064472,0.6351557394903071,2916
tinybert-l2,dbpedia-entity,iso,0.22,0.4842249657064472,0.6351557394903071,2916
tinybert-l2,dbpedia-entity,iso,0.23,0.48598130841121495,0.6292746678283598,2889
tinybert-l2,dbpedia-entity,iso,0.24000000000000002,0.48598130841121495,0.6292746678283598,2889
tinybert-l2,dbpedia-entity,iso,0.25,0.5103369065849923,0.5689392289261599,2612
tinybert-l2,dbpedia-entity,iso,0.26,0.5107361963190185,0.5680679590503158,2608
tinybert-l2,dbpedia-entity,iso,0.27,0.5109321058688148,0.5678501415813548,2607
tinybert-l2,dbpedia-entity,iso,0.28,0.5109321058688148,0.5678501415813548,2607
tinybert-l2,dbpedia-entity,iso,0.29000000000000004,0.511128165771297,0.5676323241123938,2606
tinybert-l2,dbpedia-entity,iso,0.3,0.511128165771297,0.5676323241123938,2606
tinybert-l2,dbpedia-entity,iso,0.31,0.5271761340416837,0.5329993465475931,2447
tinybert-l2,dbpedia-entity,iso,0.32,0.5309000414765658,0.5251579176649968,2411
tinybert-l2,dbpedia-entity,iso,0.33,0.5456965394853593,0.4909605750381181,2254
tinybert-l2,dbpedia-entity,iso,0.34,0.5459795646379387,0.49030712263123505,2251
tinybert-l2,dbpedia-entity,iso,0.35000000000000003,0.555767397521449,0.4569810498802004,2098
tinybert-l2,dbpedia-entity,iso,0.36000000000000004,0.555767397521449,0.4569810498802004,2098
tinybert-l2,dbpedia-entity,iso,0.37,0.555767397521449,0.4569810498802004,2098
tinybert-l2,dbpedia-entity,iso,0.38,0.555767397521449,0.4569810498802004,2098
tinybert-l2,dbpedia-entity,iso,0.39,0.591922845087402,0.3613591810063167,1659
tinybert-l2,dbpedia-entity,iso,0.4,0.5959284392350401,0.3530821171857983,1621
tinybert-l2,dbpedia-entity,iso,0.41000000000000003,0.5959284392350401,0.3530821171857983,1621
tinybert-l2,dbpedia-entity,iso,0.42000000000000004,0.5959284392350401,0.3530821171857983,1621
tinybert-l2,dbpedia-entity,iso,0.43,0.5959284392350401,0.3530821171857983,1621
tinybert-l2,dbpedia-entity,iso,0.44,0.5959284392350401,0.3530821171857983,1621
tinybert-l2,dbpedia-entity,iso,0.45,0.6195574589578873,0.30516227401437596,1401
tinybert-l2,dbpedia-entity,iso,0.46,0.6195574589578873,0.30516227401437596,1401
tinybert-l2,dbpedia-entity,iso,0.47000000000000003,0.6195574589578873,0.30516227401437596,1401
tinybert-l2,dbpedia-entity,iso,0.48000000000000004,0.6195574589578873,0.30516227401437596,1401
tinybert-l2,dbpedia-entity,iso,0.49,0.6804670912951167,0.20518405576127205,942
tinybert-l2,dbpedia-entity,iso,0.5,0.6801275239107333,0.20496623829231103,941
tinybert-l2,dbpedia-entity,iso,0.51,0.6840958605664488,0.19995643650620779,918
tinybert-l2,dbpedia-entity,iso,0.52,0.6840958605664488,0.19995643650620779,918
tinybert-l2,dbpedia-entity,iso,0.53,0.6848418756815703,0.1997386190372468,917
tinybert-l2,dbpedia-entity,iso,0.54,0.7030516431924883,0.1855804835547811,852
tinybert-l2,dbpedia-entity,iso,0.55,0.7023529411764706,0.18514484861685906,850
tinybert-l2,dbpedia-entity,iso,0.56,0.7023529411764706,0.18514484861685906,850
tinybert-l2,dbpedia-entity,iso,0.5700000000000001,0.7023529411764706,0.18514484861685906,850
tinybert-l2,dbpedia-entity,iso,0.5800000000000001,0.7023529411764706,0.18514484861685906,850
tinybert-l2,dbpedia-entity,iso,0.59,0.7023529411764706,0.18514484861685906,850
tinybert-l2,dbpedia-entity,iso,0.6,0.751434034416826,0.11391853626660858,523
tinybert-l2,dbpedia-entity,iso,0.61,0.751434034416826,0.11391853626660858,523
tinybert-l2,dbpedia-entity,iso,0.62,0.751434034416826,0.11391853626660858,523
tinybert-l2,dbpedia-entity,iso,0.63,0.751434034416826,0.11391853626660858,523
tinybert-l2,dbpedia-entity,iso,0.64,0.751434034416826,0.11391853626660858,523
tinybert-l2,dbpedia-entity,iso,0.65,0.751434034416826,0.11391853626660858,523
tinybert-l2,dbpedia-entity,iso,0.66,0.751434034416826,0.11391853626660858,523
tinybert-l2,dbpedia-entity,iso,0.67,0.751434034416826,0.11391853626660858,523
tinybert-l2,dbpedia-entity,iso,0.68,0.751434034416826,0.11391853626660858,523
tinybert-l2,dbpedia-entity,iso,0.6900000000000001,0.751434034416826,0.11391853626660858,523
tinybert-l2,dbpedia-entity,iso,0.7000000000000001,0.770618556701031,0.08451317795687215,388
tinybert-l2,dbpedia-entity,iso,0.7100000000000001,0.770618556701031,0.08451317795687215,388
tinybert-l2,dbpedia-entity,iso,0.72,0.772020725388601,0.08407754301895012,386
tinybert-l2,dbpedia-entity,iso,0.73,0.7740259740259741,0.0838597255499891,385
tinybert-l2,dbpedia-entity,iso,0.74,0.8245614035087719,0.04966238292311043,228
tinybert-l2,dbpedia-entity,iso,0.75,0.8245614035087719,0.04966238292311043,228
tinybert-l2,dbpedia-entity,iso,0.76,0.8245614035087719,0.04966238292311043,228
tinybert-l2,dbpedia-entity,iso,0.77,0.827433628318584,0.04922674798518841,226
tinybert-l2,dbpedia-entity,iso,0.78,0.827433628318584,0.04922674798518841,226
tinybert-l2,dbpedia-entity,iso,0.79,0.827433628318584,0.04922674798518841,226
tinybert-l2,dbpedia-entity,iso,0.8,0.827433628318584,0.04922674798518841,226
tinybert-l2,dbpedia-entity,iso,0.81,0.9022556390977443,0.02896972337181442,133
tinybert-l2,dbpedia-entity,iso,0.8200000000000001,0.9015151515151515,0.028751905902853408,132
tinybert-l2,dbpedia-entity,iso,0.8300000000000001,0.9015151515151515,0.028751905902853408,132
tinybert-l2,dbpedia-entity,iso,0.8400000000000001,0.9007633587786259,0.028534088433892397,131
tinybert-l2,dbpedia-entity,iso,0.85,0.9007633587786259,0.028534088433892397,131
tinybert-l2,dbpedia-entity,iso,0.86,0.9007633587786259,0.028534088433892397,131
tinybert-l2,dbpedia-entity,iso,0.87,0.9418604651162791,0.01873230233064692,86
tinybert-l2,dbpedia-entity,iso,0.88,0.9418604651162791,0.01873230233064692,86
tinybert-l2,dbpedia-entity,iso,0.89,0.9418604651162791,0.01873230233064692,86
tinybert-l2,dbpedia-entity,iso,0.9,0.9418604651162791,0.01873230233064692,86
tinybert-l2,dbpedia-entity,iso,0.91,0.9418604651162791,0.01873230233064692,86
tinybert-l2,dbpedia-entity,iso,0.92,0.9418604651162791,0.01873230233064692,86
tinybert-l2,dbpedia-entity,iso,0.93,0.925,0.008712698758440426,40
tinybert-l2,dbpedia-entity,iso,0.9400000000000001,0.925,0.008712698758440426,40
tinybert-l2,dbpedia-entity,iso,0.9500000000000001,0.925,0.008712698758440426,40
tinybert-l2,dbpedia-entity,iso,0.9600000000000001,0.925,0.008712698758440426,40
tinybert-l2,dbpedia-entity,iso,0.97,0.925,0.008712698758440426,40
tinybert-l2,dbpedia-entity,iso,0.98,0.925,0.008712698758440426,40
tinybert-l2,dbpedia-entity,iso,0.99,0.925,0.008712698758440426,40
tinybert-l2,dbpedia-entity,temp_lodo,0.01,0.34698322805489,1.0,4591
tinybert-l2,dbpedia-entity,temp_lodo,0.02,0.34698322805489,1.0,4591
tinybert-l2,dbpedia-entity,temp_lodo,0.03,0.34698322805489,1.0,4591
tinybert-l2,dbpedia-entity,temp_lodo,0.04,0.34698322805489,1.0,4591
tinybert-l2,dbpedia-entity,temp_lodo,0.05,0.34698322805489,1.0,4591
tinybert-l2,dbpedia-entity,temp_lodo,0.060000000000000005,0.34698322805489,1.0,4591
tinybert-l2,dbpedia-entity,temp_lodo,0.06999999999999999,0.34698322805489,1.0,4591
tinybert-l2,dbpedia-entity,temp_lodo,0.08,0.34698322805489,1.0,4591
tinybert-l2,dbpedia-entity,temp_lodo,0.09,0.34698322805489,1.0,4591
tinybert-l2,dbpedia-entity,temp_lodo,0.09999999999999999,0.34698322805489,1.0,4591
tinybert-l2,dbpedia-entity,temp_lodo,0.11,0.34698322805489,1.0,4591
tinybert-l2,dbpedia-entity,temp_lodo,0.12,0.34698322805489,1.0,4591
tinybert-l2,dbpedia-entity,temp_lodo,0.13,0.34698322805489,1.0,4591
tinybert-l2,dbpedia-entity,temp_lodo,0.14,0.34698322805489,1.0,4591
tinybert-l2,dbpedia-entity,temp_lodo,0.15000000000000002,0.34698322805489,1.0,4591
tinybert-l2,dbpedia-entity,temp_lodo,0.16,0.34698322805489,1.0,4591
tinybert-l2,dbpedia-entity,temp_lodo,0.17,0.34698322805489,1.0,4591
tinybert-l2,dbpedia-entity,temp_lodo,0.18000000000000002,0.34698322805489,1.0,4591
tinybert-l2,dbpedia-entity,temp_lodo,0.19,0.34698322805489,1.0,4591
tinybert-l2,dbpedia-entity,temp_lodo,0.2,0.34698322805489,1.0,4591
tinybert-l2,dbpedia-entity,temp_lodo,0.21000000000000002,0.34705882352941175,0.999782182531039,4590
tinybert-l2,dbpedia-entity,temp_lodo,0.22,0.3473615351068469,0.9989109126551949,4586
tinybert-l2,dbpedia-entity,temp_lodo,0.23,0.3486539724228496,0.9952080156828578,4569
tinybert-l2,dbpedia-entity,temp_lodo,0.24000000000000002,0.35095836087243887,0.9886734916140274,4539
tinybert-l2,dbpedia-entity,temp_lodo,0.25,0.3533200088829669,0.9808320627314311,4503
tinybert-l2,dbpedia-entity,temp_lodo,0.26,0.35650224215246634,0.9714659115661076,4460
tinybert-l2,dbpedia-entity,temp_lodo,0.27,0.3602540834845735,0.960139403180135,4408
tinybert-l2,dbpedia-entity,temp_lodo,0.28,0.3643250688705234,0.9488128947941625,4356
tinybert-l2,dbpedia-entity,temp_lodo,0.29000000000000004,0.3683232698560149,0.9379220213461119,4306
tinybert-l2,dbpedia-entity,temp_lodo,0.3,0.37329251059821006,0.9248529732084513,4246
tinybert-l2,dbpedia-entity,temp_lodo,0.31,0.37838485502036906,0.9089522979742976,4173
tinybert-l2,dbpedia-entity,temp_lodo,0.32,0.38313429198147697,0.8937050751470268,4103
tinybert-l2,dbpedia-entity,temp_lodo,0.33,0.3866964507321916,0.877586582443912,4029
tinybert-l2,dbpedia-entity,temp_lodo,0.34,0.39175518462316644,0.8612502722718361,3954
tinybert-l2,dbpedia-entity,temp_lodo,0.35000000000000003,0.3962409886714727,0.8460030494445655,3884
tinybert-l2,dbpedia-entity,temp_lodo,0.36000000000000004,0.40309873949579833,0.8294489218035287,3808
tinybert-l2,dbpedia-entity,temp_lodo,0.37,0.4085676037483266,0.8135482465693749,3735
tinybert-l2,dbpedia-entity,temp_lodo,0.38,0.4165521033819082,0.7922021346111958,3637
tinybert-l2,dbpedia-entity,temp_lodo,0.39,0.4234665166010129,0.774123284687432,3554
tinybert-l2,dbpedia-entity,temp_lodo,0.4,0.4321593533487298,0.754519712480941,3464
tinybert-l2,dbpedia-entity,temp_lodo,0.41000000000000003,0.4395473496128648,0.7314310607710739,3358
tinybert-l2,dbpedia-entity,temp_lodo,0.42000000000000004,0.44697660285627466,0.7168372903506861,3291
tinybert-l2,dbpedia-entity,temp_lodo,0.43,0.45590994371482174,0.6965802657373121,3198
tinybert-l2,dbpedia-entity,temp_lodo,0.44,0.46395386094200575,0.6798083206273143,3121
tinybert-l2,dbpedia-entity,temp_lodo,0.45,0.4720026350461133,0.6612938357656284,3036
tinybert-l2,dbpedia-entity,temp_lodo,0.46,0.4798646362098139,0.6436506207797865,2955
tinybert-l2,dbpedia-entity,temp_lodo,0.47000000000000003,0.48794970310862734,0.6236114136353735,2863
tinybert-l2,dbpedia-entity,temp_lodo,0.48000000000000004,0.4951560818083961,0.6070572859943367,2787
tinybert-l2,dbpedia-entity,temp_lodo,0.49,0.5014847809948033,0.5868002613809628,2694
tinybert-l2,dbpedia-entity,temp_lodo,0.5,0.5099085365853658,0.571553038553692,2624
tinybert-l2,dbpedia-entity,temp_lodo,0.51,0.518213866039953,0.5560879982574602,2553
tinybert-l2,dbpedia-entity,temp_lodo,0.52,0.5257606490872211,0.5369200609888913,2465
tinybert-l2,dbpedia-entity,temp_lodo,0.53,0.5313408053134081,0.5247222827270747,2409
tinybert-l2,dbpedia-entity,temp_lodo,0.54,0.5375053579082726,0.5081681550860379,2333
tinybert-l2,dbpedia-entity,temp_lodo,0.55,0.5455349248452697,0.49270311478980616,2262
tinybert-l2,dbpedia-entity,temp_lodo,0.56,0.5513636363636364,0.4791984317142235,2200
tinybert-l2,dbpedia-entity,temp_lodo,0.5700000000000001,0.5576923076923077,0.4643868438248748,2132
tinybert-l2,dbpedia-entity,temp_lodo,0.5800000000000001,0.561011181332037,0.44805053365279895,2057
tinybert-l2,dbpedia-entity,temp_lodo,0.59,0.5625950329447542,0.42975386626007406,1973
tinybert-l2,dbpedia-entity,temp_lodo,0.6,0.5687732342007435,0.4101502940535831,1883
tinybert-l2,dbpedia-entity,temp_lodo,0.61,0.5755716675962075,0.39054672184709216,1793
tinybert-l2,dbpedia-entity,temp_lodo,0.62,0.5845070422535211,0.3711609671095622,1704
tinybert-l2,dbpedia-entity,temp_lodo,0.63,0.5962616822429907,0.3495970376824221,1605
tinybert-l2,dbpedia-entity,temp_lodo,0.64,0.6135135135135135,0.3223698540622958,1480
tinybert-l2,dbpedia-entity,temp_lodo,0.65,0.6249089584850692,0.2990633848834677,1373
tinybert-l2,dbpedia-entity,temp_lodo,0.66,0.6327185244587009,0.2716183837943803,1247
tinybert-l2,dbpedia-entity,temp_lodo,0.67,0.6535714285714286,0.24395556523633197,1120
tinybert-l2,dbpedia-entity,temp_lodo,0.68,0.6704545454545454,0.21084730995425832,968
tinybert-l2,dbpedia-entity,temp_lodo,0.6900000000000001,0.7025703794369645,0.17795687214114572,817
tinybert-l2,dbpedia-entity,temp_lodo,0.7000000000000001,0.726998491704374,0.14441298192115007,663
tinybert-l2,dbpedia-entity,temp_lodo,0.7100000000000001,0.7495291902071564,0.11566107601829667,531
tinybert-l2,dbpedia-entity,temp_lodo,0.72,0.7722772277227723,0.08799825746024831,404
tinybert-l2,dbpedia-entity,temp_lodo,0.73,0.8178694158075601,0.0633848834676541,291
tinybert-l2,dbpedia-entity,temp_lodo,0.74,0.848314606741573,0.0387715094750599,178
tinybert-l2,dbpedia-entity,temp_lodo,0.75,0.9285714285714286,0.021346111958179047,98
tinybert-l2,dbpedia-entity,temp_lodo,0.76,0.9302325581395349,0.00936615116532346,43
tinybert-l2,dbpedia-entity,temp_lodo,0.77,,0.0037028969723371815,17
tinybert-l2,dbpedia-entity,temp_lodo,0.78,,0.00021781746896101068,1
tinybert-l2,dbpedia-entity,temp_lodo,0.79,,0.0,0
tinybert-l2,dbpedia-entity,temp_lodo,0.8,,0.0,0
tinybert-l2,dbpedia-entity,temp_lodo,0.81,,0.0,0
tinybert-l2,dbpedia-entity,temp_lodo,0.8200000000000001,,0.0,0
tinybert-l2,dbpedia-entity,temp_lodo,0.8300000000000001,,0.0,0
tinybert-l2,dbpedia-entity,temp_lodo,0.8400000000000001,,0.0,0
tinybert-l2,dbpedia-entity,temp_lodo,0.85,,0.0,0
tinybert-l2,dbpedia-entity,temp_lodo,0.86,,0.0,0
tinybert-l2,dbpedia-entity,temp_lodo,0.87,,0.0,0
tinybert-l2,dbpedia-entity,temp_lodo,0.88,,0.0,0
tinybert-l2,dbpedia-entity,temp_lodo,0.89,,0.0,0
tinybert-l2,dbpedia-entity,temp_lodo,0.9,,0.0,0
tinybert-l2,dbpedia-entity,temp_lodo,0.91,,0.0,0
tinybert-l2,dbpedia-entity,temp_lodo,0.92,,0.0,0
tinybert-l2,dbpedia-entity,temp_lodo,0.93,,0.0,0
tinybert-l2,dbpedia-entity,temp_lodo,0.9400000000000001,,0.0,0
tinybert-l2,dbpedia-entity,temp_lodo,0.9500000000000001,,0.0,0
tinybert-l2,dbpedia-entity,temp_lodo,0.9600000000000001,,0.0,0
tinybert-l2,dbpedia-entity,temp_lodo,0.97,,0.0,0
tinybert-l2,dbpedia-entity,temp_lodo,0.98,,0.0,0
tinybert-l2,dbpedia-entity,temp_lodo,0.99,,0.0,0
tinybert-l2,trec-covid,raw,0.01,0.6585522101217168,0.8981588032220944,1561
tinybert-l2,trec-covid,raw,0.02,0.6640522875816993,0.8803222094361335,1530
tinybert-l2,trec-covid,raw,0.03,0.6675496688741722,0.8688147295742232,1510
tinybert-l2,trec-covid,raw,0.04,0.67,0.8630609896432682,1500
tinybert-l2,trec-covid,raw,0.05,0.6711319490957803,0.8590333716915995,1493
tinybert-l2,trec-covid,raw,0.060000000000000005,0.6716016150740243,0.8550057537399309,1486
tinybert-l2,trec-covid,raw,0.06999999999999999,0.6723087339201084,0.8498273878020713,1477
tinybert-l2,trec-covid,raw,0.08,0.6727891156462585,0.8457997698504027,1470
tinybert-l2,trec-covid,raw,0.09,0.673734610123119,0.8411967779056386,1462
tinybert-l2,trec-covid,raw,0.09999999999999999,0.6737637362637363,0.8377445339470656,1456
tinybert-l2,trec-covid,raw,0.11,0.6756383712905452,0.833716915995397,1449
tinybert-l2,trec-covid,raw,0.12,0.6784476784476784,0.830264672036824,1443
tinybert-l2,trec-covid,raw,0.13,0.6794158553546592,0.8273878020713463,1438
tinybert-l2,trec-covid,raw,0.14,0.6808362369337979,0.8256616800920599,1435
tinybert-l2,trec-covid,raw,0.15000000000000002,0.6818181818181818,0.8227848101265823,1430
tinybert-l2,trec-covid,raw,0.16,0.6822953114065781,0.8222094361334867,1429
tinybert-l2,trec-covid,raw,0.17,0.6856540084388185,0.8181818181818182,1422
tinybert-l2,trec-covid,raw,0.18000000000000002,0.6863988724453841,0.8164556962025317,1419
tinybert-l2,trec-covid,raw,0.19,0.68688293370945,0.8158803222094362,1418
tinybert-l2,trec-covid,raw,0.2,0.6873676781933663,0.8153049482163406,1417
tinybert-l2,trec-covid,raw,0.21000000000000002,0.6898016997167139,0.812428078250863,1412
tinybert-l2,trec-covid,raw,0.22,0.6907801418439716,0.8112773302646721,1410
tinybert-l2,trec-covid,raw,0.23,0.6911032028469751,0.8084004602991944,1405
tinybert-l2,trec-covid,raw,0.24000000000000002,0.6906628652886672,0.8072497123130035,1403
tinybert-l2,trec-covid,raw,0.25,0.6904422253922967,0.806674338319908,1402
tinybert-l2,trec-covid,raw,0.26,0.6902212705210564,0.8060989643268124,1401
tinybert-l2,trec-covid,raw,0.27,0.6902212705210564,0.8060989643268124,1401
tinybert-l2,trec-covid,raw,0.28,0.6907142857142857,0.8055235903337169,1400
tinybert-l2,trec-covid,raw,0.29000000000000004,0.6921975662133143,0.8037974683544303,1397
tinybert-l2,trec-covid,raw,0.3,0.6931899641577061,0.8026467203682394,1395
tinybert-l2,trec-covid,raw,0.31,0.6942446043165468,0.7997698504027618,1390
tinybert-l2,trec-covid,raw,0.32,0.6950252343186734,0.7980437284234753,1387
tinybert-l2,trec-covid,raw,0.33,0.6950252343186734,0.7980437284234753,1387
tinybert-l2,trec-covid,raw,0.34,0.6950252343186734,0.7980437284234753,1387
tinybert-l2,trec-covid,raw,0.35000000000000003,0.6955266955266955,0.7974683544303798,1386
tinybert-l2,trec-covid,raw,0.36000000000000004,0.696028880866426,0.7968929804372842,1385
tinybert-l2,trec-covid,raw,0.37,0.696028880866426,0.7968929804372842,1385
tinybert-l2,trec-covid,raw,0.38,0.6970354302241504,0.7957422324510932,1383
tinybert-l2,trec-covid,raw,0.39,0.6971677559912854,0.7922899884925202,1377
tinybert-l2,trec-covid,raw,0.4,0.6969476744186046,0.7917146144994246,1376
tinybert-l2,trec-covid,raw,0.41000000000000003,0.6969476744186046,0.7917146144994246,1376
tinybert-l2,trec-covid,raw,0.42000000000000004,0.6967272727272728,0.7911392405063291,1375
tinybert-l2,trec-covid,raw,0.43,0.6970138383102695,0.7899884925201381,1373
tinybert-l2,trec-covid,raw,0.44,0.6973012399708242,0.7888377445339471,1371
tinybert-l2,trec-covid,raw,0.45,0.6975894813732652,0.7876869965477561,1369
tinybert-l2,trec-covid,raw,0.46,0.6971470373079737,0.786536248561565,1367
tinybert-l2,trec-covid,raw,0.47000000000000003,0.6976573938506588,0.7859608745684695,1366
tinybert-l2,trec-covid,raw,0.48000000000000004,0.6979472140762464,0.7848101265822784,1364
tinybert-l2,trec-covid,raw,0.49,0.698459280997799,0.784234752589183,1363
tinybert-l2,trec-covid,raw,0.5,0.6997792494481236,0.7819332566168009,1359
tinybert-l2,trec-covid,raw,0.51,0.7021433850702143,0.7784810126582279,1353
tinybert-l2,trec-covid,raw,0.52,0.7031828275351591,0.7773302646720368,1351
tinybert-l2,trec-covid,raw,0.53,0.7037037037037037,0.7767548906789413,1350
tinybert-l2,trec-covid,raw,0.54,0.7040059347181009,0.7756041426927502,1348
tinybert-l2,trec-covid,raw,0.55,0.704089219330855,0.7738780207134638,1345
tinybert-l2,trec-covid,raw,0.56,0.7038690476190477,0.7733026467203682,1344
tinybert-l2,trec-covid,raw,0.5700000000000001,0.7049180327868853,0.7721518987341772,1342
tinybert-l2,trec-covid,raw,0.5800000000000001,0.7049180327868853,0.7721518987341772,1342
tinybert-l2,trec-covid,raw,0.59,0.7052238805970149,0.7710011507479861,1340
tinybert-l2,trec-covid,raw,0.6,0.7052238805970149,0.7710011507479861,1340
tinybert-l2,trec-covid,raw,0.61,0.7068062827225131,0.7692750287686997,1337
tinybert-l2,trec-covid,raw,0.62,0.7073353293413174,0.7686996547756041,1336
tinybert-l2,trec-covid,raw,0.63,0.7066766691672918,0.7669735327963176,1333
tinybert-l2,trec-covid,raw,0.64,0.7066766691672918,0.7669735327963176,1333
tinybert-l2,trec-covid,raw,0.65,0.7065462753950339,0.7646720368239356,1329
tinybert-l2,trec-covid,raw,0.66,0.7071698113207547,0.7623705408515535,1325
tinybert-l2,trec-covid,raw,0.67,0.7071698113207547,0.7623705408515535,1325
tinybert-l2,trec-covid,raw,0.68,0.7067271352985639,0.7612197928653625,1323
tinybert-l2,trec-covid,raw,0.6900000000000001,0.7070401211203634,0.7600690448791715,1321
tinybert-l2,trec-covid,raw,0.7000000000000001,0.7081122062168309,0.7589182968929804,1319
tinybert-l2,trec-covid,raw,0.7100000000000001,0.7082066869300911,0.757192174913694,1316
tinybert-l2,trec-covid,raw,0.72,0.708523592085236,0.7560414269275029,1314
tinybert-l2,trec-covid,raw,0.73,0.7088414634146342,0.7548906789413119,1312
tinybert-l2,trec-covid,raw,0.74,0.7093821510297483,0.7543153049482163,1311
tinybert-l2,trec-covid,raw,0.75,0.7097020626432391,0.7531645569620253,1309
tinybert-l2,trec-covid,raw,0.76,0.7108895705521472,0.7502876869965478,1304
tinybert-l2,trec-covid,raw,0.77,0.7113163972286374,0.7474108170310702,1299
tinybert-l2,trec-covid,raw,0.78,0.7108712413261372,0.7462600690448792,1297
tinybert-l2,trec-covid,raw,0.79,0.7111969111969112,0.7451093210586881,1295
tinybert-l2,trec-covid,raw,0.8,0.7126258714175058,0.742807825086306,1291
tinybert-l2,trec-covid,raw,0.81,0.7127329192546584,0.7410817031070196,1288
tinybert-l2,trec-covid,raw,0.8200000000000001,0.7130637636080871,0.7399309551208285,1286
tinybert-l2,trec-covid,raw,0.8300000000000001,0.7152886115444618,0.7376294591484465,1282
tinybert-l2,trec-covid,raw,0.8400000000000001,0.7146207974980453,0.7359033371691599,1279
tinybert-l2,trec-covid,raw,0.85,0.7152941176470589,0.733601841196778,1275
tinybert-l2,trec-covid,raw,0.86,0.7148468185388845,0.7324510932105869,1273
tinybert-l2,trec-covid,raw,0.87,0.7166535122336227,0.7289988492520139,1267
tinybert-l2,trec-covid,raw,0.88,0.7167721518987342,0.7272727272727273,1264
tinybert-l2,trec-covid,raw,0.89,0.7174603174603175,0.7249712313003452,1260
tinybert-l2,trec-covid,raw,0.9,0.7179282868525897,0.7220943613348677,1255
tinybert-l2,trec-covid,raw,0.91,0.7194533762057878,0.715765247410817,1244
tinybert-l2,trec-covid,raw,0.92,0.7206477732793523,0.7105868814729575,1235
tinybert-l2,trec-covid,raw,0.93,0.7196414017929911,0.7059838895281934,1227
tinybert-l2,trec-covid,raw,0.9400000000000001,0.7219031993437244,0.7013808975834293,1219
tinybert-l2,trec-covid,raw,0.9500000000000001,0.7250830564784053,0.6927502876869965,1204
tinybert-l2,trec-covid,raw,0.9600000000000001,0.7349192863211554,0.6772151898734177,1177
tinybert-l2,trec-covid,raw,0.97,0.7354726799653079,0.6634062140391255,1153
tinybert-l2,trec-covid,raw,0.98,0.7423423423423423,0.6386651323360184,1110
tinybert-l2,trec-covid,raw,0.99,0.7497584541062802,0.595512082853855,1035
tinybert-l2,trec-covid,temp,0.01,0.6242807825086306,1.0,1738
tinybert-l2,trec-covid,temp,0.02,0.6242807825086306,1.0,1738
tinybert-l2,trec-covid,temp,0.03,0.6242807825086306,1.0,1738
tinybert-l2,trec-covid,temp,0.04,0.6242807825086306,1.0,1738
tinybert-l2,trec-covid,temp,0.05,0.6242807825086306,1.0,1738
tinybert-l2,trec-covid,temp,0.060000000000000005,0.6242807825086306,1.0,1738
tinybert-l2,trec-covid,temp,0.06999999999999999,0.6242807825086306,1.0,1738
tinybert-l2,trec-covid,temp,0.08,0.6242807825086306,1.0,1738
tinybert-l2,trec-covid,temp,0.09,0.6242807825086306,1.0,1738
tinybert-l2,trec-covid,temp,0.09999999999999999,0.6242807825086306,1.0,1738
tinybert-l2,trec-covid,temp,0.11,0.6242807825086306,1.0,1738
tinybert-l2,trec-covid,temp,0.12,0.6242807825086306,1.0,1738
tinybert-l2,trec-covid,temp,0.13,0.6242807825086306,1.0,1738
tinybert-l2,trec-covid,temp,0.14,0.6242807825086306,1.0,1738
tinybert-l2,trec-covid,temp,0.15000000000000002,0.6242807825086306,1.0,1738
tinybert-l2,trec-covid,temp,0.16,0.6271676300578035,0.9953970080552359,1730
tinybert-l2,trec-covid,temp,0.17,0.629802095459837,0.9884925201380897,1718
tinybert-l2,trec-covid,temp,0.18000000000000002,0.6308411214953271,0.9850402761795167,1712
tinybert-l2,trec-covid,temp,0.19,0.6313633703920422,0.9833141542002302,1709
tinybert-l2,trec-covid,temp,0.2,0.63347083087802,0.976409666283084,1697
tinybert-l2,trec-covid,temp,0.21000000000000002,0.6356083086053412,0.9695051783659379,1685
tinybert-l2,trec-covid,temp,0.22,0.6356589147286822,0.9649021864211738,1677
tinybert-l2,trec-covid,temp,0.23,0.6368547418967587,0.9585730724971231,1666
tinybert-l2,trec-covid,temp,0.24000000000000002,0.6386706948640484,0.9522439585730725,1655
tinybert-l2,trec-covid,temp,0.25,0.6403881140084899,0.9487917146144994,1649
tinybert-l2,trec-covid,temp,0.26,0.6436007348438457,0.9395857307249712,1633
tinybert-l2,trec-covid,temp,0.27,0.6449230769230769,0.9349827387802071,1625
tinybert-l2,trec-covid,temp,0.28,0.6482630272952854,0.9275028768699655,1612
tinybert-l2,trec-covid,temp,0.29000000000000004,0.6481597005614473,0.9223245109321059,1603
tinybert-l2,trec-covid,temp,0.3,0.6493099121706399,0.9171461449942463,1594
tinybert-l2,trec-covid,temp,0.31,0.6529449018366055,0.9085155350978136,1579
tinybert-l2,trec-covid,temp,0.32,0.6564690885914596,0.9027617951668585,1569
tinybert-l2,trec-covid,temp,0.33,0.6585522101217168,0.8981588032220944,1561
tinybert-l2,trec-covid,temp,0.34,0.6608639587362991,0.8924050632911392,1551
tinybert-l2,trec-covid,temp,0.35000000000000003,0.6634050880626223,0.88204833141542,1533
tinybert-l2,trec-covid,temp,0.36000000000000004,0.6651346027577151,0.8762945914844649,1523
tinybert-l2,trec-covid,temp,0.37,0.6677718832891246,0.8676639815880323,1508
tinybert-l2,trec-covid,temp,0.38,0.6704469646430954,0.8624856156501726,1499
tinybert-l2,trec-covid,temp,0.39,0.6715817694369973,0.8584579976985041,1492
tinybert-l2,trec-covid,temp,0.4,0.6725304465493911,0.8504027617951668,1478
tinybert-l2,trec-covid,temp,0.41000000000000003,0.6741803278688525,0.8423475258918297,1464
tinybert-l2,trec-covid,temp,0.42000000000000004,0.6756383712905452,0.833716915995397,1449
tinybert-l2,trec-covid,temp,0.43,0.6803621169916435,0.8262370540851554,1436
tinybert-l2,trec-covid,temp,0.44,0.6861365235749473,0.8176064441887226,1421
tinybert-l2,trec-covid,temp,0.45,0.6902905740609497,0.8118527042577676,1411
tinybert-l2,trec-covid,temp,0.46,0.6902212705210564,0.8060989643268124,1401
tinybert-l2,trec-covid,temp,0.47000000000000003,0.6947444204463643,0.7991944764096662,1389
tinybert-l2,trec-covid,temp,0.48000000000000004,0.6965317919075145,0.7963176064441887,1384
tinybert-l2,trec-covid,temp,0.49,0.6975218658892128,0.7894131185270425,1372
tinybert-l2,trec-covid,temp,0.5,0.6997792494481236,0.7819332566168009,1359
tinybert-l2,trec-covid,temp,0.51,0.7043931496649293,0.7727272727272727,1343
tinybert-l2,trec-covid,temp,0.52,0.7068965517241379,0.7675489067894131,1334
tinybert-l2,trec-covid,temp,0.53,0.7070401211203634,0.7600690448791715,1321
tinybert-l2,trec-covid,temp,0.54,0.7088414634146342,0.7548906789413119,1312
tinybert-l2,trec-covid,temp,0.55,0.7111969111969112,0.7451093210586881,1295
tinybert-l2,trec-covid,temp,0.56,0.7141744548286605,0.7387802071346375,1284
tinybert-l2,trec-covid,temp,0.5700000000000001,0.7154088050314465,0.7318757192174914,1272
tinybert-l2,trec-covid,temp,0.5800000000000001,0.7174603174603175,0.7249712313003452,1260
tinybert-l2,trec-covid,temp,0.59,0.7211925866236906,0.7140391254315305,1241
tinybert-l2,trec-covid,temp,0.6,0.7202283849918434,0.7054085155350979,1226
tinybert-l2,trec-covid,temp,0.61,0.7239669421487603,0.6962025316455697,1210
tinybert-l2,trec-covid,temp,0.62,0.734520780322307,0.6783659378596087,1179
tinybert-l2,trec-covid,temp,0.63,0.7359307359307359,0.6645569620253164,1155
tinybert-l2,trec-covid,temp,0.64,0.7402135231316725,0.6467203682393556,1124
tinybert-l2,trec-covid,temp,0.65,0.7438468550592525,0.6311852704257768,1097
tinybert-l2,trec-covid,temp,0.66,0.7439478584729982,0.61795166858458,1074
tinybert-l2,trec-covid,temp,0.67,0.7497584541062802,0.595512082853855,1035
tinybert-l2,trec-covid,temp,0.68,0.7537239324726912,0.5794016110471807,1007
tinybert-l2,trec-covid,temp,0.6900000000000001,0.7647058823529411,0.5477560414269275,952
tinybert-l2,trec-covid,temp,0.7000000000000001,0.7770345596432553,0.5161104718066744,897
tinybert-l2,trec-covid,temp,0.7100000000000001,0.791566265060241,0.47756041426927504,830
tinybert-l2,trec-covid,temp,0.72,0.7929226736566186,0.4390103567318757,763
tinybert-l2,trec-covid,temp,0.73,0.8032305433186491,0.39182968929804374,681
tinybert-l2,trec-covid,temp,0.74,0.8116438356164384,0.33601841196777904,584
tinybert-l2,trec-covid,temp,0.75,0.808300395256917,0.2911392405063291,506
tinybert-l2,trec-covid,temp,0.76,0.812807881773399,0.2336018411967779,406
tinybert-l2,trec-covid,temp,0.77,0.827893175074184,0.19390103567318756,337
tinybert-l2,trec-covid,temp,0.78,0.8259109311740891,0.14211737629459148,247
tinybert-l2,trec-covid,temp,0.79,0.8181818181818182,0.0949367088607595,165
tinybert-l2,trec-covid,temp,0.8,0.7863247863247863,0.06731875719217491,117
tinybert-l2,trec-covid,temp,0.81,0.8260869565217391,0.039700805523590336,69
tinybert-l2,trec-covid,temp,0.8200000000000001,,0.01611047180667434,28
tinybert-l2,trec-covid,temp,0.8300000000000001,,0.00863060989643268,15
tinybert-l2,trec-covid,temp,0.8400000000000001,,0.0005753739930955121,1
tinybert-l2,trec-covid,temp,0.85,,0.0,0
tinybert-l2,trec-covid,temp,0.86,,0.0,0
tinybert-l2,trec-covid,temp,0.87,,0.0,0
tinybert-l2,trec-covid,temp,0.88,,0.0,0
tinybert-l2,trec-covid,temp,0.89,,0.0,0
tinybert-l2,trec-covid,temp,0.9,,0.0,0
tinybert-l2,trec-covid,temp,0.91,,0.0,0
tinybert-l2,trec-covid,temp,0.92,,0.0,0
tinybert-l2,trec-covid,temp,0.93,,0.0,0
tinybert-l2,trec-covid,temp,0.9400000000000001,,0.0,0
tinybert-l2,trec-covid,temp,0.9500000000000001,,0.0,0
tinybert-l2,trec-covid,temp,0.9600000000000001,,0.0,0
tinybert-l2,trec-covid,temp,0.97,,0.0,0
tinybert-l2,trec-covid,temp,0.98,,0.0,0
tinybert-l2,trec-covid,temp,0.99,,0.0,0
tinybert-l2,trec-covid,platt,0.01,0.6242807825086306,1.0,1738
tinybert-l2,trec-covid,platt,0.02,0.6242807825086306,1.0,1738
tinybert-l2,trec-covid,platt,0.03,0.6242807825086306,1.0,1738
tinybert-l2,trec-covid,platt,0.04,0.6242807825086306,1.0,1738
tinybert-l2,trec-covid,platt,0.05,0.6242807825086306,1.0,1738
tinybert-l2,trec-covid,platt,0.060000000000000005,0.6242807825086306,1.0,1738
tinybert-l2,trec-covid,platt,0.06999999999999999,0.6242807825086306,1.0,1738
tinybert-l2,trec-covid,platt,0.08,0.6242807825086306,1.0,1738
tinybert-l2,trec-covid,platt,0.09,0.6242807825086306,1.0,1738
tinybert-l2,trec-covid,platt,0.09999999999999999,0.6242807825086306,1.0,1738
tinybert-l2,trec-covid,platt,0.11,0.6242807825086306,1.0,1738
tinybert-l2,trec-covid,platt,0.12,0.6242807825086306,1.0,1738
tinybert-l2,trec-covid,platt,0.13,0.6242807825086306,1.0,1738
tinybert-l2,trec-covid,platt,0.14,0.6242807825086306,1.0,1738
tinybert-l2,trec-covid,platt,0.15000000000000002,0.625,0.998849252013809,1736
tinybert-l2,trec-covid,platt,0.16,0.6286210892236385,0.9930955120828538,1726
tinybert-l2,trec-covid,platt,0.17,0.6305361305361306,0.9873417721518988,1716
tinybert-l2,trec-covid,platt,0.18000000000000002,0.6312098188194039,0.9844649021864211,1711
tinybert-l2,trec-covid,platt,0.19,0.6321031048623316,0.9821634062140391,1707
tinybert-l2,trec-covid,platt,0.2,0.6340023612750886,0.9746835443037974,1694
tinybert-l2,trec-covid,platt,0.21000000000000002,0.6353919239904988,0.9689298043728424,1684
tinybert-l2,trec-covid,platt,0.22,0.6356033452807647,0.9631760644418872,1674
tinybert-l2,trec-covid,platt,0.23,0.6375677302829621,0.9556962025316456,1661
tinybert-l2,trec-covid,platt,0.24000000000000002,0.6386706948640484,0.9522439585730725,1655
tinybert-l2,trec-covid,platt,0.25,0.6401699029126213,0.9482163406214039,1648
tinybert-l2,trec-covid,platt,0.26,0.6433823529411765,0.9390103567318757,1632
tinybert-l2,trec-covid,platt,0.27,0.6457178065311152,0.9338319907940161,1623
tinybert-l2,trec-covid,platt,0.28,0.6486318407960199,0.9252013808975834,1608
tinybert-l2,trec-covid,platt,0.29000000000000004,0.6485642946317104,0.9217491369390104,1602
tinybert-l2,trec-covid,platt,0.3,0.650314465408805,0.9148446490218642,1590
tinybert-l2,trec-covid,platt,0.31,0.6537729866835764,0.9073647871116226,1577
tinybert-l2,trec-covid,platt,0.32,0.6566687938736439,0.9016110471806674,1567
tinybert-l2,trec-covid,platt,0.33,0.659601798330122,0.8958573072497124,1557
tinybert-l2,trec-covid,platt,0.34,0.6606334841628959,0.8901035673187572,1547
tinybert-l2,trec-covid,platt,0.35000000000000003,0.6642717178314826,0.880897583429229,1531
tinybert-l2,trec-covid,platt,0.36000000000000004,0.6668861092824226,0.8739930955120828,1519
tinybert-l2,trec-covid,platt,0.37,0.66821499668215,0.8670886075949367,1507
tinybert-l2,trec-covid,platt,0.38,0.670894526034713,0.8619102416570771,1498
tinybert-l2,trec-covid,platt,0.39,0.6720321931589537,0.8578826237054085,1491
tinybert-l2,trec-covid,platt,0.4,0.6723087339201084,0.8498273878020713,1477
tinybert-l2,trec-covid,platt,0.41000000000000003,0.673734610123119,0.8411967779056386,1462
tinybert-l2,trec-covid,platt,0.42000000000000004,0.6770401106500692,0.8319907940161104,1446
tinybert-l2,trec-covid,platt,0.43,0.6815642458100558,0.8239355581127733,1432
tinybert-l2,trec-covid,platt,0.44,0.6863988724453841,0.8164556962025317,1419
tinybert-l2,trec-covid,platt,0.45,0.6903409090909091,0.810126582278481,1408
tinybert-l2,trec-covid,platt,0.46,0.6907142857142857,0.8055235903337169,1400
tinybert-l2,trec-covid,platt,0.47000000000000003,0.6950252343186734,0.7980437284234753,1387
tinybert-l2,trec-covid,platt,0.48000000000000004,0.6965966690803765,0.7945914844649021,1381
tinybert-l2,trec-covid,platt,0.49,0.6975894813732652,0.7876869965477561,1369
tinybert-l2,trec-covid,platt,0.5,0.7026627218934911,0.7779056386651323,1352
tinybert-l2,trec-covid,platt,0.51,0.7049180327868853,0.7721518987341772,1342
tinybert-l2,trec-covid,platt,0.52,0.7066766691672918,0.7669735327963176,1333
tinybert-l2,trec-covid,platt,0.53,0.7075757575757575,0.759493670886076,1320
tinybert-l2,trec-covid,platt,0.54,0.7097020626432391,0.7531645569620253,1309
tinybert-l2,trec-covid,platt,0.55,0.711523588553751,0.7439585730724971,1293
tinybert-l2,trec-covid,platt,0.56,0.7150663544106167,0.737054085155351,1281
tinybert-l2,trec-covid,platt,0.5700000000000001,0.715748031496063,0.7307249712313003,1270
tinybert-l2,trec-covid,platt,0.5800000000000001,0.7178060413354531,0.7238204833141542,1258
tinybert-l2,trec-covid,platt,0.59,0.7205169628432956,0.7123130034522439,1238
tinybert-l2,trec-covid,platt,0.6,0.7208163265306122,0.7048331415420023,1225
tinybert-l2,trec-covid,platt,0.61,0.724109362054681,0.6944764096662831,1207
tinybert-l2,trec-covid,platt,0.62,0.7359454855195912,0.6754890678941312,1174
tinybert-l2,trec-covid,platt,0.63,0.7354726799653079,0.6634062140391255,1153
tinybert-l2,trec-covid,platt,0.64,0.7415329768270945,0.6455696202531646,1122
tinybert-l2,trec-covid,platt,0.65,0.7438243366880146,0.6288837744533947,1093
tinybert-l2,trec-covid,platt,0.66,0.7455565949485501,0.6150747986191024,1069
tinybert-l2,trec-covid,platt,0.67,0.7492739593417231,0.594361334867664,1033
tinybert-l2,trec-covid,platt,0.68,0.756,0.5753739930955121,1000
tinybert-l2,trec-covid,platt,0.6900000000000001,0.7658227848101266,0.5454545454545454,948
tinybert-l2,trec-covid,platt,0.7000000000000001,0.7785234899328859,0.5143843498273878,894
tinybert-l2,trec-covid,platt,0.7100000000000001,0.7910628019323671,0.476409666283084,828
tinybert-l2,trec-covid,platt,0.72,0.7921052631578948,0.4372842347525892,760
tinybert-l2,trec-covid,platt,0.73,0.8020679468242246,0.3895281933256617,677
tinybert-l2,trec-covid,platt,0.74,0.8127147766323024,0.334867663981588,582
tinybert-l2,trec-covid,platt,0.75,0.8087649402390438,0.28883774453394706,502
tinybert-l2,trec-covid,platt,0.76,0.8125,0.23014959723820483,400
tinybert-l2,trec-covid,platt,0.77,0.8288288288288288,0.1915995397008055,333
tinybert-l2,trec-covid,platt,0.78,0.8237704918032787,0.14039125431530494,244
tinybert-l2,trec-covid,platt,0.79,0.8159509202453987,0.09378596087456847,163
tinybert-l2,trec-covid,platt,0.8,0.7863247863247863,0.06731875719217491,117
tinybert-l2,trec-covid,platt,0.81,0.8235294117647058,0.039125431530494824,68
tinybert-l2,trec-covid,platt,0.8200000000000001,,0.01611047180667434,28
tinybert-l2,trec-covid,platt,0.8300000000000001,,0.00863060989643268,15
tinybert-l2,trec-covid,platt,0.8400000000000001,,0.0005753739930955121,1
tinybert-l2,trec-covid,platt,0.85,,0.0,0
tinybert-l2,trec-covid,platt,0.86,,0.0,0
tinybert-l2,trec-covid,platt,0.87,,0.0,0
tinybert-l2,trec-covid,platt,0.88,,0.0,0
tinybert-l2,trec-covid,platt,0.89,,0.0,0
tinybert-l2,trec-covid,platt,0.9,,0.0,0
tinybert-l2,trec-covid,platt,0.91,,0.0,0
tinybert-l2,trec-covid,platt,0.92,,0.0,0
tinybert-l2,trec-covid,platt,0.93,,0.0,0
tinybert-l2,trec-covid,platt,0.9400000000000001,,0.0,0
tinybert-l2,trec-covid,platt,0.9500000000000001,,0.0,0
tinybert-l2,trec-covid,platt,0.9600000000000001,,0.0,0
tinybert-l2,trec-covid,platt,0.97,,0.0,0
tinybert-l2,trec-covid,platt,0.98,,0.0,0
tinybert-l2,trec-covid,platt,0.99,,0.0,0
tinybert-l2,trec-covid,iso,0.01,0.6242807825086306,1.0,1738
tinybert-l2,trec-covid,iso,0.02,0.6242807825086306,1.0,1738
tinybert-l2,trec-covid,iso,0.03,0.6242807825086306,1.0,1738
tinybert-l2,trec-covid,iso,0.04,0.6242807825086306,1.0,1738
tinybert-l2,trec-covid,iso,0.05,0.6242807825086306,1.0,1738
tinybert-l2,trec-covid,iso,0.060000000000000005,0.6242807825086306,1.0,1738
tinybert-l2,trec-covid,iso,0.06999999999999999,0.6242807825086306,1.0,1738
tinybert-l2,trec-covid,iso,0.08,0.6242807825086306,1.0,1738
tinybert-l2,trec-covid,iso,0.09,0.6242807825086306,1.0,1738
tinybert-l2,trec-covid,iso,0.09999999999999999,0.6242807825086306,1.0,1738
tinybert-l2,trec-covid,iso,0.11,0.6242807825086306,1.0,1738
tinybert-l2,trec-covid,iso,0.12,0.6242807825086306,1.0,1738
tinybert-l2,trec-covid,iso,0.13,0.6242807825086306,1.0,1738
tinybert-l2,trec-covid,iso,0.14,0.6242807825086306,1.0,1738
tinybert-l2,trec-covid,iso,0.15000000000000002,0.6242807825086306,1.0,1738
tinybert-l2,trec-covid,iso,0.16,0.6242807825086306,1.0,1738
tinybert-l2,trec-covid,iso,0.17,0.6242807825086306,1.0,1738
tinybert-l2,trec-covid,iso,0.18000000000000002,0.6357142857142857,0.9666283084004603,1680
tinybert-l2,trec-covid,iso,0.19,0.6357142857142857,0.9666283084004603,1680
tinybert-l2,trec-covid,iso,0.2,0.6357142857142857,0.9666283084004603,1680
tinybert-l2,trec-covid,iso,0.21000000000000002,0.6357142857142857,0.9666283084004603,1680
tinybert-l2,trec-covid,iso,0.22,0.6357142857142857,0.9666283084004603,1680
tinybert-l2,trec-covid,iso,0.23,0.6357142857142857,0.9666283084004603,1680
tinybert-l2,trec-covid,iso,0.24000000000000002,0.6357142857142857,0.9666283084004603,1680
tinybert-l2,trec-covid,iso,0.25,0.6357142857142857,0.9666283084004603,1680
tinybert-l2,trec-covid,iso,0.26,0.6357142857142857,0.9666283084004603,1680
tinybert-l2,trec-covid,iso,0.27,0.6357142857142857,0.9666283084004603,1680
tinybert-l2,trec-covid,iso,0.28,0.6357142857142857,0.9666283084004603,1680
tinybert-l2,trec-covid,iso,0.29000000000000004,0.6357142857142857,0.9666283084004603,1680
tinybert-l2,trec-covid,iso,0.3,0.6357142857142857,0.9666283084004603,1680
tinybert-l2,trec-covid,iso,0.31,0.6357142857142857,0.9666283084004603,1680
tinybert-l2,trec-covid,iso,0.32,0.6556333545512413,0.9039125431530495,1571
tinybert-l2,trec-covid,iso,0.33,0.6556333545512413,0.9039125431530495,1571
tinybert-l2,trec-covid,iso,0.34,0.6556333545512413,0.9039125431530495,1571
tinybert-l2,trec-covid,iso,0.35000000000000003,0.6556333545512413,0.9039125431530495,1571
tinybert-l2,trec-covid,iso,0.36000000000000004,0.6572890025575447,0.8998849252013809,1564
tinybert-l2,trec-covid,iso,0.37,0.6572890025575447,0.8998849252013809,1564
tinybert-l2,trec-covid,iso,0.38,0.6926934097421203,0.8032220943613348,1396
tinybert-l2,trec-covid,iso,0.39,0.6926934097421203,0.8032220943613348,1396
tinybert-l2,trec-covid,iso,0.4,0.6926934097421203,0.8032220943613348,1396
tinybert-l2,trec-covid,iso,0.41000000000000003,0.6926934097421203,0.8032220943613348,1396
tinybert-l2,trec-covid,iso,0.42000000000000004,0.6926934097421203,0.8032220943613348,1396
tinybert-l2,trec-covid,iso,0.43,0.6967272727272728,0.7911392405063291,1375
tinybert-l2,trec-covid,iso,0.44,0.6965065502183406,0.7905638665132336,1374
tinybert-l2,trec-covid,iso,0.45,0.6965065502183406,0.7905638665132336,1374
tinybert-l2,trec-covid,iso,0.46,0.6965065502183406,0.7905638665132336,1374
tinybert-l2,trec-covid,iso,0.47000000000000003,0.6965065502183406,0.7905638665132336,1374
tinybert-l2,trec-covid,iso,0.48000000000000004,0.6965065502183406,0.7905638665132336,1374
tinybert-l2,trec-covid,iso,0.49,0.6965065502183406,0.7905638665132336,1374
tinybert-l2,trec-covid,iso,0.5,0.6965065502183406,0.7905638665132336,1374
tinybert-l2,trec-covid,iso,0.51,0.6975218658892128,0.7894131185270425,1372
tinybert-l2,trec-covid,iso,0.52,0.6975218658892128,0.7894131185270425,1372
tinybert-l2,trec-covid,iso,0.53,0.6975218658892128,0.7894131185270425,1372
tinybert-l2,trec-covid,iso,0.54,0.7107880642693191,0.7520138089758343,1307
tinybert-l2,trec-covid,iso,0.55,0.7105666156202144,0.7514384349827388,1306
tinybert-l2,trec-covid,iso,0.56,0.7105666156202144,0.7514384349827388,1306
tinybert-l2,trec-covid,iso,0.5700000000000001,0.7108895705521472,0.7502876869965478,1304
tinybert-l2,trec-covid,iso,0.5800000000000001,0.7108895705521472,0.7502876869965478,1304
tinybert-l2,trec-covid,iso,0.59,0.7108895705521472,0.7502876869965478,1304
tinybert-l2,trec-covid,iso,0.6,0.765524625267666,0.5373993095512083,934
tinybert-l2,trec-covid,iso,0.61,0.7884160756501182,0.48676639815880324,846
tinybert-l2,trec-covid,iso,0.62,0.7884160756501182,0.48676639815880324,846
tinybert-l2,trec-covid,iso,0.63,0.7911802853437094,0.4436133486766398,771
tinybert-l2,trec-covid,iso,0.64,0.8017366136034733,0.39758342922899886,691
tinybert-l2,trec-covid,iso,0.65,0.8017366136034733,0.39758342922899886,691
tinybert-l2,trec-covid,iso,0.66,0.8017366136034733,0.39758342922899886,691
tinybert-l2,trec-covid,iso,0.67,0.8017366136034733,0.39758342922899886,691
tinybert-l2,trec-covid,iso,0.68,0.8017366136034733,0.39758342922899886,691
tinybert-l2,trec-covid,iso,0.6900000000000001,0.8017366136034733,0.39758342922899886,691
tinybert-l2,trec-covid,iso,0.7000000000000001,0.8017366136034733,0.39758342922899886,691
tinybert-l2,trec-covid,iso,0.7100000000000001,0.8017366136034733,0.39758342922899886,691
tinybert-l2,trec-covid,iso,0.72,0.8014492753623188,0.3970080552359033,690
tinybert-l2,trec-covid,iso,0.73,0.8014492753623188,0.3970080552359033,690
tinybert-l2,trec-covid,iso,0.74,0.8014492753623188,0.3970080552359033,690
tinybert-l2,trec-covid,iso,0.75,0.8014492753623188,0.3970080552359033,690
tinybert-l2,trec-covid,iso,0.76,0.8036529680365296,0.37802071346375143,657
tinybert-l2,trec-covid,iso,0.77,0.8061068702290076,0.3768699654775604,655
tinybert-l2,trec-covid,iso,0.78,0.8125,0.33141542002301494,576
tinybert-l2,trec-covid,iso,0.79,0.8308823529411765,0.1565017261219793,272
tinybert-l2,trec-covid,iso,0.8,0.8302583025830258,0.15592635212888378,271
tinybert-l2,trec-covid,iso,0.81,0.8222222222222222,0.12945914844649023,225
tinybert-l2,trec-covid,iso,0.8200000000000001,0.8222222222222222,0.12945914844649023,225
tinybert-l2,trec-covid,iso,0.8300000000000001,0.8222222222222222,0.12945914844649023,225
tinybert-l2,trec-covid,iso,0.8400000000000001,0.8222222222222222,0.12945914844649023,225
tinybert-l2,trec-covid,iso,0.85,0.8222222222222222,0.12945914844649023,225
tinybert-l2,trec-covid,iso,0.86,0.8212290502793296,0.10299194476409666,179
tinybert-l2,trec-covid,iso,0.87,0.8212290502793296,0.10299194476409666,179
tinybert-l2,trec-covid,iso,0.88,0.8212290502793296,0.10299194476409666,179
tinybert-l2,trec-covid,iso,0.89,0.8212290502793296,0.10299194476409666,179
tinybert-l2,trec-covid,iso,0.9,,0.01668584579976985,29
tinybert-l2,trec-covid,iso,0.91,,0.01668584579976985,29
tinybert-l2,trec-covid,iso,0.92,,0.01668584579976985,29
tinybert-l2,trec-covid,iso,0.93,,0.01668584579976985,29
tinybert-l2,trec-covid,iso,0.9400000000000001,,0.01668584579976985,29
tinybert-l2,trec-covid,iso,0.9500000000000001,,0.0023014959723820483,4
tinybert-l2,trec-covid,iso,0.9600000000000001,,0.0023014959723820483,4
tinybert-l2,trec-covid,iso,0.97,,0.0023014959723820483,4
tinybert-l2,trec-covid,iso,0.98,,0.0017261219792865361,3
tinybert-l2,trec-covid,iso,0.99,,0.0017261219792865361,3
tinybert-l2,trec-covid,temp_lodo,0.01,0.6242807825086306,1.0,1738
tinybert-l2,trec-covid,temp_lodo,0.02,0.6242807825086306,1.0,1738
tinybert-l2,trec-covid,temp_lodo,0.03,0.6242807825086306,1.0,1738
tinybert-l2,trec-covid,temp_lodo,0.04,0.6242807825086306,1.0,1738
tinybert-l2,trec-covid,temp_lodo,0.05,0.6242807825086306,1.0,1738
tinybert-l2,trec-covid,temp_lodo,0.060000000000000005,0.6242807825086306,1.0,1738
tinybert-l2,trec-covid,temp_lodo,0.06999999999999999,0.6242807825086306,1.0,1738
tinybert-l2,trec-covid,temp_lodo,0.08,0.6242807825086306,1.0,1738
tinybert-l2,trec-covid,temp_lodo,0.09,0.6242807825086306,1.0,1738
tinybert-l2,trec-covid,temp_lodo,0.09999999999999999,0.6242807825086306,1.0,1738
tinybert-l2,trec-covid,temp_lodo,0.11,0.6242807825086306,1.0,1738
tinybert-l2,trec-covid,temp_lodo,0.12,0.6242807825086306,1.0,1738
tinybert-l2,trec-covid,temp_lodo,0.13,0.6242807825086306,1.0,1738
tinybert-l2,trec-covid,temp_lodo,0.14,0.6242807825086306,1.0,1738
tinybert-l2,trec-covid,temp_lodo,0.15000000000000002,0.6242807825086306,1.0,1738
tinybert-l2,trec-covid,temp_lodo,0.16,0.6242807825086306,1.0,1738
tinybert-l2,trec-covid,temp_lodo,0.17,0.6242807825086306,1.0,1738
tinybert-l2,trec-covid,temp_lodo,0.18000000000000002,0.6242807825086306,1.0,1738
tinybert-l2,trec-covid,temp_lodo,0.19,0.6242807825086306,1.0,1738
tinybert-l2,trec-covid,temp_lodo,0.2,0.6242807825086306,1.0,1738
tinybert-l2,trec-covid,temp_lodo,0.21000000000000002,0.6264434180138568,0.996547756041427,1732
tinybert-l2,trec-covid,temp_lodo,0.22,0.629435718440954,0.9890678941311852,1719
tinybert-l2,trec-covid,temp_lodo,0.23,0.6308411214953271,0.9850402761795167,1712
tinybert-l2,trec-covid,temp_lodo,0.24000000000000002,0.6312098188194039,0.9844649021864211,1711
tinybert-l2,trec-covid,temp_lodo,0.25,0.63347083087802,0.976409666283084,1697
tinybert-l2,trec-covid,temp_lodo,0.26,0.6356083086053412,0.9695051783659379,1685
tinybert-l2,trec-covid,temp_lodo,0.27,0.6356033452807647,0.9631760644418872,1674
tinybert-l2,trec-covid,temp_lodo,0.28,0.6379518072289156,0.9551208285385501,1660
tinybert-l2,trec-covid,temp_lodo,0.29000000000000004,0.6398305084745762,0.950517836593786,1652
tinybert-l2,trec-covid,temp_lodo,0.3,0.6429006703229738,0.9441887226697353,1641
tinybert-l2,trec-covid,temp_lodo,0.31,0.6443488943488943,0.9367088607594937,1628
tinybert-l2,trec-covid,temp_lodo,0.32,0.6476780185758514,0.929228998849252,1615
tinybert-l2,trec-covid,temp_lodo,0.33,0.6481597005614473,0.9223245109321059,1603
tinybert-l2,trec-covid,temp_lodo,0.34,0.6501256281407035,0.9159953970080552,1592
tinybert-l2,trec-covid,temp_lodo,0.35000000000000003,0.6541878172588832,0.906789413118527,1576
tinybert-l2,trec-covid,temp_lodo,0.36000000000000004,0.6572890025575447,0.8998849252013809,1564
tinybert-l2,trec-covid,temp_lodo,0.37,0.660656793303284,0.8935558112773303,1553
tinybert-l2,trec-covid,temp_lodo,0.38,0.6638381201044387,0.8814729574223246,1532
tinybert-l2,trec-covid,temp_lodo,0.39,0.6668861092824226,0.8739930955120828,1519
tinybert-l2,trec-covid,temp_lodo,0.4,0.6686626746506986,0.8647871116225546,1503
tinybert-l2,trec-covid,temp_lodo,0.41000000000000003,0.6709030100334448,0.8601841196777905,1495
tinybert-l2,trec-covid,temp_lodo,0.42000000000000004,0.6725304465493911,0.8504027617951668,1478
tinybert-l2,trec-covid,temp_lodo,0.43,0.673734610123119,0.8411967779056386,1462
tinybert-l2,trec-covid,temp_lodo,0.44,0.6782246879334258,0.8296892980437284,1442
tinybert-l2,trec-covid,temp_lodo,0.45,0.6832515767344078,0.8210586881472958,1427
tinybert-l2,trec-covid,temp_lodo,0.46,0.6902905740609497,0.8118527042577676,1411
tinybert-l2,trec-covid,temp_lodo,0.47000000000000003,0.6907142857142857,0.8055235903337169,1400
tinybert-l2,trec-covid,temp_lodo,0.48000000000000004,0.6950252343186734,0.7980437284234753,1387
tinybert-l2,trec-covid,temp_lodo,0.49,0.6967272727272728,0.7911392405063291,1375
tinybert-l2,trec-covid,temp_lodo,0.5,0.6997792494481236,0.7819332566168009,1359
tinybert-l2,trec-covid,temp_lodo,0.51,0.7049180327868853,0.7721518987341772,1342
tinybert-l2,trec-covid,temp_lodo,0.52,0.7073906485671192,0.762945914844649,1326
tinybert-l2,trec-covid,temp_lodo,0.53,0.7088414634146342,0.7548906789413119,1312
tinybert-l2,trec-covid,temp_lodo,0.54,0.7111969111969112,0.7451093210586881,1295
tinybert-l2,trec-covid,temp_lodo,0.55,0.71484375,0.7364787111622555,1280
tinybert-l2,trec-covid,temp_lodo,0.56,0.7167721518987342,0.7272727272727273,1264
tinybert-l2,trec-covid,temp_lodo,0.5700000000000001,0.7188755020080321,0.7163406214039125,1245
tinybert-l2,trec-covid,temp_lodo,0.5800000000000001,0.7208163265306122,0.7048331415420023,1225
tinybert-l2,trec-covid,temp_lodo,0.59,0.7252289758534555,0.69102416570771,1201
tinybert-l2,trec-covid,temp_lodo,0.6,0.7360754070265638,0.6714614499424626,1167
tinybert-l2,trec-covid,temp_lodo,0.61,0.7391688770999116,0.6507479861910241,1131
tinybert-l2,trec-covid,temp_lodo,0.62,0.7431693989071039,0.6317606444188723,1098
tinybert-l2,trec-covid,temp_lodo,0.63,0.7453183520599251,0.6144994246260069,1068
tinybert-l2,trec-covid,temp_lodo,0.64,0.751953125,0.5891829689298044,1024
tinybert-l2,trec-covid,temp_lodo,0.65,0.7628865979381443,0.5581127733026467,970
tinybert-l2,trec-covid,temp_lodo,0.66,0.7741228070175439,0.5247410817031071,912
tinybert-l2,trec-covid,temp_lodo,0.67,0.7918170878459687,0.4781357882623705,831
tinybert-l2,trec-covid,temp_lodo,0.68,0.7928286852589641,0.4332566168009206,753
tinybert-l2,trec-covid,temp_lodo,0.6900000000000001,0.8061068702290076,0.3768699654775604,655
tinybert-l2,trec-covid,temp_lodo,0.7000000000000001,0.8165467625899281,0.31990794016110474,556
tinybert-l2,trec-covid,temp_lodo,0.7100000000000001,0.8153153153153153,0.2554660529344074,444
tinybert-l2,trec-covid,temp_lodo,0.72,0.82,0.20138089758342922,350
tinybert-l2,trec-covid,temp_lodo,0.73,0.8250950570342205,0.15132336018411968,263
tinybert-l2,trec-covid,temp_lodo,0.74,0.8154761904761905,0.09666283084004602,168
tinybert-l2,trec-covid,temp_lodo,0.75,0.7931034482758621,0.0667433831990794,116
tinybert-l2,trec-covid,temp_lodo,0.76,0.8307692307692308,0.037399309551208286,65
tinybert-l2,trec-covid,temp_lodo,0.77,,0.014959723820483314,26
tinybert-l2,trec-covid,temp_lodo,0.78,,0.006329113924050633,11
tinybert-l2,trec-covid,temp_lodo,0.79,,0.0,0
tinybert-l2,trec-covid,temp_lodo,0.8,,0.0,0
tinybert-l2,trec-covid,temp_lodo,0.81,,0.0,0
tinybert-l2,trec-covid,temp_lodo,0.8200000000000001,,0.0,0
tinybert-l2,trec-covid,temp_lodo,0.8300000000000001,,0.0,0
tinybert-l2,trec-covid,temp_lodo,0.8400000000000001,,0.0,0
tinybert-l2,trec-covid,temp_lodo,0.85,,0.0,0
tinybert-l2,trec-covid,temp_lodo,0.86,,0.0,0
tinybert-l2,trec-covid,temp_lodo,0.87,,0.0,0
tinybert-l2,trec-covid,temp_lodo,0.88,,0.0,0
tinybert-l2,trec-covid,temp_lodo,0.89,,0.0,0
tinybert-l2,trec-covid,temp_lodo,0.9,,0.0,0
tinybert-l2,trec-covid,temp_lodo,0.91,,0.0,0
tinybert-l2,trec-covid,temp_lodo,0.92,,0.0,0
tinybert-l2,trec-covid,temp_lodo,0.93,,0.0,0
tinybert-l2,trec-covid,temp_lodo,0.9400000000000001,,0.0,0
tinybert-l2,trec-covid,temp_lodo,0.9500000000000001,,0.0,0
tinybert-l2,trec-covid,temp_lodo,0.9600000000000001,,0.0,0
tinybert-l2,trec-covid,temp_lodo,0.97,,0.0,0
tinybert-l2,trec-covid,temp_lodo,0.98,,0.0,0
tinybert-l2,trec-covid,temp_lodo,0.99,,0.0,0
tinybert-l2,trec-dl-2019,raw,0.01,0.3920704845814978,0.7875108412836079,1816
tinybert-l2,trec-dl-2019,raw,0.02,0.4040345821325648,0.7523850823937555,1735
tinybert-l2,trec-dl-2019,raw,0.03,0.41088516746411485,0.7250650477016479,1672
tinybert-l2,trec-dl-2019,raw,0.04,0.41473812423873324,0.7120555073720729,1642
tinybert-l2,trec-dl-2019,raw,0.05,0.41815935762816553,0.702081526452732,1619
tinybert-l2,trec-dl-2019,raw,0.060000000000000005,0.4226415094339623,0.6895056374674762,1590
tinybert-l2,trec-dl-2019,raw,0.06999999999999999,0.4256670902160102,0.6825672159583694,1574
tinybert-l2,trec-dl-2019,raw,0.08,0.42710997442455245,0.6782307025151778,1564
tinybert-l2,trec-dl-2019,raw,0.09,0.42958656330749356,0.6712922810060711,1548
tinybert-l2,trec-dl-2019,raw,0.09999999999999999,0.4319218241042345,0.665654813529922,1535
tinybert-l2,trec-dl-2019,raw,0.11,0.4340118187787262,0.660450997398092,1523
tinybert-l2,trec-dl-2019,raw,0.12,0.43613500992720056,0.6552471812662619,1511
tinybert-l2,trec-dl-2019,raw,0.13,0.43733333333333335,0.6504770164787511,1500
tinybert-l2,trec-dl-2019,raw,0.14,0.4389261744966443,0.6461405030355594,1490
tinybert-l2,trec-dl-2019,raw,0.15000000000000002,0.44129554655870445,0.6426712922810061,1482
tinybert-l2,trec-dl-2019,raw,0.16,0.4416553595658073,0.6392020815264527,1474
tinybert-l2,trec-dl-2019,raw,0.17,0.44201909959072305,0.6357328707718994,1466
tinybert-l2,trec-dl-2019,raw,0.18000000000000002,0.4441398217957505,0.6326973113616652,1459
tinybert-l2,trec-dl-2019,raw,0.19,0.4445210199862164,0.6292281006071119,1451
tinybert-l2,trec-dl-2019,raw,0.2,0.44505874222529374,0.6274934952298352,1447
tinybert-l2,trec-dl-2019,raw,0.21000000000000002,0.44692737430167595,0.6209887250650477,1432
tinybert-l2,trec-dl-2019,raw,0.22,0.44655414908579466,0.616652211621856,1422
tinybert-l2,trec-dl-2019,raw,0.23,0.4477401129943503,0.614050303555941,1416
tinybert-l2,trec-dl-2019,raw,0.24000000000000002,0.44861800141743446,0.6118820468343452,1411
tinybert-l2,trec-dl-2019,raw,0.25,0.45,0.6071118820468343,1400
tinybert-l2,trec-dl-2019,raw,0.26,0.45147375988497485,0.6032090199479618,1391
tinybert-l2,trec-dl-2019,raw,0.27,0.4531024531024531,0.601040763226366,1386
tinybert-l2,trec-dl-2019,raw,0.28,0.45540246555474984,0.5980052038161319,1379
tinybert-l2,trec-dl-2019,raw,0.29000000000000004,0.45633187772925765,0.5958369470945359,1374
tinybert-l2,trec-dl-2019,raw,0.3,0.45699708454810495,0.5949696444058976,1372
tinybert-l2,trec-dl-2019,raw,0.31,0.45787545787545786,0.5919340849956635,1365
tinybert-l2,trec-dl-2019,raw,0.32,0.45842531272994846,0.5893321769297485,1359
tinybert-l2,trec-dl-2019,raw,0.33,0.4585185185185185,0.585429314830876,1350
tinybert-l2,trec-dl-2019,raw,0.34,0.46004480955937266,0.5806591500433651,1339
tinybert-l2,trec-dl-2019,raw,0.35000000000000003,0.45986496624156037,0.5780572419774501,1333
tinybert-l2,trec-dl-2019,raw,0.36000000000000004,0.4589299171062547,0.5754553339115351,1327
tinybert-l2,trec-dl-2019,raw,0.37,0.4603174603174603,0.5737207285342585,1323
tinybert-l2,trec-dl-2019,raw,0.38,0.46060606060606063,0.572419774501301,1320
tinybert-l2,trec-dl-2019,raw,0.39,0.4612462006079027,0.5706851691240243,1316
tinybert-l2,trec-dl-2019,raw,0.4,0.4625382262996942,0.5672159583694709,1308
tinybert-l2,trec-dl-2019,raw,0.41000000000000003,0.46248085758039814,0.5663486556808326,1306
tinybert-l2,trec-dl-2019,raw,0.42000000000000004,0.46384615384615385,0.5637467476149176,1300
tinybert-l2,trec-dl-2019,raw,0.43,0.4648105181747873,0.5607111882046835,1293
tinybert-l2,trec-dl-2019,raw,0.44,0.4662004662004662,0.5581092801387685,1287
tinybert-l2,trec-dl-2019,raw,0.45,0.46489859594383776,0.5559410234171726,1282
tinybert-l2,trec-dl-2019,raw,0.46,0.46489859594383776,0.5559410234171726,1282
tinybert-l2,trec-dl-2019,raw,0.47000000000000003,0.4659890539483972,0.5546400693842151,1279
tinybert-l2,trec-dl-2019,raw,0.48000000000000004,0.4663009404388715,0.5533391153512576,1276
tinybert-l2,trec-dl-2019,raw,0.49,0.4661949685534591,0.5516045099739809,1272
tinybert-l2,trec-dl-2019,raw,0.5,0.4665090622537431,0.5503035559410234,1269
tinybert-l2,trec-dl-2019,raw,0.51,0.466403162055336,0.5485689505637468,1265
tinybert-l2,trec-dl-2019,raw,0.52,0.4655581947743468,0.5477016478751084,1263
tinybert-l2,trec-dl-2019,raw,0.53,0.4658730158730159,0.546400693842151,1260
tinybert-l2,trec-dl-2019,raw,0.54,0.46645367412140576,0.5429314830875975,1252
tinybert-l2,trec-dl-2019,raw,0.55,0.46752205292702487,0.5407632263660017,1247
tinybert-l2,trec-dl-2019,raw,0.56,0.4694041867954911,0.5385949696444059,1242
tinybert-l2,trec-dl-2019,raw,0.5700000000000001,0.4705407586763519,0.5372940156114484,1239
tinybert-l2,trec-dl-2019,raw,0.5800000000000001,0.47049312853678255,0.5364267129228101,1237
tinybert-l2,trec-dl-2019,raw,0.59,0.4700162074554295,0.5351257588898526,1234
tinybert-l2,trec-dl-2019,raw,0.6,0.4715447154471545,0.5333911535125759,1230
tinybert-l2,trec-dl-2019,raw,0.61,0.47145187601957583,0.5316565481352992,1226
tinybert-l2,trec-dl-2019,raw,0.62,0.47174447174447176,0.5294882914137033,1221
tinybert-l2,trec-dl-2019,raw,0.63,0.4748557295960429,0.52601908065915,1213
tinybert-l2,trec-dl-2019,raw,0.64,0.47642679900744417,0.5242844752818734,1209
tinybert-l2,trec-dl-2019,raw,0.65,0.4775747508305648,0.5221162185602776,1204
tinybert-l2,trec-dl-2019,raw,0.66,0.4791666666666667,0.5203816131830009,1200
tinybert-l2,trec-dl-2019,raw,0.67,0.4803675856307435,0.5190806591500433,1197
tinybert-l2,trec-dl-2019,raw,0.68,0.4831365935919056,0.5143104943625325,1186
tinybert-l2,trec-dl-2019,raw,0.6900000000000001,0.48436179205409974,0.513009540329575,1183
tinybert-l2,trec-dl-2019,raw,0.7000000000000001,0.48559322033898306,0.5117085862966175,1180
tinybert-l2,trec-dl-2019,raw,0.7100000000000001,0.4868085106382979,0.5095403295750217,1175
tinybert-l2,trec-dl-2019,raw,0.72,0.4892887746358183,0.5060711188204683,1167
tinybert-l2,trec-dl-2019,raw,0.73,0.48881239242685026,0.5039028620988725,1162
tinybert-l2,trec-dl-2019,raw,0.74,0.48961937716262977,0.5013009540329575,1156
tinybert-l2,trec-dl-2019,raw,0.75,0.4917319408181027,0.49826539462272335,1149
tinybert-l2,trec-dl-2019,raw,0.76,0.49122807017543857,0.4943625325238508,1140
tinybert-l2,trec-dl-2019,raw,0.77,0.4916446789797713,0.4930615784908933,1137
tinybert-l2,trec-dl-2019,raw,0.78,0.49381625441696114,0.4908933217692975,1132
tinybert-l2,trec-dl-2019,raw,0.79,0.4977738201246661,0.486990459670425,1123
tinybert-l2,trec-dl-2019,raw,0.8,0.4981981981981982,0.4813529921942758,1110
tinybert-l2,trec-dl-2019,raw,0.81,0.49773345421577514,0.47831743278404165,1103
tinybert-l2,trec-dl-2019,raw,0.8200000000000001,0.5,0.47528187337380745,1096
tinybert-l2,trec-dl-2019,raw,0.8300000000000001,0.5009174311926605,0.47267996530789247,1090
tinybert-l2,trec-dl-2019,raw,0.8400000000000001,0.5023041474654378,0.4705117085862966,1085
tinybert-l2,trec-dl-2019,raw,0.85,0.5046468401486989,0.4666088464874241,1076
tinybert-l2,trec-dl-2019,raw,0.86,0.5089369708372531,0.46097137901127494,1063
tinybert-l2,trec-dl-2019,raw,0.87,0.5099904852521409,0.4557675628794449,1051
tinybert-l2,trec-dl-2019,raw,0.88,0.5114942528735632,0.4527320034692108,1044
tinybert-l2,trec-dl-2019,raw,0.89,0.511605415860735,0.4483954900260191,1034
tinybert-l2,trec-dl-2019,raw,0.9,0.5116731517509727,0.4457935819601041,1028
tinybert-l2,trec-dl-2019,raw,0.91,0.5132223310479922,0.4427580225498699,1021
tinybert-l2,trec-dl-2019,raw,0.92,0.5154228855721393,0.4358196010407632,1005
tinybert-l2,trec-dl-2019,raw,0.93,0.5182186234817814,0.4284475281873374,988
tinybert-l2,trec-dl-2019,raw,0.9400000000000001,0.5205338809034907,0.42237640936686904,974
tinybert-l2,trec-dl-2019,raw,0.9500000000000001,0.5246589716684156,0.4132697311361665,953
tinybert-l2,trec-dl-2019,raw,0.9600000000000001,0.5277475516866159,0.3985255854293148,919
tinybert-l2,trec-dl-2019,raw,0.97,0.5325842696629214,0.38594969644405897,890
tinybert-l2,trec-dl-2019,raw,0.98,0.5377358490566038,0.3677363399826539,848
tinybert-l2,trec-dl-2019,raw,0.99,0.54521625163827,0.33087597571552474,763
tinybert-l2,trec-dl-2019,temp,0.01,0.34952298352124894,1.0,2306
tinybert-l2,trec-dl-2019,temp,0.02,0.34952298352124894,1.0,2306
tinybert-l2,trec-dl-2019,temp,0.03,0.34952298352124894,1.0,2306
tinybert-l2,trec-dl-2019,temp,0.04,0.34952298352124894,1.0,2306
tinybert-l2,trec-dl-2019,temp,0.05,0.34952298352124894,1.0,2306
tinybert-l2,trec-dl-2019,temp,0.060000000000000005,0.34952298352124894,1.0,2306
tinybert-l2,trec-dl-2019,temp,0.06999999999999999,0.34952298352124894,1.0,2306
tinybert-l2,trec-dl-2019,temp,0.08,0.34952298352124894,1.0,2306
tinybert-l2,trec-dl-2019,temp,0.09,0.34952298352124894,1.0,2306
tinybert-l2,trec-dl-2019,temp,0.09999999999999999,0.34952298352124894,1.0,2306
tinybert-l2,trec-dl-2019,temp,0.11,0.34952298352124894,1.0,2306
tinybert-l2,trec-dl-2019,temp,0.12,0.34952298352124894,1.0,2306
tinybert-l2,trec-dl-2019,temp,0.13,0.34952298352124894,1.0,2306
tinybert-l2,trec-dl-2019,temp,0.14,0.34952298352124894,1.0,2306
tinybert-l2,trec-dl-2019,temp,0.15000000000000002,0.34952298352124894,1.0,2306
tinybert-l2,trec-dl-2019,temp,0.16,0.34952298352124894,1.0,2306
tinybert-l2,trec-dl-2019,temp,0.17,0.34952298352124894,1.0,2306
tinybert-l2,trec-dl-2019,temp,0.18000000000000002,0.34952298352124894,1.0,2306
tinybert-l2,trec-dl-2019,temp,0.19,0.34952298352124894,1.0,2306
tinybert-l2,trec-dl-2019,temp,0.2,0.34952298352124894,1.0,2306
tinybert-l2,trec-dl-2019,temp,0.21000000000000002,0.350739773716275,0.9965307892454467,2298
tinybert-l2,trec-dl-2019,temp,0.22,0.3522727272727273,0.9921942758022549,2288
tinybert-l2,trec-dl-2019,temp,0.23,0.3545253863134658,0.9822202948829142,2265
tinybert-l2,trec-dl-2019,temp,0.24000000000000002,0.355011135857461,0.9735472679965308,2245
tinybert-l2,trec-dl-2019,temp,0.25,0.35743334839584273,0.9596704249783174,2213
tinybert-l2,trec-dl-2019,temp,0.26,0.3595248972133394,0.9492627927146574,2189
tinybert-l2,trec-dl-2019,temp,0.27,0.3612395929694727,0.9375542064180399,2162
tinybert-l2,trec-dl-2019,temp,0.28,0.36397748592870544,0.9245446660884649,2132
tinybert-l2,trec-dl-2019,temp,0.29000000000000004,0.3678707224334601,0.9124024284475282,2104
tinybert-l2,trec-dl-2019,temp,0.3,0.3710298363811357,0.9011274934952298,2078
tinybert-l2,trec-dl-2019,temp,0.31,0.3734703866862457,0.885949696444059,2043
tinybert-l2,trec-dl-2019,temp,0.32,0.37624254473161034,0.8725065047701648,2012
tinybert-l2,trec-dl-2019,temp,0.33,0.37847397675593736,0.8581960104076323,1979
tinybert-l2,trec-dl-2019,temp,0.34,0.3834976647638817,0.8356461405030355,1927
tinybert-l2,trec-dl-2019,temp,0.35000000000000003,0.38547189819724287,0.8178664353859497,1886
tinybert-l2,trec-dl-2019,temp,0.36000000000000004,0.3889190657251494,0.7983521248915871,1841
tinybert-l2,trec-dl-2019,temp,0.37,0.39337016574585637,0.784908933217693,1810
tinybert-l2,trec-dl-2019,temp,0.38,0.3988668555240793,0.7653946227233305,1765
tinybert-l2,trec-dl-2019,temp,0.39,0.40686845168800934,0.7450130095403296,1718
tinybert-l2,trec-dl-2019,temp,0.4,0.4118705035971223,0.7233304423243712,1668
tinybert-l2,trec-dl-2019,temp,0.41000000000000003,0.41630901287553645,0.707285342584562,1631
tinybert-l2,trec-dl-2019,temp,0.42000000000000004,0.42317380352644834,0.6886383347788378,1588
tinybert-l2,trec-dl-2019,temp,0.43,0.42838792549775206,0.6751951431049437,1557
tinybert-l2,trec-dl-2019,temp,0.44,0.43535620052770446,0.6574154379878577,1516
tinybert-l2,trec-dl-2019,temp,0.45,0.44181326116373476,0.6409366869037294,1478
tinybert-l2,trec-dl-2019,temp,0.46,0.44645340751043117,0.6235906331309627,1438
tinybert-l2,trec-dl-2019,temp,0.47000000000000003,0.45244956772334294,0.6019080659150043,1388
tinybert-l2,trec-dl-2019,temp,0.48000000000000004,0.45907738095238093,0.5828274067649609,1344
tinybert-l2,trec-dl-2019,temp,0.49,0.4635456638526477,0.5650477016478751,1303
tinybert-l2,trec-dl-2019,temp,0.5,0.4665090622537431,0.5503035559410234,1269
tinybert-l2,trec-dl-2019,temp,0.51,0.47049312853678255,0.5364267129228101,1237
tinybert-l2,trec-dl-2019,temp,0.52,0.4791666666666667,0.5203816131830009,1200
tinybert-l2,trec-dl-2019,temp,0.53,0.4892334194659776,0.5034692107545533,1161
tinybert-l2,trec-dl-2019,temp,0.54,0.49865229110512127,0.4826539462272333,1113
tinybert-l2,trec-dl-2019,temp,0.55,0.5037037037037037,0.4683434518647008,1080
tinybert-l2,trec-dl-2019,temp,0.56,0.5110896817743491,0.4496964440589766,1037
tinybert-l2,trec-dl-2019,temp,0.5700000000000001,0.5133267522211253,0.4392888117953166,1013
tinybert-l2,trec-dl-2019,temp,0.5800000000000001,0.5209825997952917,0.42367736339982653,977
tinybert-l2,trec-dl-2019,temp,0.59,0.5257510729613734,0.404163052905464,932
tinybert-l2,trec-dl-2019,temp,0.6,0.5318435754189944,0.38811795316565484,895
tinybert-l2,trec-dl-2019,temp,0.61,0.5353418308227115,0.37424111014744144,863
tinybert-l2,trec-dl-2019,temp,0.62,0.5390243902439025,0.35559410234171723,820
tinybert-l2,trec-dl-2019,temp,0.63,0.5458064516129032,0.3360797918473547,775
tinybert-l2,trec-dl-2019,temp,0.64,0.5513888888888889,0.31222896790980054,720
tinybert-l2,trec-dl-2019,temp,0.65,0.5605381165919282,0.29011274934952297,669
tinybert-l2,trec-dl-2019,temp,0.66,0.5749185667752443,0.2662619254119688,614
tinybert-l2,trec-dl-2019,temp,0.67,0.5821428571428572,0.24284475281873374,560
tinybert-l2,trec-dl-2019,temp,0.68,0.5924453280318092,0.2181266261925412,503
tinybert-l2,trec-dl-2019,temp,0.6900000000000001,0.6222222222222222,0.19514310494362533,450
tinybert-l2,trec-dl-2019,temp,0.7000000000000001,0.656,0.16261925411968778,375
tinybert-l2,trec-dl-2019,temp,0.7100000000000001,0.6825396825396826,0.13660017346053774,315
tinybert-l2,trec-dl-2019,temp,0.72,0.6981132075471698,0.11491760624457936,265
tinybert-l2,trec-dl-2019,temp,0.73,0.7286432160804021,0.08629661751951431,199
tinybert-l2,trec-dl-2019,temp,0.74,0.7464788732394366,0.06157849089332177,142
tinybert-l2,trec-dl-2019,temp,0.75,0.7272727272727273,0.03816131830008673,88
tinybert-l2,trec-dl-2019,temp,0.76,0.6521739130434783,0.0199479618386817,46
tinybert-l2,trec-dl-2019,temp,0.77,,0.006504770164787511,15
tinybert-l2,trec-dl-2019,temp,0.78,,0.0026019080659150044,6
tinybert-l2,trec-dl-2019,temp,0.79,,0.0,0
tinybert-l2,trec-dl-2019,temp,0.8,,0.0,0
tinybert-l2,trec-dl-2019,temp,0.81,,0.0,0
tinybert-l2,trec-dl-2019,temp,0.8200000000000001,,0.0,0
tinybert-l2,trec-dl-2019,temp,0.8300000000000001,,0.0,0
tinybert-l2,trec-dl-2019,temp,0.8400000000000001,,0.0,0
tinybert-l2,trec-dl-2019,temp,0.85,,0.0,0
tinybert-l2,trec-dl-2019,temp,0.86,,0.0,0
tinybert-l2,trec-dl-2019,temp,0.87,,0.0,0
tinybert-l2,trec-dl-2019,temp,0.88,,0.0,0
tinybert-l2,trec-dl-2019,temp,0.89,,0.0,0
tinybert-l2,trec-dl-2019,temp,0.9,,0.0,0
tinybert-l2,trec-dl-2019,temp,0.91,,0.0,0
tinybert-l2,trec-dl-2019,temp,0.92,,0.0,0
tinybert-l2,trec-dl-2019,temp,0.93,,0.0,0
tinybert-l2,trec-dl-2019,temp,0.9400000000000001,,0.0,0
tinybert-l2,trec-dl-2019,temp,0.9500000000000001,,0.0,0
tinybert-l2,trec-dl-2019,temp,0.9600000000000001,,0.0,0
tinybert-l2,trec-dl-2019,temp,0.97,,0.0,0
tinybert-l2,trec-dl-2019,temp,0.98,,0.0,0
tinybert-l2,trec-dl-2019,temp,0.99,,0.0,0
tinybert-l2,trec-dl-2019,platt,0.01,0.34952298352124894,1.0,2306
tinybert-l2,trec-dl-2019,platt,0.02,0.34952298352124894,1.0,2306
tinybert-l2,trec-dl-2019,platt,0.03,0.34952298352124894,1.0,2306
tinybert-l2,trec-dl-2019,platt,0.04,0.34952298352124894,1.0,2306
tinybert-l2,trec-dl-2019,platt,0.05,0.34952298352124894,1.0,2306
tinybert-l2,trec-dl-2019,platt,0.060000000000000005,0.35119825708061003,0.9952298352124892,2295
tinybert-l2,trec-dl-2019,platt,0.06999999999999999,0.3547103051747015,0.9804856895056374,2261
tinybert-l2,trec-dl-2019,platt,0.08,0.35743334839584273,0.9596704249783174,2213
tinybert-l2,trec-dl-2019,platt,0.09,0.360867558837102,0.9397224631396357,2167
tinybert-l2,trec-dl-2019,platt,0.09999999999999999,0.3652214891611687,0.9202081526452732,2122
tinybert-l2,trec-dl-2019,platt,0.11,0.37060240963855423,0.8998265394622723,2075
tinybert-l2,trec-dl-2019,platt,0.12,0.37462981243830207,0.8785776235906332,2026
tinybert-l2,trec-dl-2019,platt,0.13,0.37847397675593736,0.8581960104076323,1979
tinybert-l2,trec-dl-2019,platt,0.14,0.3843342036553525,0.8304423243712056,1915
tinybert-l2,trec-dl-2019,platt,0.15000000000000002,0.38855909336211547,0.8035559410234172,1853
tinybert-l2,trec-dl-2019,platt,0.16,0.392719249862107,0.7862098872506504,1813
tinybert-l2,trec-dl-2019,platt,0.17,0.40011383039271486,0.761925411968777,1757
tinybert-l2,trec-dl-2019,platt,0.18000000000000002,0.40705882352941175,0.7372072853425846,1700
tinybert-l2,trec-dl-2019,platt,0.19,0.4134382566585956,0.7163920208152645,1652
tinybert-l2,trec-dl-2019,platt,0.2,0.4195152268489745,0.6977450130095403,1609
tinybert-l2,trec-dl-2019,platt,0.21000000000000002,0.4262922782386726,0.6795316565481353,1567
tinybert-l2,trec-dl-2019,platt,0.22,0.43287491814014406,0.6621856027753686,1527
tinybert-l2,trec-dl-2019,platt,0.23,0.4392209536601746,0.6457068516912402,1489
tinybert-l2,trec-dl-2019,platt,0.24000000000000002,0.44421487603305787,0.629661751951431,1452
tinybert-l2,trec-dl-2019,platt,0.25,0.44861800141743446,0.6118820468343452,1411
tinybert-l2,trec-dl-2019,platt,0.26,0.4579370885149963,0.5928013876843018,1367
tinybert-l2,trec-dl-2019,platt,0.27,0.46060606060606063,0.572419774501301,1320
tinybert-l2,trec-dl-2019,platt,0.28,0.46489859594383776,0.5559410234171726,1282
tinybert-l2,trec-dl-2019,platt,0.29000000000000004,0.4655035685963521,0.5468343451864701,1261
tinybert-l2,trec-dl-2019,platt,0.3,0.471161657189277,0.5338248048568951,1231
tinybert-l2,trec-dl-2019,platt,0.31,0.4791666666666667,0.5203816131830009,1200
tinybert-l2,trec-dl-2019,platt,0.32,0.4896907216494845,0.5047701647875108,1164
tinybert-l2,trec-dl-2019,platt,0.33,0.49251101321585905,0.492194275802255,1135
tinybert-l2,trec-dl-2019,platt,0.34,0.5,0.47528187337380745,1096
tinybert-l2,trec-dl-2019,platt,0.35000000000000003,0.5074766355140187,0.4640069384215091,1070
tinybert-l2,trec-dl-2019,platt,0.36000000000000004,0.5115830115830116,0.4492627927146574,1036
tinybert-l2,trec-dl-2019,platt,0.37,0.5132223310479922,0.4427580225498699,1021
tinybert-l2,trec-dl-2019,platt,0.38,0.5176589303733602,0.4297484822202949,991
tinybert-l2,trec-dl-2019,platt,0.39,0.5216942148760331,0.419774501300954,968
tinybert-l2,trec-dl-2019,platt,0.4,0.5257510729613734,0.404163052905464,932
tinybert-l2,trec-dl-2019,platt,0.41000000000000003,0.5310421286031042,0.391153512575889,902
tinybert-l2,trec-dl-2019,platt,0.42000000000000004,0.5346197502837684,0.3820468343451865,881
tinybert-l2,trec-dl-2019,platt,0.43,0.5348837209302325,0.37294015611448394,860
tinybert-l2,trec-dl-2019,platt,0.44,0.538647342995169,0.3590633130962706,828
tinybert-l2,trec-dl-2019,platt,0.45,0.539622641509434,0.3447528187337381,795
tinybert-l2,trec-dl-2019,platt,0.46,0.5455729166666666,0.33304423243712056,768
tinybert-l2,trec-dl-2019,platt,0.47000000000000003,0.551440329218107,0.316131830008673,729
tinybert-l2,trec-dl-2019,platt,0.48000000000000004,0.5542857142857143,0.30355594102341715,700
tinybert-l2,trec-dl-2019,platt,0.49,0.5627836611195158,0.28664353859496966,661
tinybert-l2,trec-dl-2019,platt,0.5,0.571656050955414,0.2723330442324371,628
tinybert-l2,trec-dl-2019,platt,0.51,0.5778894472361809,0.2588898525585429,597
tinybert-l2,trec-dl-2019,platt,0.52,0.5809352517985612,0.24111014744145706,556
tinybert-l2,trec-dl-2019,platt,0.53,0.5884615384615385,0.22549869904596703,520
tinybert-l2,trec-dl-2019,platt,0.54,0.6065573770491803,0.21162185602775369,488
tinybert-l2,trec-dl-2019,platt,0.55,0.618421052631579,0.19774501300954034,456
tinybert-l2,trec-dl-2019,platt,0.56,0.6326034063260341,0.1782307025151778,411
tinybert-l2,trec-dl-2019,platt,0.5700000000000001,0.6666666666666666,0.15871639202081528,366
tinybert-l2,trec-dl-2019,platt,0.5800000000000001,0.6840490797546013,0.14137033824804857,326
tinybert-l2,trec-dl-2019,platt,0.59,0.6891891891891891,0.12836079791847355,296
tinybert-l2,trec-dl-2019,platt,0.6,0.6981132075471698,0.11491760624457936,265
tinybert-l2,trec-dl-2019,platt,0.61,0.7174887892376681,0.09670424978317432,223
tinybert-l2,trec-dl-2019,platt,0.62,0.7393617021276596,0.08152645273200347,188
tinybert-l2,trec-dl-2019,platt,0.63,0.7421383647798742,0.06895056374674761,159
tinybert-l2,trec-dl-2019,platt,0.64,0.725,0.05203816131830009,120
tinybert-l2,trec-dl-2019,platt,0.65,0.7272727272727273,0.03816131830008673,88
tinybert-l2,trec-dl-2019,platt,0.66,0.6779661016949152,0.025585429314830876,59
tinybert-l2,trec-dl-2019,platt,0.67,0.5945945945945946,0.016045099739809193,37
tinybert-l2,trec-dl-2019,platt,0.68,,0.009540329575021683,22
tinybert-l2,trec-dl-2019,platt,0.6900000000000001,,0.005637467476149176,13
tinybert-l2,trec-dl-2019,platt,0.7000000000000001,,0.003469210754553339,8
tinybert-l2,trec-dl-2019,platt,0.7100000000000001,,0.0013009540329575022,3
tinybert-l2,trec-dl-2019,platt,0.72,,0.0,0
tinybert-l2,trec-dl-2019,platt,0.73,,0.0,0
tinybert-l2,trec-dl-2019,platt,0.74,,0.0,0
tinybert-l2,trec-dl-2019,platt,0.75,,0.0,0
tinybert-l2,trec-dl-2019,platt,0.76,,0.0,0
tinybert-l2,trec-dl-2019,platt,0.77,,0.0,0
tinybert-l2,trec-dl-2019,platt,0.78,,0.0,0
tinybert-l2,trec-dl-2019,platt,0.79,,0.0,0
tinybert-l2,trec-dl-2019,platt,0.8,,0.0,0
tinybert-l2,trec-dl-2019,platt,0.81,,0.0,0
tinybert-l2,trec-dl-2019,platt,0.8200000000000001,,0.0,0
tinybert-l2,trec-dl-2019,platt,0.8300000000000001,,0.0,0
tinybert-l2,trec-dl-2019,platt,0.8400000000000001,,0.0,0
tinybert-l2,trec-dl-2019,platt,0.85,,0.0,0
tinybert-l2,trec-dl-2019,platt,0.86,,0.0,0
tinybert-l2,trec-dl-2019,platt,0.87,,0.0,0
tinybert-l2,trec-dl-2019,platt,0.88,,0.0,0
tinybert-l2,trec-dl-2019,platt,0.89,,0.0,0
tinybert-l2,trec-dl-2019,platt,0.9,,0.0,0
tinybert-l2,trec-dl-2019,platt,0.91,,0.0,0
tinybert-l2,trec-dl-2019,platt,0.92,,0.0,0
tinybert-l2,trec-dl-2019,platt,0.93,,0.0,0
tinybert-l2,trec-dl-2019,platt,0.9400000000000001,,0.0,0
tinybert-l2,trec-dl-2019,platt,0.9500000000000001,,0.0,0
tinybert-l2,trec-dl-2019,platt,0.9600000000000001,,0.0,0
tinybert-l2,trec-dl-2019,platt,0.97,,0.0,0
tinybert-l2,trec-dl-2019,platt,0.98,,0.0,0
tinybert-l2,trec-dl-2019,platt,0.99,,0.0,0
tinybert-l2,trec-dl-2019,iso,0.01,0.3548958794860434,0.9787510841283608,2257
tinybert-l2,trec-dl-2019,iso,0.02,0.3546099290780142,0.9783174327840416,2256
tinybert-l2,trec-dl-2019,iso,0.03,0.3546099290780142,0.9783174327840416,2256
tinybert-l2,trec-dl-2019,iso,0.04,0.3546099290780142,0.9783174327840416,2256
tinybert-l2,trec-dl-2019,iso,0.05,0.3546099290780142,0.9783174327840416,2256
tinybert-l2,trec-dl-2019,iso,0.060000000000000005,0.35476718403547675,0.9778837814397224,2255
tinybert-l2,trec-dl-2019,iso,0.06999999999999999,0.354924578527063,0.9774501300954033,2254
tinybert-l2,trec-dl-2019,iso,0.08,0.3562753036437247,0.9640069384215091,2223
tinybert-l2,trec-dl-2019,iso,0.09,0.3562753036437247,0.9640069384215091,2223
tinybert-l2,trec-dl-2019,iso,0.09999999999999999,0.3562753036437247,0.9640069384215091,2223
tinybert-l2,trec-dl-2019,iso,0.11,0.3562753036437247,0.9640069384215091,2223
tinybert-l2,trec-dl-2019,iso,0.12,0.3564356435643564,0.9635732870771899,2222
tinybert-l2,trec-dl-2019,iso,0.13,0.3564356435643564,0.9635732870771899,2222
tinybert-l2,trec-dl-2019,iso,0.14,0.3564356435643564,0.9635732870771899,2222
tinybert-l2,trec-dl-2019,iso,0.15000000000000002,0.3564356435643564,0.9635732870771899,2222
tinybert-l2,trec-dl-2019,iso,0.16,0.4132930513595166,0.717692974848222,1655
tinybert-l2,trec-dl-2019,iso,0.17,0.4132930513595166,0.717692974848222,1655
tinybert-l2,trec-dl-2019,iso,0.18000000000000002,0.4132930513595166,0.717692974848222,1655
tinybert-l2,trec-dl-2019,iso,0.19,0.4132930513595166,0.717692974848222,1655
tinybert-l2,trec-dl-2019,iso,0.2,0.42237586423632933,0.6899392888117953,1591
tinybert-l2,trec-dl-2019,iso,0.21000000000000002,0.4498567335243553,0.6053772766695577,1396
tinybert-l2,trec-dl-2019,iso,0.22,0.45017921146953405,0.6049436253252385,1395
tinybert-l2,trec-dl-2019,iso,0.23,0.47049312853678255,0.5364267129228101,1237
tinybert-l2,trec-dl-2019,iso,0.24000000000000002,0.47049312853678255,0.5364267129228101,1237
tinybert-l2,trec-dl-2019,iso,0.25,0.47049312853678255,0.5364267129228101,1237
tinybert-l2,trec-dl-2019,iso,0.26,0.47049312853678255,0.5364267129228101,1237
tinybert-l2,trec-dl-2019,iso,0.27,0.47049312853678255,0.5364267129228101,1237
tinybert-l2,trec-dl-2019,iso,0.28,0.47049312853678255,0.5364267129228101,1237
tinybert-l2,trec-dl-2019,iso,0.29000000000000004,0.48436179205409974,0.513009540329575,1183
tinybert-l2,trec-dl-2019,iso,0.3,0.48436179205409974,0.513009540329575,1183
tinybert-l2,trec-dl-2019,iso,0.31,0.5018450184501845,0.47007805724197743,1084
tinybert-l2,trec-dl-2019,iso,0.32,0.5023084025854109,0.46964440589765827,1083
tinybert-l2,trec-dl-2019,iso,0.33,0.5023084025854109,0.46964440589765827,1083
tinybert-l2,trec-dl-2019,iso,0.34,0.5041705282669138,0.4679098005203816,1079
tinybert-l2,trec-dl-2019,iso,0.35000000000000003,0.5041705282669138,0.4679098005203816,1079
tinybert-l2,trec-dl-2019,iso,0.36000000000000004,0.5041705282669138,0.4679098005203816,1079
tinybert-l2,trec-dl-2019,iso,0.37,0.5041705282669138,0.4679098005203816,1079
tinybert-l2,trec-dl-2019,iso,0.38,0.5041705282669138,0.4679098005203816,1079
tinybert-l2,trec-dl-2019,iso,0.39,0.512218963831867,0.44362532523850823,1023
tinybert-l2,trec-dl-2019,iso,0.4,0.5806451612903226,0.2419774501300954,558
tinybert-l2,trec-dl-2019,iso,0.41000000000000003,0.5806451612903226,0.2419774501300954,558
tinybert-l2,trec-dl-2019,iso,0.42000000000000004,0.5816876122082585,0.24154379878577623,557
tinybert-l2,trec-dl-2019,iso,0.43,0.5816876122082585,0.24154379878577623,557
tinybert-l2,trec-dl-2019,iso,0.44,0.5816876122082585,0.24154379878577623,557
tinybert-l2,trec-dl-2019,iso,0.45,0.5816876122082585,0.24154379878577623,557
tinybert-l2,trec-dl-2019,iso,0.46,0.5816876122082585,0.24154379878577623,557
tinybert-l2,trec-dl-2019,iso,0.47000000000000003,0.5816876122082585,0.24154379878577623,557
tinybert-l2,trec-dl-2019,iso,0.48000000000000004,0.5816876122082585,0.24154379878577623,557
tinybert-l2,trec-dl-2019,iso,0.49,0.5809352517985612,0.24111014744145706,556
tinybert-l2,trec-dl-2019,iso,0.5,0.5809352517985612,0.24111014744145706,556
tinybert-l2,trec-dl-2019,iso,0.51,0.5884615384615385,0.22549869904596703,520
tinybert-l2,trec-dl-2019,iso,0.52,0.6053169734151329,0.21205550737207285,489
tinybert-l2,trec-dl-2019,iso,0.53,0.6053169734151329,0.21205550737207285,489
tinybert-l2,trec-dl-2019,iso,0.54,0.6053169734151329,0.21205550737207285,489
tinybert-l2,trec-dl-2019,iso,0.55,0.6053169734151329,0.21205550737207285,489
tinybert-l2,trec-dl-2019,iso,0.56,0.6053169734151329,0.21205550737207285,489
tinybert-l2,trec-dl-2019,iso,0.5700000000000001,0.6053169734151329,0.21205550737207285,489
tinybert-l2,trec-dl-2019,iso,0.5800000000000001,0.6053169734151329,0.21205550737207285,489
tinybert-l2,trec-dl-2019,iso,0.59,0.6325581395348837,0.18647007805724197,430
tinybert-l2,trec-dl-2019,iso,0.6,0.6923076923076923,0.12966175195143104,299
tinybert-l2,trec-dl-2019,iso,0.61,0.6912751677852349,0.12922810060711187,298
tinybert-l2,trec-dl-2019,iso,0.62,0.6912751677852349,0.12922810060711187,298
tinybert-l2,trec-dl-2019,iso,0.63,0.6902356902356902,0.1287944492627927,297
tinybert-l2,trec-dl-2019,iso,0.64,0.6928327645051194,0.12705984388551606,293
tinybert-l2,trec-dl-2019,iso,0.65,0.6928327645051194,0.12705984388551606,293
tinybert-l2,trec-dl-2019,iso,0.66,0.696969696969697,0.11448395490026018,264
tinybert-l2,trec-dl-2019,iso,0.67,0.696969696969697,0.11448395490026018,264
tinybert-l2,trec-dl-2019,iso,0.68,0.6996197718631179,0.11405030355594102,263
tinybert-l2,trec-dl-2019,iso,0.6900000000000001,0.6984732824427481,0.11361665221162186,262
tinybert-l2,trec-dl-2019,iso,0.7000000000000001,0.6984732824427481,0.11361665221162186,262
tinybert-l2,trec-dl-2019,iso,0.7100000000000001,0.717948717948718,0.033824804856895055,78
tinybert-l2,trec-dl-2019,iso,0.72,0.7142857142857143,0.03339115351257589,77
tinybert-l2,trec-dl-2019,iso,0.73,0.7142857142857143,0.03339115351257589,77
tinybert-l2,trec-dl-2019,iso,0.74,0.72,0.03252385082393756,75
tinybert-l2,trec-dl-2019,iso,0.75,0.7162162162162162,0.032090199479618386,74
tinybert-l2,trec-dl-2019,iso,0.76,,0.0013009540329575022,3
tinybert-l2,trec-dl-2019,iso,0.77,,0.0008673026886383347,2
tinybert-l2,trec-dl-2019,iso,0.78,,0.0008673026886383347,2
tinybert-l2,trec-dl-2019,iso,0.79,,0.0008673026886383347,2
tinybert-l2,trec-dl-2019,iso,0.8,,0.0008673026886383347,2
tinybert-l2,trec-dl-2019,iso,0.81,,0.0008673026886383347,2
tinybert-l2,trec-dl-2019,iso,0.8200000000000001,,0.0008673026886383347,2
tinybert-l2,trec-dl-2019,iso,0.8300000000000001,,0.0008673026886383347,2
tinybert-l2,trec-dl-2019,iso,0.8400000000000001,,0.0008673026886383347,2
tinybert-l2,trec-dl-2019,iso,0.85,,0.0008673026886383347,2
tinybert-l2,trec-dl-2019,iso,0.86,,0.0008673026886383347,2
tinybert-l2,trec-dl-2019,iso,0.87,,0.0008673026886383347,2
tinybert-l2,trec-dl-2019,iso,0.88,,0.0008673026886383347,2
tinybert-l2,trec-dl-2019,iso,0.89,,0.0008673026886383347,2
tinybert-l2,trec-dl-2019,iso,0.9,,0.0008673026886383347,2
tinybert-l2,trec-dl-2019,iso,0.91,,0.0004336513443191674,1
tinybert-l2,trec-dl-2019,iso,0.92,,0.0004336513443191674,1
tinybert-l2,trec-dl-2019,iso,0.93,,0.0004336513443191674,1
tinybert-l2,trec-dl-2019,iso,0.9400000000000001,,0.0004336513443191674,1
tinybert-l2,trec-dl-2019,iso,0.9500000000000001,,0.0004336513443191674,1
tinybert-l2,trec-dl-2019,iso,0.9600000000000001,,0.0004336513443191674,1
tinybert-l2,trec-dl-2019,iso,0.97,,0.0004336513443191674,1
tinybert-l2,trec-dl-2019,iso,0.98,,0.0004336513443191674,1
tinybert-l2,trec-dl-2019,iso,0.99,,0.0004336513443191674,1
tinybert-l2,trec-dl-2019,temp_lodo,0.01,0.34952298352124894,1.0,2306
tinybert-l2,trec-dl-2019,temp_lodo,0.02,0.34952298352124894,1.0,2306
tinybert-l2,trec-dl-2019,temp_lodo,0.03,0.34952298352124894,1.0,2306
tinybert-l2,trec-dl-2019,temp_lodo,0.04,0.34952298352124894,1.0,2306
tinybert-l2,trec-dl-2019,temp_lodo,0.05,0.34952298352124894,1.0,2306
tinybert-l2,trec-dl-2019,temp_lodo,0.060000000000000005,0.34952298352124894,1.0,2306
tinybert-l2,trec-dl-2019,temp_lodo,0.06999999999999999,0.34952298352124894,1.0,2306
tinybert-l2,trec-dl-2019,temp_lodo,0.08,0.34952298352124894,1.0,2306
tinybert-l2,trec-dl-2019,temp_lodo,0.09,0.34952298352124894,1.0,2306
tinybert-l2,trec-dl-2019,temp_lodo,0.09999999999999999,0.34952298352124894,1.0,2306
tinybert-l2,trec-dl-2019,temp_lodo,0.11,0.34952298352124894,1.0,2306
tinybert-l2,trec-dl-2019,temp_lodo,0.12,0.34952298352124894,1.0,2306
tinybert-l2,trec-dl-2019,temp_lodo,0.13,0.34952298352124894,1.0,2306
tinybert-l2,trec-dl-2019,temp_lodo,0.14,0.34952298352124894,1.0,2306
tinybert-l2,trec-dl-2019,temp_lodo,0.15000000000000002,0.34952298352124894,1.0,2306
tinybert-l2,trec-dl-2019,temp_lodo,0.16,0.34952298352124894,1.0,2306
tinybert-l2,trec-dl-2019,temp_lodo,0.17,0.34952298352124894,1.0,2306
tinybert-l2,trec-dl-2019,temp_lodo,0.18000000000000002,0.34952298352124894,1.0,2306
tinybert-l2,trec-dl-2019,temp_lodo,0.19,0.3510452961672474,0.9956634865568084,2296
tinybert-l2,trec-dl-2019,temp_lodo,0.2,0.3527352297592998,0.9908933217692975,2285
tinybert-l2,trec-dl-2019,temp_lodo,0.21000000000000002,0.3546819787985866,0.981786643538595,2264
tinybert-l2,trec-dl-2019,temp_lodo,0.22,0.3551693404634581,0.9731136166522116,2244
tinybert-l2,trec-dl-2019,temp_lodo,0.23,0.35727190605239384,0.9601040763226366,2214
tinybert-l2,trec-dl-2019,temp_lodo,0.24000000000000002,0.3596531264262894,0.9501300954032957,2191
tinybert-l2,trec-dl-2019,temp_lodo,0.25,0.3613678373382625,0.9384215091066782,2164
tinybert-l2,trec-dl-2019,temp_lodo,0.26,0.36329588014981273,0.9262792714657415,2136
tinybert-l2,trec-dl-2019,temp_lodo,0.27,0.3669985775248933,0.914570685169124,2109
tinybert-l2,trec-dl-2019,temp_lodo,0.28,0.3692528735632184,0.9054640069384216,2088
tinybert-l2,trec-dl-2019,temp_lodo,0.29000000000000004,0.37280701754385964,0.8898525585429314,2052
tinybert-l2,trec-dl-2019,temp_lodo,0.3,0.37537091988130566,0.8768430182133564,2022
tinybert-l2,trec-dl-2019,temp_lodo,0.31,0.3773206221776217,0.8642671292281006,1993
tinybert-l2,trec-dl-2019,temp_lodo,0.32,0.3800511508951407,0.8477883781439722,1955
tinybert-l2,trec-dl-2019,temp_lodo,0.33,0.38493723849372385,0.8291413703382481,1912
tinybert-l2,trec-dl-2019,temp_lodo,0.34,0.38778789501874666,0.8096270598438855,1867
tinybert-l2,trec-dl-2019,temp_lodo,0.35000000000000003,0.3893129770992366,0.795316565481353,1834
tinybert-l2,trec-dl-2019,temp_lodo,0.36000000000000004,0.39378813089295617,0.7818733738074588,1803
tinybert-l2,trec-dl-2019,temp_lodo,0.37,0.39965889710062535,0.7627927146574154,1759
tinybert-l2,trec-dl-2019,temp_lodo,0.38,0.407472270869819,0.7428447528187337,1713
tinybert-l2,trec-dl-2019,temp_lodo,0.39,0.4111310592459605,0.7246313963573288,1671
tinybert-l2,trec-dl-2019,temp_lodo,0.4,0.41590214067278286,0.7090199479618386,1635
tinybert-l2,trec-dl-2019,temp_lodo,0.41000000000000003,0.4216791979949875,0.6921075455333912,1596
tinybert-l2,trec-dl-2019,temp_lodo,0.42000000000000004,0.4262922782386726,0.6795316565481353,1567
tinybert-l2,trec-dl-2019,temp_lodo,0.43,0.4320261437908497,0.6634865568083261,1530
tinybert-l2,trec-dl-2019,temp_lodo,0.44,0.43812709030100333,0.6483087597571553,1495
tinybert-l2,trec-dl-2019,temp_lodo,0.45,0.4432284541723666,0.6339982653946227,1462
tinybert-l2,trec-dl-2019,temp_lodo,0.46,0.4477401129943503,0.614050303555941,1416
tinybert-l2,trec-dl-2019,temp_lodo,0.47000000000000003,0.4560639070442992,0.5971379011274935,1377
tinybert-l2,trec-dl-2019,temp_lodo,0.48000000000000004,0.45986496624156037,0.5780572419774501,1333
tinybert-l2,trec-dl-2019,temp_lodo,0.49,0.4645061728395062,0.562012142237641,1296
tinybert-l2,trec-dl-2019,temp_lodo,0.5,0.4665090622537431,0.5503035559410234,1269
tinybert-l2,trec-dl-2019,temp_lodo,0.51,0.47049312853678255,0.5364267129228101,1237
tinybert-l2,trec-dl-2019,temp_lodo,0.52,0.4775747508305648,0.5221162185602776,1204
tinybert-l2,trec-dl-2019,temp_lodo,0.53,0.488034188034188,0.5073720728534259,1170
tinybert-l2,trec-dl-2019,temp_lodo,0.54,0.49251101321585905,0.492194275802255,1135
tinybert-l2,trec-dl-2019,temp_lodo,0.55,0.5013723696248856,0.47398091934084996,1093
tinybert-l2,trec-dl-2019,temp_lodo,0.56,0.5094517958412098,0.4588031222896791,1058
tinybert-l2,trec-dl-2019,temp_lodo,0.5700000000000001,0.5116731517509727,0.4457935819601041,1028
tinybert-l2,trec-dl-2019,temp_lodo,0.5800000000000001,0.5165165165165165,0.43321769297484825,999
tinybert-l2,trec-dl-2019,temp_lodo,0.59,0.520618556701031,0.4206418039895924,970
tinybert-l2,trec-dl-2019,temp_lodo,0.6,0.527448869752422,0.4028620988725065,929
tinybert-l2,trec-dl-2019,temp_lodo,0.61,0.5324384787472036,0.3876843018213356,894
tinybert-l2,trec-dl-2019,temp_lodo,0.62,0.5358796296296297,0.3746747614917606,864
tinybert-l2,trec-dl-2019,temp_lodo,0.63,0.5393939393939394,0.3577623590633131,825
tinybert-l2,trec-dl-2019,temp_lodo,0.64,0.5441741357234315,0.33868169991326974,781
tinybert-l2,trec-dl-2019,temp_lodo,0.65,0.5502717391304348,0.3191673894189072,736
tinybert-l2,trec-dl-2019,temp_lodo,0.66,0.5542691751085383,0.2996530789245447,691
tinybert-l2,trec-dl-2019,temp_lodo,0.67,0.5678627145085804,0.2779705117085863,641
tinybert-l2,trec-dl-2019,temp_lodo,0.68,0.5774410774410774,0.2575888985255854,594
tinybert-l2,trec-dl-2019,temp_lodo,0.6900000000000001,0.582089552238806,0.23243712055507373,536
tinybert-l2,trec-dl-2019,temp_lodo,0.7000000000000001,0.6069958847736625,0.21075455333911536,486
tinybert-l2,trec-dl-2019,temp_lodo,0.7100000000000001,0.6325581395348837,0.18647007805724197,430
tinybert-l2,trec-dl-2019,temp_lodo,0.72,0.6759776536312849,0.1552471812662619,358
tinybert-l2,trec-dl-2019,temp_lodo,0.73,0.686084142394822,0.13399826539462273,309
tinybert-l2,trec-dl-2019,temp_lodo,0.74,0.6984732824427481,0.11361665221162186,262
tinybert-l2,trec-dl-2019,temp_lodo,0.75,0.7384615384615385,0.08456201214223764,195
tinybert-l2,trec-dl-2019,temp_lodo,0.76,0.7426470588235294,0.05897658282740677,136
tinybert-l2,trec-dl-2019,temp_lodo,0.77,0.7209302325581395,0.0372940156114484,86
tinybert-l2,trec-dl-2019,temp_lodo,0.78,0.6521739130434783,0.0199479618386817,46
tinybert-l2,trec-dl-2019,temp_lodo,0.79,,0.006938421509106678,16
tinybert-l2,trec-dl-2019,temp_lodo,0.8,,0.003035559410234172,7
tinybert-l2,trec-dl-2019,temp_lodo,0.81,,0.0,0
tinybert-l2,trec-dl-2019,temp_lodo,0.8200000000000001,,0.0,0
tinybert-l2,trec-dl-2019,temp_lodo,0.8300000000000001,,0.0,0
tinybert-l2,trec-dl-2019,temp_lodo,0.8400000000000001,,0.0,0
tinybert-l2,trec-dl-2019,temp_lodo,0.85,,0.0,0
tinybert-l2,trec-dl-2019,temp_lodo,0.86,,0.0,0
tinybert-l2,trec-dl-2019,temp_lodo,0.87,,0.0,0
tinybert-l2,trec-dl-2019,temp_lodo,0.88,,0.0,0
tinybert-l2,trec-dl-2019,temp_lodo,0.89,,0.0,0
tinybert-l2,trec-dl-2019,temp_lodo,0.9,,0.0,0
tinybert-l2,trec-dl-2019,temp_lodo,0.91,,0.0,0
tinybert-l2,trec-dl-2019,temp_lodo,0.92,,0.0,0
tinybert-l2,trec-dl-2019,temp_lodo,0.93,,0.0,0
tinybert-l2,trec-dl-2019,temp_lodo,0.9400000000000001,,0.0,0
tinybert-l2,trec-dl-2019,temp_lodo,0.9500000000000001,,0.0,0
tinybert-l2,trec-dl-2019,temp_lodo,0.9600000000000001,,0.0,0
tinybert-l2,trec-dl-2019,temp_lodo,0.97,,0.0,0
tinybert-l2,trec-dl-2019,temp_lodo,0.98,,0.0,0
tinybert-l2,trec-dl-2019,temp_lodo,0.99,,0.0,0
tinybert-l2,trec-dl-2020,raw,0.01,0.21267799724391365,0.7657404150545198,2177
tinybert-l2,trec-dl-2020,raw,0.02,0.21782650142993326,0.7379528666901161,2098
tinybert-l2,trec-dl-2020,raw,0.03,0.2218413320274241,0.7182553640520577,2042
tinybert-l2,trec-dl-2020,raw,0.04,0.22516225661507738,0.7045374604291241,2003
tinybert-l2,trec-dl-2020,raw,0.05,0.22865853658536586,0.6922265212803377,1968
tinybert-l2,trec-dl-2020,raw,0.060000000000000005,0.23100616016427106,0.6851916989096025,1948
tinybert-l2,trec-dl-2020,raw,0.06999999999999999,0.23272727272727273,0.6771016531832571,1925
tinybert-l2,trec-dl-2020,raw,0.08,0.23526315789473684,0.6683081252198382,1900
tinybert-l2,trec-dl-2020,raw,0.09,0.23745997865528282,0.6591628561378825,1874
tinybert-l2,trec-dl-2020,raw,0.09999999999999999,0.23920086393088552,0.6514245515300738,1852
tinybert-l2,trec-dl-2020,raw,0.11,0.24049945711183496,0.6479071403447063,1842
tinybert-l2,trec-dl-2020,raw,0.12,0.242723778143877,0.6405205768554344,1821
tinybert-l2,trec-dl-2020,raw,0.13,0.24376731301939059,0.6348927189588462,1805
tinybert-l2,trec-dl-2020,raw,0.14,0.24663677130044842,0.6275061554695744,1784
tinybert-l2,trec-dl-2020,raw,0.15000000000000002,0.2480270574971815,0.6239887442842068,1774
tinybert-l2,trec-dl-2020,raw,0.16,0.24872521246458923,0.620823074217376,1765
tinybert-l2,trec-dl-2020,raw,0.17,0.24943052391799544,0.6176574041505452,1756
tinybert-l2,trec-dl-2020,raw,0.18000000000000002,0.2504297994269341,0.6137882518466409,1745
tinybert-l2,trec-dl-2020,raw,0.19,0.2504317789291883,0.6109743228983469,1737
tinybert-l2,trec-dl-2020,raw,0.2,0.25130283729009845,0.6074569117129792,1727
tinybert-l2,trec-dl-2020,raw,0.21000000000000002,0.2515979081929111,0.6053464650017587,1721
tinybert-l2,trec-dl-2020,raw,0.22,0.2520372526193248,0.6042912416461484,1718
tinybert-l2,trec-dl-2020,raw,0.23,0.25204200700116686,0.6028842771720014,1714
tinybert-l2,trec-dl-2020,raw,0.24000000000000002,0.25234192037470726,0.6007738304607808,1708
tinybert-l2,trec-dl-2020,raw,0.25,0.2529411764705882,0.5979599015124868,1700
tinybert-l2,trec-dl-2020,raw,0.26,0.25339633786178384,0.5954977136827295,1693
tinybert-l2,trec-dl-2020,raw,0.27,0.25370480142264373,0.593387266971509,1687
tinybert-l2,trec-dl-2020,raw,0.28,0.2540154669839381,0.5912768202602884,1681
tinybert-l2,trec-dl-2020,raw,0.29000000000000004,0.25239234449760767,0.5881111501934576,1672
tinybert-l2,trec-dl-2020,raw,0.3,0.2536057692307692,0.5852972212451636,1664
tinybert-l2,trec-dl-2020,raw,0.31,0.254380664652568,0.5821315511783327,1655
tinybert-l2,trec-dl-2020,raw,0.32,0.2549969715324046,0.5807245867041857,1651
tinybert-l2,trec-dl-2020,raw,0.33,0.2554611650485437,0.5796693633485754,1648
tinybert-l2,trec-dl-2020,raw,0.34,0.2559270516717325,0.5786141399929652,1645
tinybert-l2,trec-dl-2020,raw,0.35000000000000003,0.25625381330079317,0.5765036932817447,1639
tinybert-l2,trec-dl-2020,raw,0.36000000000000004,0.2561124694376528,0.5754484699261344,1636
tinybert-l2,trec-dl-2020,raw,0.37,0.2572130141190915,0.572986282096377,1629
tinybert-l2,trec-dl-2020,raw,0.38,0.25694873378628785,0.5694688709110095,1619
tinybert-l2,trec-dl-2020,raw,0.39,0.2568069306930693,0.5684136475553992,1616
tinybert-l2,trec-dl-2020,raw,0.4,0.25650557620817843,0.5677101653183257,1614
tinybert-l2,trec-dl-2020,raw,0.41000000000000003,0.2570006222775358,0.5652479774885684,1607
tinybert-l2,trec-dl-2020,raw,0.42000000000000004,0.25701809107922646,0.5638410130144214,1603
tinybert-l2,trec-dl-2020,raw,0.43,0.2575187969924812,0.5613788251846641,1596
tinybert-l2,trec-dl-2020,raw,0.44,0.25865324103209564,0.5589166373549068,1589
tinybert-l2,trec-dl-2020,raw,0.45,0.25914249684741486,0.5578614139992966,1586
tinybert-l2,trec-dl-2020,raw,0.46,0.25965801139962,0.5553992261695392,1579
tinybert-l2,trec-dl-2020,raw,0.47000000000000003,0.25888324873096447,0.5543440028139289,1576
tinybert-l2,trec-dl-2020,raw,0.48000000000000004,0.2592356687898089,0.5522335561027084,1570
tinybert-l2,trec-dl-2020,raw,0.49,0.260230179028133,0.5501231093914879,1564
tinybert-l2,trec-dl-2020,raw,0.5,0.2600896860986547,0.5490678860358776,1561
tinybert-l2,trec-dl-2020,raw,0.51,0.25978191148171903,0.5483644037988041,1559
tinybert-l2,trec-dl-2020,raw,0.52,0.2604501607717042,0.546957439324657,1555
tinybert-l2,trec-dl-2020,raw,0.53,0.2607855763039279,0.5462539570875835,1553
tinybert-l2,trec-dl-2020,raw,0.54,0.26145900581020015,0.5448469926134365,1549
tinybert-l2,trec-dl-2020,raw,0.55,0.26179702650290887,0.544143510376363,1547
tinybert-l2,trec-dl-2020,raw,0.56,0.2626788036410923,0.5409778403095322,1538
tinybert-l2,trec-dl-2020,raw,0.5700000000000001,0.2630548302872063,0.5388673935983116,1532
tinybert-l2,trec-dl-2020,raw,0.5800000000000001,0.2642622950819672,0.5364052057685543,1525
tinybert-l2,trec-dl-2020,raw,0.59,0.26513157894736844,0.5346465001758706,1520
tinybert-l2,trec-dl-2020,raw,0.6,0.2658311345646438,0.5332395357017236,1516
tinybert-l2,trec-dl-2020,raw,0.61,0.26688741721854303,0.531129088990503,1510
tinybert-l2,trec-dl-2020,raw,0.62,0.26582278481012656,0.5279634189236722,1501
tinybert-l2,trec-dl-2020,raw,0.63,0.2662207357859532,0.5258529722124516,1495
tinybert-l2,trec-dl-2020,raw,0.64,0.26711409395973157,0.5240942666197679,1490
tinybert-l2,trec-dl-2020,raw,0.65,0.26788124156545207,0.5212803376714737,1482
tinybert-l2,trec-dl-2020,raw,0.66,0.26811103588354773,0.51952163207879,1477
tinybert-l2,trec-dl-2020,raw,0.67,0.26883910386965376,0.518114667604643,1473
tinybert-l2,trec-dl-2020,raw,0.68,0.26975476839237056,0.5163559620119592,1468
tinybert-l2,trec-dl-2020,raw,0.6900000000000001,0.27049180327868855,0.5149489975378122,1464
tinybert-l2,trec-dl-2020,raw,0.7000000000000001,0.27104722792607805,0.513893774182202,1461
tinybert-l2,trec-dl-2020,raw,0.7100000000000001,0.2708476912474156,0.5103763629968343,1451
tinybert-l2,trec-dl-2020,raw,0.72,0.2719054242002782,0.5058037284558565,1438
tinybert-l2,trec-dl-2020,raw,0.73,0.27266387726638774,0.5043967639817095,1434
tinybert-l2,trec-dl-2020,raw,0.74,0.2736842105263158,0.5012310939148786,1425
tinybert-l2,trec-dl-2020,raw,0.75,0.2733050847457627,0.49806542384804786,1416
tinybert-l2,trec-dl-2020,raw,0.76,0.2739531582682754,0.49560323601829054,1409
tinybert-l2,trec-dl-2020,raw,0.77,0.27467811158798283,0.4917340837143862,1398
tinybert-l2,trec-dl-2020,raw,0.78,0.2754145638067772,0.4878649314104819,1387
tinybert-l2,trec-dl-2020,raw,0.79,0.27749453750910413,0.4829405557509673,1373
tinybert-l2,trec-dl-2020,raw,0.8,0.2785923753665689,0.47977488568413645,1364
tinybert-l2,trec-dl-2020,raw,0.81,0.28044280442804426,0.4766092156173057,1355
tinybert-l2,trec-dl-2020,raw,0.8200000000000001,0.2799702159344751,0.4723883221948646,1343
tinybert-l2,trec-dl-2020,raw,0.8300000000000001,0.28003003003003,0.46851916989096026,1332
tinybert-l2,trec-dl-2020,raw,0.8400000000000001,0.28054298642533937,0.4664087231797397,1326
tinybert-l2,trec-dl-2020,raw,0.85,0.28170083523158695,0.4632430531129089,1317
tinybert-l2,trec-dl-2020,raw,0.86,0.2826585179526356,0.46042912416461484,1309
tinybert-l2,trec-dl-2020,raw,0.87,0.28373168851195063,0.45620823074217376,1297
tinybert-l2,trec-dl-2020,raw,0.88,0.2848297213622291,0.45444952514949,1292
tinybert-l2,trec-dl-2020,raw,0.89,0.28794992175273865,0.44952514948997535,1278
tinybert-l2,trec-dl-2020,raw,0.9,0.2917329093799682,0.44249032711924025,1258
tinybert-l2,trec-dl-2020,raw,0.91,0.2929782082324455,0.43580724586704184,1239
tinybert-l2,trec-dl-2020,raw,0.92,0.293398533007335,0.43158635244460075,1227
tinybert-l2,trec-dl-2020,raw,0.93,0.2954356846473029,0.42384804783679214,1205
tinybert-l2,trec-dl-2020,raw,0.9400000000000001,0.29932546374367625,0.41716496658459373,1186
tinybert-l2,trec-dl-2020,raw,0.9500000000000001,0.3037865748709122,0.40872317973971156,1162
tinybert-l2,trec-dl-2020,raw,0.9600000000000001,0.30803177405119153,0.39852268730214563,1133
tinybert-l2,trec-dl-2020,raw,0.97,0.3154981549815498,0.38128737249384453,1084
tinybert-l2,trec-dl-2020,raw,0.98,0.3241106719367589,0.355962011959198,1012
tinybert-l2,trec-dl-2020,raw,0.99,0.33805888767720826,0.32254660569820615,917
tinybert-l2,trec-dl-2020,temp,0.01,0.16848399577910658,1.0,2843
tinybert-l2,trec-dl-2020,temp,0.02,0.16848399577910658,1.0,2843
tinybert-l2,trec-dl-2020,temp,0.03,0.16848399577910658,1.0,2843
tinybert-l2,trec-dl-2020,temp,0.04,0.16848399577910658,1.0,2843
tinybert-l2,trec-dl-2020,temp,0.05,0.16848399577910658,1.0,2843
tinybert-l2,trec-dl-2020,temp,0.060000000000000005,0.16848399577910658,1.0,2843
tinybert-l2,trec-dl-2020,temp,0.06999999999999999,0.16848399577910658,1.0,2843
tinybert-l2,trec-dl-2020,temp,0.08,0.16848399577910658,1.0,2843
tinybert-l2,trec-dl-2020,temp,0.09,0.16848399577910658,1.0,2843
tinybert-l2,trec-dl-2020,temp,0.09999999999999999,0.16848399577910658,1.0,2843
tinybert-l2,trec-dl-2020,temp,0.11,0.16848399577910658,1.0,2843
tinybert-l2,trec-dl-2020,temp,0.12,0.16848399577910658,1.0,2843
tinybert-l2,trec-dl-2020,temp,0.13,0.16848399577910658,1.0,2843
tinybert-l2,trec-dl-2020,temp,0.14,0.16848399577910658,1.0,2843
tinybert-l2,trec-dl-2020,temp,0.15000000000000002,0.16848399577910658,1.0,2843
tinybert-l2,trec-dl-2020,temp,0.16,0.16848399577910658,1.0,2843
tinybert-l2,trec-dl-2020,temp,0.17,0.16848399577910658,1.0,2843
tinybert-l2,trec-dl-2020,temp,0.18000000000000002,0.16848399577910658,1.0,2843
tinybert-l2,trec-dl-2020,temp,0.19,0.16848399577910658,1.0,2843
tinybert-l2,trec-dl-2020,temp,0.2,0.16848399577910658,1.0,2843
tinybert-l2,trec-dl-2020,temp,0.21000000000000002,0.16848399577910658,1.0,2843
tinybert-l2,trec-dl-2020,temp,0.22,0.16848399577910658,1.0,2843
tinybert-l2,trec-dl-2020,temp,0.23,0.16848399577910658,1.0,2843
tinybert-l2,trec-dl-2020,temp,0.24000000000000002,0.16848399577910658,1.0,2843
tinybert-l2,trec-dl-2020,temp,0.25,0.16848399577910658,1.0,2843
tinybert-l2,trec-dl-2020,temp,0.26,0.16949752300070772,0.9940204009848751,2826
tinybert-l2,trec-dl-2020,temp,0.27,0.17186939361320416,0.9803024973619416,2787
tinybert-l2,trec-dl-2020,temp,0.28,0.17469000729394601,0.9644741470277876,2742
tinybert-l2,trec-dl-2020,temp,0.29000000000000004,0.1777365491651206,0.94794231445656,2695
tinybert-l2,trec-dl-2020,temp,0.3,0.18143939393939393,0.9285965529370384,2640
tinybert-l2,trec-dl-2020,temp,0.31,0.1840891621829362,0.9152303904326415,2602
tinybert-l2,trec-dl-2020,temp,0.32,0.18737749901999215,0.8972915933872669,2551
tinybert-l2,trec-dl-2020,temp,0.33,0.1908763505402161,0.8790010552233556,2499
tinybert-l2,trec-dl-2020,temp,0.34,0.19349593495934958,0.8652831516004221,2460
tinybert-l2,trec-dl-2020,temp,0.35000000000000003,0.19767441860465115,0.8469926134365108,2408
tinybert-l2,trec-dl-2020,temp,0.36000000000000004,0.20050761421319796,0.8315160042208934,2364
tinybert-l2,trec-dl-2020,temp,0.37,0.20294244915620943,0.8128737249384453,2311
tinybert-l2,trec-dl-2020,temp,0.38,0.20620842572062084,0.7931762223003869,2255
tinybert-l2,trec-dl-2020,temp,0.39,0.2106218792555606,0.7748856841364755,2203
tinybert-l2,trec-dl-2020,temp,0.4,0.2135877152163797,0.7558916637354907,2149
tinybert-l2,trec-dl-2020,temp,0.41000000000000003,0.21782650142993326,0.7379528666901161,2098
tinybert-l2,trec-dl-2020,temp,0.42000000000000004,0.22216772927905837,0.7172001406964474,2039
tinybert-l2,trec-dl-2020,temp,0.43,0.22738756947953512,0.696095673584242,1979
tinybert-l2,trec-dl-2020,temp,0.44,0.2329693187727509,0.6763981709461836,1923
tinybert-l2,trec-dl-2020,temp,0.45,0.23971861471861472,0.6500175870559268,1848
tinybert-l2,trec-dl-2020,temp,0.46,0.24816694867456288,0.6236370031656701,1773
tinybert-l2,trec-dl-2020,temp,0.47000000000000003,0.2517441860465116,0.604994723883222,1720
tinybert-l2,trec-dl-2020,temp,0.48000000000000004,0.2536057692307692,0.5852972212451636,1664
tinybert-l2,trec-dl-2020,temp,0.49,0.2563467492260062,0.5680619064368625,1615
tinybert-l2,trec-dl-2020,temp,0.5,0.2600896860986547,0.5490678860358776,1561
tinybert-l2,trec-dl-2020,temp,0.51,0.2665343915343915,0.5318325712275765,1512
tinybert-l2,trec-dl-2020,temp,0.52,0.271418779986292,0.5131902919451284,1459
tinybert-l2,trec-dl-2020,temp,0.53,0.27601156069364163,0.4868097080548716,1384
tinybert-l2,trec-dl-2020,temp,0.54,0.2818181818181818,0.4642982764685192,1320
tinybert-l2,trec-dl-2020,temp,0.55,0.2904498816101026,0.4456559971860711,1267
tinybert-l2,trec-dl-2020,temp,0.56,0.2954356846473029,0.42384804783679214,1205
tinybert-l2,trec-dl-2020,temp,0.5700000000000001,0.3034782608695652,0.4045022863172705,1150
tinybert-l2,trec-dl-2020,temp,0.5800000000000001,0.31525735294117646,0.38269433696799154,1088
tinybert-l2,trec-dl-2020,temp,0.59,0.3241106719367589,0.355962011959198,1012
tinybert-l2,trec-dl-2020,temp,0.6,0.3368421052631579,0.3341540626099191,950
tinybert-l2,trec-dl-2020,temp,0.61,0.34085778781038373,0.31164263102356665,886
tinybert-l2,trec-dl-2020,temp,0.62,0.3665389527458493,0.2754132958142807,783
tinybert-l2,trec-dl-2020,temp,0.63,0.39092240117130306,0.240239183960605,683
tinybert-l2,trec-dl-2020,temp,0.64,0.4013377926421405,0.21034118888498066,598
tinybert-l2,trec-dl-2020,temp,0.65,0.4271653543307087,0.17868448821667252,508
tinybert-l2,trec-dl-2020,temp,0.66,0.4523809523809524,0.1477312697854379,420
tinybert-l2,trec-dl-2020,temp,0.67,0.4662576687116564,0.11466760464298277,326
tinybert-l2,trec-dl-2020,temp,0.68,0.48868778280542985,0.07773478719662329,221
tinybert-l2,trec-dl-2020,temp,0.6900000000000001,0.5063291139240507,0.055575096728807595,158
tinybert-l2,trec-dl-2020,temp,0.7000000000000001,0.6067415730337079,0.03130495954977137,89
tinybert-l2,trec-dl-2020,temp,0.7100000000000001,0.8,0.017587055926837847,50
tinybert-l2,trec-dl-2020,temp,0.72,,0.006683081252198382,19
tinybert-l2,trec-dl-2020,temp,0.73,,0.0014069644741470278,4
tinybert-l2,trec-dl-2020,temp,0.74,,0.0,0
tinybert-l2,trec-dl-2020,temp,0.75,,0.0,0
tinybert-l2,trec-dl-2020,temp,0.76,,0.0,0
tinybert-l2,trec-dl-2020,temp,0.77,,0.0,0
tinybert-l2,trec-dl-2020,temp,0.78,,0.0,0
tinybert-l2,trec-dl-2020,temp,0.79,,0.0,0
tinybert-l2,trec-dl-2020,temp,0.8,,0.0,0
tinybert-l2,trec-dl-2020,temp,0.81,,0.0,0
tinybert-l2,trec-dl-2020,temp,0.8200000000000001,,0.0,0
tinybert-l2,trec-dl-2020,temp,0.8300000000000001,,0.0,0
tinybert-l2,trec-dl-2020,temp,0.8400000000000001,,0.0,0
tinybert-l2,trec-dl-2020,temp,0.85,,0.0,0
tinybert-l2,trec-dl-2020,temp,0.86,,0.0,0
tinybert-l2,trec-dl-2020,temp,0.87,,0.0,0
tinybert-l2,trec-dl-2020,temp,0.88,,0.0,0
tinybert-l2,trec-dl-2020,temp,0.89,,0.0,0
tinybert-l2,trec-dl-2020,temp,0.9,,0.0,0
tinybert-l2,trec-dl-2020,temp,0.91,,0.0,0
tinybert-l2,trec-dl-2020,temp,0.92,,0.0,0
tinybert-l2,trec-dl-2020,temp,0.93,,0.0,0
tinybert-l2,trec-dl-2020,temp,0.9400000000000001,,0.0,0
tinybert-l2,trec-dl-2020,temp,0.9500000000000001,,0.0,0
tinybert-l2,trec-dl-2020,temp,0.9600000000000001,,0.0,0
tinybert-l2,trec-dl-2020,temp,0.97,,0.0,0
tinybert-l2,trec-dl-2020,temp,0.98,,0.0,0
tinybert-l2,trec-dl-2020,temp,0.99,,0.0,0
tinybert-l2,trec-dl-2020,platt,0.01,0.1739288307915759,0.9686950404502286,2754
tinybert-l2,trec-dl-2020,platt,0.02,0.19272727272727272,0.8705592683784734,2475
tinybert-l2,trec-dl-2020,platt,0.03,0.2047244094488189,0.8040801969750264,2286
tinybert-l2,trec-dl-2020,platt,0.04,0.214787084698175,0.7516707703130496,2137
tinybert-l2,trec-dl-2020,platt,0.05,0.22498755599800896,0.7066479071403448,2009
tinybert-l2,trec-dl-2020,platt,0.060000000000000005,0.23523206751054854,0.6669011607456912,1896
tinybert-l2,trec-dl-2020,platt,0.06999999999999999,0.24816694867456288,0.6236370031656701,1773
tinybert-l2,trec-dl-2020,platt,0.08,0.25279247501469726,0.5983116426310235,1701
tinybert-l2,trec-dl-2020,platt,0.09,0.25674019607843135,0.5740415054519873,1632
tinybert-l2,trec-dl-2020,platt,0.09999999999999999,0.25956632653061223,0.5515300738656349,1568
tinybert-l2,trec-dl-2020,platt,0.11,0.2658311345646438,0.5332395357017236,1516
tinybert-l2,trec-dl-2020,platt,0.12,0.27049180327868855,0.5149489975378122,1464
tinybert-l2,trec-dl-2020,platt,0.13,0.27480371163454675,0.49278930706999646,1401
tinybert-l2,trec-dl-2020,platt,0.14,0.280359820089955,0.46922265212803377,1334
tinybert-l2,trec-dl-2020,platt,0.15000000000000002,0.28373168851195063,0.45620823074217376,1297
tinybert-l2,trec-dl-2020,platt,0.16,0.29073482428115016,0.4403798804080197,1252
tinybert-l2,trec-dl-2020,platt,0.17,0.2955298013245033,0.4249032711924024,1208
tinybert-l2,trec-dl-2020,platt,0.18000000000000002,0.300509337860781,0.41435103763629966,1178
tinybert-l2,trec-dl-2020,platt,0.19,0.30721830985915494,0.3995779106577559,1136
tinybert-l2,trec-dl-2020,platt,0.2,0.31312217194570136,0.38867393598311645,1105
tinybert-l2,trec-dl-2020,platt,0.21000000000000002,0.3181818181818182,0.37143862117481535,1056
tinybert-l2,trec-dl-2020,platt,0.22,0.3241106719367589,0.355962011959198,1012
tinybert-l2,trec-dl-2020,platt,0.23,0.330603889457523,0.3436510728104115,977
tinybert-l2,trec-dl-2020,platt,0.24000000000000002,0.3361611876988335,0.3316918747801618,943
tinybert-l2,trec-dl-2020,platt,0.25,0.3377049180327869,0.3218431234611326,915
tinybert-l2,trec-dl-2020,platt,0.26,0.3417142857142857,0.3077734787196623,875
tinybert-l2,trec-dl-2020,platt,0.27,0.35574572127139364,0.2877242349630672,818
tinybert-l2,trec-dl-2020,platt,0.28,0.3676092544987147,0.2736545902215969,778
tinybert-l2,trec-dl-2020,platt,0.29000000000000004,0.3763586956521739,0.2588814632430531,736
tinybert-l2,trec-dl-2020,platt,0.3,0.3897810218978102,0.2409426661976785,685
tinybert-l2,trec-dl-2020,platt,0.31,0.3951367781155015,0.23144565599718608,658
tinybert-l2,trec-dl-2020,platt,0.32,0.3990306946688207,0.21772775237425254,619
tinybert-l2,trec-dl-2020,platt,0.33,0.4110535405872193,0.20365810763278228,579
tinybert-l2,trec-dl-2020,platt,0.34,0.41760299625468167,0.18782975729862822,534
tinybert-l2,trec-dl-2020,platt,0.35000000000000003,0.4291417165668663,0.17622230038691522,501
tinybert-l2,trec-dl-2020,platt,0.36000000000000004,0.43617021276595747,0.16531832571227575,470
tinybert-l2,trec-dl-2020,platt,0.37,0.4467120181405896,0.15511783327470982,441
tinybert-l2,trec-dl-2020,platt,0.38,0.452970297029703,0.1421034118888498,404
tinybert-l2,trec-dl-2020,platt,0.39,0.46408839779005523,0.127330284910306,362
tinybert-l2,trec-dl-2020,platt,0.4,0.46504559270516715,0.11572282799859304,329
tinybert-l2,trec-dl-2020,platt,0.41000000000000003,0.47079037800687284,0.10235666549419627,291
tinybert-l2,trec-dl-2020,platt,0.42000000000000004,0.47674418604651164,0.0907492085824833,258
tinybert-l2,trec-dl-2020,platt,0.43,0.4840182648401826,0.07703130495954977,219
tinybert-l2,trec-dl-2020,platt,0.44,0.5,0.06823777699613084,194
tinybert-l2,trec-dl-2020,platt,0.45,0.48863636363636365,0.06190643686246922,176
tinybert-l2,trec-dl-2020,platt,0.46,0.5098039215686274,0.05381639113612381,153
tinybert-l2,trec-dl-2020,platt,0.47000000000000003,0.5384615384615384,0.0457263454097784,130
tinybert-l2,trec-dl-2020,platt,0.48000000000000004,0.5784313725490197,0.035877594090749206,102
tinybert-l2,trec-dl-2020,platt,0.49,0.6206896551724138,0.030601477312697856,87
tinybert-l2,trec-dl-2020,platt,0.5,0.7096774193548387,0.021807949349278932,62
tinybert-l2,trec-dl-2020,platt,0.51,0.7413793103448276,0.0204009848751319,58
tinybert-l2,trec-dl-2020,platt,0.52,0.8043478260869565,0.01618009145269082,46
tinybert-l2,trec-dl-2020,platt,0.53,0.75,0.01266268026732325,36
tinybert-l2,trec-dl-2020,platt,0.54,,0.008793527963418923,25
tinybert-l2,trec-dl-2020,platt,0.55,,0.005627857896588111,16
tinybert-l2,trec-dl-2020,platt,0.56,,0.0045726345409778405,13
tinybert-l2,trec-dl-2020,platt,0.5700000000000001,,0.0028139289482940555,8
tinybert-l2,trec-dl-2020,platt,0.5800000000000001,,0.0014069644741470278,4
tinybert-l2,trec-dl-2020,platt,0.59,,0.0007034822370735139,2
tinybert-l2,trec-dl-2020,platt,0.6,,0.0,0
tinybert-l2,trec-dl-2020,platt,0.61,,0.0,0
tinybert-l2,trec-dl-2020,platt,0.62,,0.0,0
tinybert-l2,trec-dl-2020,platt,0.63,,0.0,0
tinybert-l2,trec-dl-2020,platt,0.64,,0.0,0
tinybert-l2,trec-dl-2020,platt,0.65,,0.0,0
tinybert-l2,trec-dl-2020,platt,0.66,,0.0,0
tinybert-l2,trec-dl-2020,platt,0.67,,0.0,0
tinybert-l2,trec-dl-2020,platt,0.68,,0.0,0
tinybert-l2,trec-dl-2020,platt,0.6900000000000001,,0.0,0
tinybert-l2,trec-dl-2020,platt,0.7000000000000001,,0.0,0
tinybert-l2,trec-dl-2020,platt,0.7100000000000001,,0.0,0
tinybert-l2,trec-dl-2020,platt,0.72,,0.0,0
tinybert-l2,trec-dl-2020,platt,0.73,,0.0,0
tinybert-l2,trec-dl-2020,platt,0.74,,0.0,0
tinybert-l2,trec-dl-2020,platt,0.75,,0.0,0
tinybert-l2,trec-dl-2020,platt,0.76,,0.0,0
tinybert-l2,trec-dl-2020,platt,0.77,,0.0,0
tinybert-l2,trec-dl-2020,platt,0.78,,0.0,0
tinybert-l2,trec-dl-2020,platt,0.79,,0.0,0
tinybert-l2,trec-dl-2020,platt,0.8,,0.0,0
tinybert-l2,trec-dl-2020,platt,0.81,,0.0,0
tinybert-l2,trec-dl-2020,platt,0.8200000000000001,,0.0,0
tinybert-l2,trec-dl-2020,platt,0.8300000000000001,,0.0,0
tinybert-l2,trec-dl-2020,platt,0.8400000000000001,,0.0,0
tinybert-l2,trec-dl-2020,platt,0.85,,0.0,0
tinybert-l2,trec-dl-2020,platt,0.86,,0.0,0
tinybert-l2,trec-dl-2020,platt,0.87,,0.0,0
tinybert-l2,trec-dl-2020,platt,0.88,,0.0,0
tinybert-l2,trec-dl-2020,platt,0.89,,0.0,0
tinybert-l2,trec-dl-2020,platt,0.9,,0.0,0
tinybert-l2,trec-dl-2020,platt,0.91,,0.0,0
tinybert-l2,trec-dl-2020,platt,0.92,,0.0,0
tinybert-l2,trec-dl-2020,platt,0.93,,0.0,0
tinybert-l2,trec-dl-2020,platt,0.9400000000000001,,0.0,0
tinybert-l2,trec-dl-2020,platt,0.9500000000000001,,0.0,0
tinybert-l2,trec-dl-2020,platt,0.9600000000000001,,0.0,0
tinybert-l2,trec-dl-2020,platt,0.97,,0.0,0
tinybert-l2,trec-dl-2020,platt,0.98,,0.0,0
tinybert-l2,trec-dl-2020,platt,0.99,,0.0,0
tinybert-l2,trec-dl-2020,iso,0.01,0.1800751879699248,0.9356313753077735,2660
tinybert-l2,trec-dl-2020,iso,0.02,0.19604612850082373,0.8540274358072458,2428
tinybert-l2,trec-dl-2020,iso,0.03,0.19604612850082373,0.8540274358072458,2428
tinybert-l2,trec-dl-2020,iso,0.04,0.2035590277777778,0.810411537108688,2304
tinybert-l2,trec-dl-2020,iso,0.05,0.21824259789875836,0.736545902215969,2094
tinybert-l2,trec-dl-2020,iso,0.060000000000000005,0.242723778143877,0.6405205768554344,1821
tinybert-l2,trec-dl-2020,iso,0.06999999999999999,0.242723778143877,0.6405205768554344,1821
tinybert-l2,trec-dl-2020,iso,0.08,0.242723778143877,0.6405205768554344,1821
tinybert-l2,trec-dl-2020,iso,0.09,0.242723778143877,0.6405205768554344,1821
tinybert-l2,trec-dl-2020,iso,0.09999999999999999,0.2563467492260062,0.5680619064368625,1615
tinybert-l2,trec-dl-2020,iso,0.11,0.2563467492260062,0.5680619064368625,1615
tinybert-l2,trec-dl-2020,iso,0.12,0.2563467492260062,0.5680619064368625,1615
tinybert-l2,trec-dl-2020,iso,0.13,0.27104722792607805,0.513893774182202,1461
tinybert-l2,trec-dl-2020,iso,0.14,0.27104722792607805,0.513893774182202,1461
tinybert-l2,trec-dl-2020,iso,0.15000000000000002,0.29831932773109243,0.41857193105874074,1190
tinybert-l2,trec-dl-2020,iso,0.16,0.33585313174946,0.3257122757650369,926
tinybert-l2,trec-dl-2020,iso,0.17,0.33585313174946,0.3257122757650369,926
tinybert-l2,trec-dl-2020,iso,0.18000000000000002,0.33585313174946,0.3257122757650369,926
tinybert-l2,trec-dl-2020,iso,0.19,0.33585313174946,0.3257122757650369,926
tinybert-l2,trec-dl-2020,iso,0.2,0.33585313174946,0.3257122757650369,926
tinybert-l2,trec-dl-2020,iso,0.21000000000000002,0.33585313174946,0.3257122757650369,926
tinybert-l2,trec-dl-2020,iso,0.22,0.33585313174946,0.3257122757650369,926
tinybert-l2,trec-dl-2020,iso,0.23,0.33585313174946,0.3257122757650369,926
tinybert-l2,trec-dl-2020,iso,0.24000000000000002,0.33585313174946,0.3257122757650369,926
tinybert-l2,trec-dl-2020,iso,0.25,0.33585313174946,0.3257122757650369,926
tinybert-l2,trec-dl-2020,iso,0.26,0.3793103448275862,0.2550123109391488,725
tinybert-l2,trec-dl-2020,iso,0.27,0.3793103448275862,0.2550123109391488,725
tinybert-l2,trec-dl-2020,iso,0.28,0.42337164750957856,0.18360886387618713,522
tinybert-l2,trec-dl-2020,iso,0.29000000000000004,0.42337164750957856,0.18360886387618713,522
tinybert-l2,trec-dl-2020,iso,0.3,0.45255474452554745,0.1445655997186071,411
tinybert-l2,trec-dl-2020,iso,0.31,0.45255474452554745,0.1445655997186071,411
tinybert-l2,trec-dl-2020,iso,0.32,0.45255474452554745,0.1445655997186071,411
tinybert-l2,trec-dl-2020,iso,0.33,0.45255474452554745,0.1445655997186071,411
tinybert-l2,trec-dl-2020,iso,0.34,0.45255474452554745,0.1445655997186071,411
tinybert-l2,trec-dl-2020,iso,0.35000000000000003,0.45255474452554745,0.1445655997186071,411
tinybert-l2,trec-dl-2020,iso,0.36000000000000004,0.45255474452554745,0.1445655997186071,411
tinybert-l2,trec-dl-2020,iso,0.37,0.45454545454545453,0.13542033063665143,385
tinybert-l2,trec-dl-2020,iso,0.38,0.4557291666666667,0.13506858951811468,384
tinybert-l2,trec-dl-2020,iso,0.39,0.4557291666666667,0.13506858951811468,384
tinybert-l2,trec-dl-2020,iso,0.4,0.4557291666666667,0.13506858951811468,384
tinybert-l2,trec-dl-2020,iso,0.41000000000000003,0.47109826589595377,0.1217024270137179,346
tinybert-l2,trec-dl-2020,iso,0.42000000000000004,0.46956521739130436,0.12135068589518115,345
tinybert-l2,trec-dl-2020,iso,0.43,0.46956521739130436,0.12135068589518115,345
tinybert-l2,trec-dl-2020,iso,0.44,0.5031055900621118,0.056630320084417866,161
tinybert-l2,trec-dl-2020,iso,0.45,0.5031055900621118,0.056630320084417866,161
tinybert-l2,trec-dl-2020,iso,0.46,0.5031055900621118,0.056630320084417866,161
tinybert-l2,trec-dl-2020,iso,0.47000000000000003,0.5031055900621118,0.056630320084417866,161
tinybert-l2,trec-dl-2020,iso,0.48000000000000004,0.5031055900621118,0.056630320084417866,161
tinybert-l2,trec-dl-2020,iso,0.49,0.5031055900621118,0.056630320084417866,161
tinybert-l2,trec-dl-2020,iso,0.5,0.5031055900621118,0.056630320084417866,161
tinybert-l2,trec-dl-2020,iso,0.51,0.5031055900621118,0.056630320084417866,161
tinybert-l2,trec-dl-2020,iso,0.52,0.5031055900621118,0.056630320084417866,161
tinybert-l2,trec-dl-2020,iso,0.53,0.5031055900621118,0.056630320084417866,161
tinybert-l2,trec-dl-2020,iso,0.54,0.8,0.015828350334154064,45
tinybert-l2,trec-dl-2020,iso,0.55,0.8,0.015828350334154064,45
tinybert-l2,trec-dl-2020,iso,0.56,0.8,0.015828350334154064,45
tinybert-l2,trec-dl-2020,iso,0.5700000000000001,0.8,0.015828350334154064,45
tinybert-l2,trec-dl-2020,iso,0.5800000000000001,0.8,0.015828350334154064,45
tinybert-l2,trec-dl-2020,iso,0.59,0.7954545454545454,0.015476609215617306,44
tinybert-l2,trec-dl-2020,iso,0.6,0.7954545454545454,0.015476609215617306,44
tinybert-l2,trec-dl-2020,iso,0.61,0.75,0.011255715793176222,32
tinybert-l2,trec-dl-2020,iso,0.62,0.75,0.011255715793176222,32
tinybert-l2,trec-dl-2020,iso,0.63,0.75,0.011255715793176222,32
tinybert-l2,trec-dl-2020,iso,0.64,0.7741935483870968,0.010903974674639466,31
tinybert-l2,trec-dl-2020,iso,0.65,0.7741935483870968,0.010903974674639466,31
tinybert-l2,trec-dl-2020,iso,0.66,0.7666666666666667,0.010552233556102708,30
tinybert-l2,trec-dl-2020,iso,0.67,0.7666666666666667,0.010552233556102708,30
tinybert-l2,trec-dl-2020,iso,0.68,,0.01020049243756595,29
tinybert-l2,trec-dl-2020,iso,0.6900000000000001,,0.01020049243756595,29
tinybert-l2,trec-dl-2020,iso,0.7000000000000001,,0.01020049243756595,29
tinybert-l2,trec-dl-2020,iso,0.7100000000000001,,0.01020049243756595,29
tinybert-l2,trec-dl-2020,iso,0.72,,0.01020049243756595,29
tinybert-l2,trec-dl-2020,iso,0.73,,0.01020049243756595,29
tinybert-l2,trec-dl-2020,iso,0.74,,0.01020049243756595,29
tinybert-l2,trec-dl-2020,iso,0.75,,0.01020049243756595,29
tinybert-l2,trec-dl-2020,iso,0.76,,0.01020049243756595,29
tinybert-l2,trec-dl-2020,iso,0.77,,0.01020049243756595,29
tinybert-l2,trec-dl-2020,iso,0.78,,0.01020049243756595,29
tinybert-l2,trec-dl-2020,iso,0.79,,0.01020049243756595,29
tinybert-l2,trec-dl-2020,iso,0.8,,0.01020049243756595,29
tinybert-l2,trec-dl-2020,iso,0.81,,0.009848751319029195,28
tinybert-l2,trec-dl-2020,iso,0.8200000000000001,,0.005276116778051354,15
tinybert-l2,trec-dl-2020,iso,0.8300000000000001,,0.005276116778051354,15
tinybert-l2,trec-dl-2020,iso,0.8400000000000001,,0.005276116778051354,15
tinybert-l2,trec-dl-2020,iso,0.85,,0.005276116778051354,15
tinybert-l2,trec-dl-2020,iso,0.86,,0.005276116778051354,15
tinybert-l2,trec-dl-2020,iso,0.87,,0.005276116778051354,15
tinybert-l2,trec-dl-2020,iso,0.88,,0.005276116778051354,15
tinybert-l2,trec-dl-2020,iso,0.89,,0.005276116778051354,15
tinybert-l2,trec-dl-2020,iso,0.9,,0.004924375659514597,14
tinybert-l2,trec-dl-2020,iso,0.91,,0.004924375659514597,14
tinybert-l2,trec-dl-2020,iso,0.92,,0.004924375659514597,14
tinybert-l2,trec-dl-2020,iso,0.93,,0.004924375659514597,14
tinybert-l2,trec-dl-2020,iso,0.9400000000000001,,0.004924375659514597,14
tinybert-l2,trec-dl-2020,iso,0.9500000000000001,,0.001055223355610271,3
tinybert-l2,trec-dl-2020,iso,0.9600000000000001,,0.001055223355610271,3
tinybert-l2,trec-dl-2020,iso,0.97,,0.0007034822370735139,2
tinybert-l2,trec-dl-2020,iso,0.98,,0.0007034822370735139,2
tinybert-l2,trec-dl-2020,iso,0.99,,0.0007034822370735139,2
tinybert-l2,trec-dl-2020,temp_lodo,0.01,0.16848399577910658,1.0,2843
tinybert-l2,trec-dl-2020,temp_lodo,0.02,0.16848399577910658,1.0,2843
tinybert-l2,trec-dl-2020,temp_lodo,0.03,0.16848399577910658,1.0,2843
tinybert-l2,trec-dl-2020,temp_lodo,0.04,0.16848399577910658,1.0,2843
tinybert-l2,trec-dl-2020,temp_lodo,0.05,0.16848399577910658,1.0,2843
tinybert-l2,trec-dl-2020,temp_lodo,0.060000000000000005,0.16848399577910658,1.0,2843
tinybert-l2,trec-dl-2020,temp_lodo,0.06999999999999999,0.16848399577910658,1.0,2843
tinybert-l2,trec-dl-2020,temp_lodo,0.08,0.16848399577910658,1.0,2843
tinybert-l2,trec-dl-2020,temp_lodo,0.09,0.16848399577910658,1.0,2843
tinybert-l2,trec-dl-2020,temp_lodo,0.09999999999999999,0.16848399577910658,1.0,2843
tinybert-l2,trec-dl-2020,temp_lodo,0.11,0.16848399577910658,1.0,2843
tinybert-l2,trec-dl-2020,temp_lodo,0.12,0.16848399577910658,1.0,2843
tinybert-l2,trec-dl-2020,temp_lodo,0.13,0.16848399577910658,1.0,2843
tinybert-l2,trec-dl-2020,temp_lodo,0.14,0.16848399577910658,1.0,2843
tinybert-l2,trec-dl-2020,temp_lodo,0.15000000000000002,0.16848399577910658,1.0,2843
tinybert-l2,trec-dl-2020,temp_lodo,0.16,0.16848399577910658,1.0,2843
tinybert-l2,trec-dl-2020,temp_lodo,0.17,0.16884032428621784,0.9978895532887795,2837
tinybert-l2,trec-dl-2020,temp_lodo,0.18000000000000002,0.17076648841354725,0.9866338374956032,2805
tinybert-l2,trec-dl-2020,temp_lodo,0.19,0.1728617827499098,0.9746746394653535,2771
tinybert-l2,trec-dl-2020,temp_lodo,0.2,0.17552216929278125,0.9599015124868097,2729
tinybert-l2,trec-dl-2020,temp_lodo,0.21000000000000002,0.17793462109955424,0.9468870911009497,2692
tinybert-l2,trec-dl-2020,temp_lodo,0.22,0.18102796674225247,0.9307069996482589,2646
tinybert-l2,trec-dl-2020,temp_lodo,0.23,0.18282442748091604,0.9215617305663032,2620
tinybert-l2,trec-dl-2020,temp_lodo,0.24000000000000002,0.18555900621118013,0.9060851213506859,2576
tinybert-l2,trec-dl-2020,temp_lodo,0.25,0.18878357030015797,0.8906085121350686,2532
tinybert-l2,trec-dl-2020,temp_lodo,0.26,0.1912590216519647,0.8772423496306718,2494
tinybert-l2,trec-dl-2020,temp_lodo,0.27,0.19318181818181818,0.8666901160745691,2464
tinybert-l2,trec-dl-2020,temp_lodo,0.28,0.19620774938169827,0.8533239535701723,2426
tinybert-l2,trec-dl-2020,temp_lodo,0.29000000000000004,0.1979991663192997,0.8438269433696799,2399
tinybert-l2,trec-dl-2020,temp_lodo,0.3,0.2006788290199406,0.8290538163911362,2357
tinybert-l2,trec-dl-2020,temp_lodo,0.31,0.20224234583872358,0.8156876538867394,2319
tinybert-l2,trec-dl-2020,temp_lodo,0.32,0.20491443615620886,0.801618009145269,2279
tinybert-l2,trec-dl-2020,temp_lodo,0.33,0.20758928571428573,0.7879001055223356,2240
tinybert-l2,trec-dl-2020,temp_lodo,0.34,0.2109090909090909,0.7738304607808653,2200
tinybert-l2,trec-dl-2020,temp_lodo,0.35000000000000003,0.21359223300970873,0.7608160393950053,2163
tinybert-l2,trec-dl-2020,temp_lodo,0.36000000000000004,0.21492257156264666,0.749560323601829,2131
tinybert-l2,trec-dl-2020,temp_lodo,0.37,0.21845124282982792,0.7358424199788955,2092
tinybert-l2,trec-dl-2020,temp_lodo,0.38,0.2215714982918497,0.720717551881815,2049
tinybert-l2,trec-dl-2020,temp_lodo,0.39,0.22521175884404585,0.7059444249032711,2007
tinybert-l2,trec-dl-2020,temp_lodo,0.4,0.2288911495422177,0.6915230390432642,1966
tinybert-l2,trec-dl-2020,temp_lodo,0.41000000000000003,0.23212435233160622,0.6788603587759409,1930
tinybert-l2,trec-dl-2020,temp_lodo,0.42000000000000004,0.23733333333333334,0.6595145972564193,1875
tinybert-l2,trec-dl-2020,temp_lodo,0.43,0.24207650273224043,0.6436862469222652,1830
tinybert-l2,trec-dl-2020,temp_lodo,0.44,0.2480270574971815,0.6239887442842068,1774
tinybert-l2,trec-dl-2020,temp_lodo,0.45,0.2504317789291883,0.6109743228983469,1737
tinybert-l2,trec-dl-2020,temp_lodo,0.46,0.25234192037470726,0.6007738304607808,1708
tinybert-l2,trec-dl-2020,temp_lodo,0.47000000000000003,0.2533013205282113,0.5860007034822371,1666
tinybert-l2,trec-dl-2020,temp_lodo,0.48000000000000004,0.2561124694376528,0.5754484699261344,1636
tinybert-l2,trec-dl-2020,temp_lodo,0.49,0.2575187969924812,0.5613788251846641,1596
tinybert-l2,trec-dl-2020,temp_lodo,0.5,0.2600896860986547,0.5490678860358776,1561
tinybert-l2,trec-dl-2020,temp_lodo,0.51,0.26322664924885697,0.5385156524797748,1531
tinybert-l2,trec-dl-2020,temp_lodo,0.52,0.26711409395973157,0.5240942666197679,1490
tinybert-l2,trec-dl-2020,temp_lodo,0.53,0.2717913520933425,0.5124868097080548,1457
tinybert-l2,trec-dl-2020,temp_lodo,0.54,0.2739531582682754,0.49560323601829054,1409
tinybert-l2,trec-dl-2020,temp_lodo,0.55,0.28023598820059,0.47696095673584243,1356
tinybert-l2,trec-dl-2020,temp_lodo,0.56,0.28170083523158695,0.4632430531129089,1317
tinybert-l2,trec-dl-2020,temp_lodo,0.5700000000000001,0.2857142857142857,0.45304256067534293,1288
tinybert-l2,trec-dl-2020,temp_lodo,0.5800000000000001,0.29321486268174474,0.4354555047485051,1238
tinybert-l2,trec-dl-2020,temp_lodo,0.59,0.29534109816971715,0.42279282448118183,1202
tinybert-l2,trec-dl-2020,temp_lodo,0.6,0.3028229255774166,0.4111853675694689,1169
tinybert-l2,trec-dl-2020,temp_lodo,0.61,0.30857648099027407,0.3978192050650721,1131
tinybert-l2,trec-dl-2020,temp_lodo,0.62,0.3163265306122449,0.37917692578262396,1078
tinybert-l2,trec-dl-2020,temp_lodo,0.63,0.3206256109481916,0.35983116426310235,1023
tinybert-l2,trec-dl-2020,temp_lodo,0.64,0.330603889457523,0.3436510728104115,977
tinybert-l2,trec-dl-2020,temp_lodo,0.65,0.3372717508055854,0.32747098135772074,931
tinybert-l2,trec-dl-2020,temp_lodo,0.66,0.34121621621621623,0.31234611326064016,888
tinybert-l2,trec-dl-2020,temp_lodo,0.67,0.35714285714285715,0.28561378825184663,812
tinybert-l2,trec-dl-2020,temp_lodo,0.68,0.374496644295302,0.26204713330988394,745
tinybert-l2,trec-dl-2020,temp_lodo,0.6900000000000001,0.39233038348082594,0.23848047836792122,678
tinybert-l2,trec-dl-2020,temp_lodo,0.7000000000000001,0.4029363784665579,0.215617305663032,613
tinybert-l2,trec-dl-2020,temp_lodo,0.7100000000000001,0.4203703703703704,0.18994020400984876,540
tinybert-l2,trec-dl-2020,temp_lodo,0.72,0.4327731092436975,0.1674287724234963,476
tinybert-l2,trec-dl-2020,temp_lodo,0.73,0.45255474452554745,0.1445655997186071,411
tinybert-l2,trec-dl-2020,temp_lodo,0.74,0.46706586826347307,0.11748153359127682,334
tinybert-l2,trec-dl-2020,temp_lodo,0.75,0.47674418604651164,0.0907492085824833,258
tinybert-l2,trec-dl-2020,temp_lodo,0.76,0.49732620320855614,0.06577558916637355,187
tinybert-l2,trec-dl-2020,temp_lodo,0.77,0.5177304964539007,0.049595497713682726,141
tinybert-l2,trec-dl-2020,temp_lodo,0.78,0.627906976744186,0.030249736194161096,86
tinybert-l2,trec-dl-2020,temp_lodo,0.79,0.7636363636363637,0.019345761519521634,55
tinybert-l2,trec-dl-2020,temp_lodo,0.8,,0.008793527963418923,25
tinybert-l2,trec-dl-2020,temp_lodo,0.81,,0.0028139289482940555,8
tinybert-l2,trec-dl-2020,temp_lodo,0.8200000000000001,,0.00035174111853675694,1
tinybert-l2,trec-dl-2020,temp_lodo,0.8300000000000001,,0.0,0
tinybert-l2,trec-dl-2020,temp_lodo,0.8400000000000001,,0.0,0
tinybert-l2,trec-dl-2020,temp_lodo,0.85,,0.0,0
tinybert-l2,trec-dl-2020,temp_lodo,0.86,,0.0,0
tinybert-l2,trec-dl-2020,temp_lodo,0.87,,0.0,0
tinybert-l2,trec-dl-2020,temp_lodo,0.88,,0.0,0
tinybert-l2,trec-dl-2020,temp_lodo,0.89,,0.0,0
tinybert-l2,trec-dl-2020,temp_lodo,0.9,,0.0,0
tinybert-l2,trec-dl-2020,temp_lodo,0.91,,0.0,0
tinybert-l2,trec-dl-2020,temp_lodo,0.92,,0.0,0
tinybert-l2,trec-dl-2020,temp_lodo,0.93,,0.0,0
tinybert-l2,trec-dl-2020,temp_lodo,0.9400000000000001,,0.0,0
tinybert-l2,trec-dl-2020,temp_lodo,0.9500000000000001,,0.0,0
tinybert-l2,trec-dl-2020,temp_lodo,0.9600000000000001,,0.0,0
tinybert-l2,trec-dl-2020,temp_lodo,0.97,,0.0,0
tinybert-l2,trec-dl-2020,temp_lodo,0.98,,0.0,0
tinybert-l2,trec-dl-2020,temp_lodo,0.99,,0.0,0
tinybert-l2,webis-touche2020,raw,0.01,0.8300395256916996,0.7955974842767296,253
tinybert-l2,webis-touche2020,raw,0.02,0.8292682926829268,0.7735849056603774,246
tinybert-l2,webis-touche2020,raw,0.03,0.8270042194092827,0.7452830188679245,237
tinybert-l2,webis-touche2020,raw,0.04,0.8283261802575107,0.7327044025157232,233
tinybert-l2,webis-touche2020,raw,0.05,0.8296943231441049,0.720125786163522,229
tinybert-l2,webis-touche2020,raw,0.060000000000000005,0.8370044052863436,0.7138364779874213,227
tinybert-l2,webis-touche2020,raw,0.06999999999999999,0.8370044052863436,0.7138364779874213,227
tinybert-l2,webis-touche2020,raw,0.08,0.8362831858407079,0.710691823899371,226
tinybert-l2,webis-touche2020,raw,0.09,0.84,0.7075471698113207,225
tinybert-l2,webis-touche2020,raw,0.09999999999999999,0.84,0.7075471698113207,225
tinybert-l2,webis-touche2020,raw,0.11,0.8416289592760181,0.6949685534591195,221
tinybert-l2,webis-touche2020,raw,0.12,0.8486238532110092,0.6855345911949685,218
tinybert-l2,webis-touche2020,raw,0.13,0.8472222222222222,0.6792452830188679,216
tinybert-l2,webis-touche2020,raw,0.14,0.8465116279069768,0.6761006289308176,215
tinybert-l2,webis-touche2020,raw,0.15000000000000002,0.8465116279069768,0.6761006289308176,215
tinybert-l2,webis-touche2020,raw,0.16,0.8465116279069768,0.6761006289308176,215
tinybert-l2,webis-touche2020,raw,0.17,0.8457943925233645,0.6729559748427673,214
tinybert-l2,webis-touche2020,raw,0.18000000000000002,0.8443396226415094,0.6666666666666666,212
tinybert-l2,webis-touche2020,raw,0.19,0.8443396226415094,0.6666666666666666,212
tinybert-l2,webis-touche2020,raw,0.2,0.84688995215311,0.6572327044025157,209
tinybert-l2,webis-touche2020,raw,0.21000000000000002,0.84688995215311,0.6572327044025157,209
tinybert-l2,webis-touche2020,raw,0.22,0.84688995215311,0.6572327044025157,209
tinybert-l2,webis-touche2020,raw,0.23,0.84688995215311,0.6572327044025157,209
tinybert-l2,webis-touche2020,raw,0.24000000000000002,0.84688995215311,0.6572327044025157,209
tinybert-l2,webis-touche2020,raw,0.25,0.84688995215311,0.6572327044025157,209
tinybert-l2,webis-touche2020,raw,0.26,0.84688995215311,0.6572327044025157,209
tinybert-l2,webis-touche2020,raw,0.27,0.84688995215311,0.6572327044025157,209
tinybert-l2,webis-touche2020,raw,0.28,0.8461538461538461,0.6540880503144654,208
tinybert-l2,webis-touche2020,raw,0.29000000000000004,0.8461538461538461,0.6540880503144654,208
tinybert-l2,webis-touche2020,raw,0.3,0.8461538461538461,0.6540880503144654,208
tinybert-l2,webis-touche2020,raw,0.31,0.8454106280193237,0.6509433962264151,207
tinybert-l2,webis-touche2020,raw,0.32,0.8454106280193237,0.6509433962264151,207
tinybert-l2,webis-touche2020,raw,0.33,0.8454106280193237,0.6509433962264151,207
tinybert-l2,webis-touche2020,raw,0.34,0.8454106280193237,0.6509433962264151,207
tinybert-l2,webis-touche2020,raw,0.35000000000000003,0.8446601941747572,0.6477987421383647,206
tinybert-l2,webis-touche2020,raw,0.36000000000000004,0.8446601941747572,0.6477987421383647,206
tinybert-l2,webis-touche2020,raw,0.37,0.8439024390243902,0.6446540880503144,205
tinybert-l2,webis-touche2020,raw,0.38,0.8439024390243902,0.6446540880503144,205
tinybert-l2,webis-touche2020,raw,0.39,0.8431372549019608,0.6415094339622641,204
tinybert-l2,webis-touche2020,raw,0.4,0.8431372549019608,0.6415094339622641,204
tinybert-l2,webis-touche2020,raw,0.41000000000000003,0.8431372549019608,0.6415094339622641,204
tinybert-l2,webis-touche2020,raw,0.42000000000000004,0.8431372549019608,0.6415094339622641,204
tinybert-l2,webis-touche2020,raw,0.43,0.8423645320197044,0.6383647798742138,203
tinybert-l2,webis-touche2020,raw,0.44,0.8423645320197044,0.6383647798742138,203
tinybert-l2,webis-touche2020,raw,0.45,0.8423645320197044,0.6383647798742138,203
tinybert-l2,webis-touche2020,raw,0.46,0.8423645320197044,0.6383647798742138,203
tinybert-l2,webis-touche2020,raw,0.47000000000000003,0.8415841584158416,0.6352201257861635,202
tinybert-l2,webis-touche2020,raw,0.48000000000000004,0.8407960199004975,0.6320754716981132,201
tinybert-l2,webis-touche2020,raw,0.49,0.8407960199004975,0.6320754716981132,201
tinybert-l2,webis-touche2020,raw,0.5,0.8407960199004975,0.6320754716981132,201
tinybert-l2,webis-touche2020,raw,0.51,0.8391959798994975,0.6257861635220126,199
tinybert-l2,webis-touche2020,raw,0.52,0.8434343434343434,0.6226415094339622,198
tinybert-l2,webis-touche2020,raw,0.53,0.8434343434343434,0.6226415094339622,198
tinybert-l2,webis-touche2020,raw,0.54,0.8426395939086294,0.6194968553459119,197
tinybert-l2,webis-touche2020,raw,0.55,0.841025641025641,0.6132075471698113,195
tinybert-l2,webis-touche2020,raw,0.56,0.8402061855670103,0.610062893081761,194
tinybert-l2,webis-touche2020,raw,0.5700000000000001,0.8402061855670103,0.610062893081761,194
tinybert-l2,webis-touche2020,raw,0.5800000000000001,0.8402061855670103,0.610062893081761,194
tinybert-l2,webis-touche2020,raw,0.59,0.837696335078534,0.60062893081761,191
tinybert-l2,webis-touche2020,raw,0.6,0.837696335078534,0.60062893081761,191
tinybert-l2,webis-touche2020,raw,0.61,0.837696335078534,0.60062893081761,191
tinybert-l2,webis-touche2020,raw,0.62,0.837696335078534,0.60062893081761,191
tinybert-l2,webis-touche2020,raw,0.63,0.837696335078534,0.60062893081761,191
tinybert-l2,webis-touche2020,raw,0.64,0.837696335078534,0.60062893081761,191
tinybert-l2,webis-touche2020,raw,0.65,0.837696335078534,0.60062893081761,191
tinybert-l2,webis-touche2020,raw,0.66,0.837696335078534,0.60062893081761,191
tinybert-l2,webis-touche2020,raw,0.67,0.8368421052631579,0.5974842767295597,190
tinybert-l2,webis-touche2020,raw,0.68,0.8368421052631579,0.5974842767295597,190
tinybert-l2,webis-touche2020,raw,0.6900000000000001,0.8368421052631579,0.5974842767295597,190
tinybert-l2,webis-touche2020,raw,0.7000000000000001,0.8412698412698413,0.5943396226415094,189
tinybert-l2,webis-touche2020,raw,0.7100000000000001,0.8412698412698413,0.5943396226415094,189
tinybert-l2,webis-touche2020,raw,0.72,0.8412698412698413,0.5943396226415094,189
tinybert-l2,webis-touche2020,raw,0.73,0.839572192513369,0.5880503144654088,187
tinybert-l2,webis-touche2020,raw,0.74,0.8378378378378378,0.5817610062893082,185
tinybert-l2,webis-touche2020,raw,0.75,0.8369565217391305,0.5786163522012578,184
tinybert-l2,webis-touche2020,raw,0.76,0.8369565217391305,0.5786163522012578,184
tinybert-l2,webis-touche2020,raw,0.77,0.8360655737704918,0.5754716981132075,183
tinybert-l2,webis-touche2020,raw,0.78,0.8342541436464088,0.5691823899371069,181
tinybert-l2,webis-touche2020,raw,0.79,0.8314606741573034,0.559748427672956,178
tinybert-l2,webis-touche2020,raw,0.8,0.8305084745762712,0.5566037735849056,177
tinybert-l2,webis-touche2020,raw,0.81,0.8305084745762712,0.5566037735849056,177
tinybert-l2,webis-touche2020,raw,0.8200000000000001,0.8285714285714286,0.550314465408805,175
tinybert-l2,webis-touche2020,raw,0.8300000000000001,0.8275862068965517,0.5471698113207547,174
tinybert-l2,webis-touche2020,raw,0.8400000000000001,0.8313953488372093,0.5408805031446541,172
tinybert-l2,webis-touche2020,raw,0.85,0.8313953488372093,0.5408805031446541,172
tinybert-l2,webis-touche2020,raw,0.86,0.8304093567251462,0.5377358490566038,171
tinybert-l2,webis-touche2020,raw,0.87,0.8294117647058824,0.5345911949685535,170
tinybert-l2,webis-touche2020,raw,0.88,0.8294117647058824,0.5345911949685535,170
tinybert-l2,webis-touche2020,raw,0.89,0.8273809523809523,0.5283018867924528,168
tinybert-l2,webis-touche2020,raw,0.9,0.8242424242424242,0.5188679245283019,165
tinybert-l2,webis-touche2020,raw,0.91,0.8242424242424242,0.5188679245283019,165
tinybert-l2,webis-touche2020,raw,0.92,0.8209876543209876,0.5094339622641509,162
tinybert-l2,webis-touche2020,raw,0.93,0.81875,0.5031446540880503,160
tinybert-l2,webis-touche2020,raw,0.9400000000000001,0.8141025641025641,0.49056603773584906,156
tinybert-l2,webis-touche2020,raw,0.9500000000000001,0.8181818181818182,0.48427672955974843,154
tinybert-l2,webis-touche2020,raw,0.9600000000000001,0.8133333333333334,0.4716981132075472,150
tinybert-l2,webis-touche2020,raw,0.97,0.8125,0.4528301886792453,144
tinybert-l2,webis-touche2020,raw,0.98,0.8057553956834532,0.4371069182389937,139
tinybert-l2,webis-touche2020,raw,0.99,0.784,0.39308176100628933,125
tinybert-l2,webis-touche2020,temp,0.01,0.779874213836478,1.0,318
tinybert-l2,webis-touche2020,temp,0.02,0.779874213836478,1.0,318
tinybert-l2,webis-touche2020,temp,0.03,0.779874213836478,1.0,318
tinybert-l2,webis-touche2020,temp,0.04,0.779874213836478,1.0,318
tinybert-l2,webis-touche2020,temp,0.05,0.779874213836478,1.0,318
tinybert-l2,webis-touche2020,temp,0.060000000000000005,0.779874213836478,1.0,318
tinybert-l2,webis-touche2020,temp,0.06999999999999999,0.779874213836478,1.0,318
tinybert-l2,webis-touche2020,temp,0.08,0.779874213836478,1.0,318
tinybert-l2,webis-touche2020,temp,0.09,0.779874213836478,1.0,318
tinybert-l2,webis-touche2020,temp,0.09999999999999999,0.779874213836478,1.0,318
tinybert-l2,webis-touche2020,temp,0.11,0.779874213836478,1.0,318
tinybert-l2,webis-touche2020,temp,0.12,0.779874213836478,1.0,318
tinybert-l2,webis-touche2020,temp,0.13,0.779874213836478,1.0,318
tinybert-l2,webis-touche2020,temp,0.14,0.779874213836478,1.0,318
tinybert-l2,webis-touche2020,temp,0.15000000000000002,0.779874213836478,1.0,318
tinybert-l2,webis-touche2020,temp,0.16,0.779874213836478,1.0,318
tinybert-l2,webis-touche2020,temp,0.17,0.779874213836478,1.0,318
tinybert-l2,webis-touche2020,temp,0.18000000000000002,0.779874213836478,1.0,318
tinybert-l2,webis-touche2020,temp,0.19,0.779874213836478,1.0,318
tinybert-l2,webis-touche2020,temp,0.2,0.779874213836478,1.0,318
tinybert-l2,webis-touche2020,temp,0.21000000000000002,0.779874213836478,1.0,318
tinybert-l2,webis-touche2020,temp,0.22,0.779874213836478,1.0,318
tinybert-l2,webis-touche2020,temp,0.23,0.779874213836478,1.0,318
tinybert-l2,webis-touche2020,temp,0.24000000000000002,0.779874213836478,1.0,318
tinybert-l2,webis-touche2020,temp,0.25,0.779874213836478,1.0,318
tinybert-l2,webis-touche2020,temp,0.26,0.779874213836478,1.0,318
tinybert-l2,webis-touche2020,temp,0.27,0.7841269841269841,0.9905660377358491,315
tinybert-l2,webis-touche2020,temp,0.28,0.7841269841269841,0.9905660377358491,315
tinybert-l2,webis-touche2020,temp,0.29000000000000004,0.782051282051282,0.9811320754716981,312
tinybert-l2,webis-touche2020,temp,0.3,0.7908496732026143,0.9622641509433962,306
tinybert-l2,webis-touche2020,temp,0.31,0.7927631578947368,0.9559748427672956,304
tinybert-l2,webis-touche2020,temp,0.32,0.7906976744186046,0.9465408805031447,301
tinybert-l2,webis-touche2020,temp,0.33,0.7946127946127947,0.9339622641509434,297
tinybert-l2,webis-touche2020,temp,0.34,0.803448275862069,0.9119496855345912,290
tinybert-l2,webis-touche2020,temp,0.35000000000000003,0.8076923076923077,0.89937106918239,286
tinybert-l2,webis-touche2020,temp,0.36000000000000004,0.8091872791519434,0.889937106918239,283
tinybert-l2,webis-touche2020,temp,0.37,0.8095238095238095,0.8584905660377359,273
tinybert-l2,webis-touche2020,temp,0.38,0.8089887640449438,0.839622641509434,267
tinybert-l2,webis-touche2020,temp,0.39,0.8192307692307692,0.8176100628930818,260
tinybert-l2,webis-touche2020,temp,0.4,0.8300395256916996,0.7955974842767296,253
tinybert-l2,webis-touche2020,temp,0.41000000000000003,0.8306451612903226,0.779874213836478,248
tinybert-l2,webis-touche2020,temp,0.42000000000000004,0.8291666666666667,0.7547169811320755,240
tinybert-l2,webis-touche2020,temp,0.43,0.8275862068965517,0.7295597484276729,232
tinybert-l2,webis-touche2020,temp,0.44,0.8370044052863436,0.7138364779874213,227
tinybert-l2,webis-touche2020,temp,0.45,0.84,0.7075471698113207,225
tinybert-l2,webis-touche2020,temp,0.46,0.8465116279069768,0.6761006289308176,215
tinybert-l2,webis-touche2020,temp,0.47000000000000003,0.84688995215311,0.6572327044025157,209
tinybert-l2,webis-touche2020,temp,0.48000000000000004,0.8461538461538461,0.6540880503144654,208
tinybert-l2,webis-touche2020,temp,0.49,0.8431372549019608,0.6415094339622641,204
tinybert-l2,webis-touche2020,temp,0.5,0.8407960199004975,0.6320754716981132,201
tinybert-l2,webis-touche2020,temp,0.51,0.837696335078534,0.60062893081761,191
tinybert-l2,webis-touche2020,temp,0.52,0.8412698412698413,0.5943396226415094,189
tinybert-l2,webis-touche2020,temp,0.53,0.8314606741573034,0.559748427672956,178
tinybert-l2,webis-touche2020,temp,0.54,0.8313953488372093,0.5408805031446541,172
tinybert-l2,webis-touche2020,temp,0.55,0.8242424242424242,0.5188679245283019,165
tinybert-l2,webis-touche2020,temp,0.56,0.8164556962025317,0.4968553459119497,158
tinybert-l2,webis-touche2020,temp,0.5700000000000001,0.8145695364238411,0.4748427672955975,151
tinybert-l2,webis-touche2020,temp,0.5800000000000001,0.8085106382978723,0.44339622641509435,141
tinybert-l2,webis-touche2020,temp,0.59,0.8029197080291971,0.4308176100628931,137
tinybert-l2,webis-touche2020,temp,0.6,0.7890625,0.4025157232704403,128
tinybert-l2,webis-touche2020,temp,0.61,0.7711864406779662,0.3710691823899371,118
tinybert-l2,webis-touche2020,temp,0.62,0.7614678899082569,0.34276729559748426,109
tinybert-l2,webis-touche2020,temp,0.63,0.7526881720430108,0.29245283018867924,93
tinybert-l2,webis-touche2020,temp,0.64,0.7411764705882353,0.2672955974842767,85
tinybert-l2,webis-touche2020,temp,0.65,0.717948717948718,0.24528301886792453,78
tinybert-l2,webis-touche2020,temp,0.66,0.7246376811594203,0.2169811320754717,69
tinybert-l2,webis-touche2020,temp,0.67,0.660377358490566,0.16666666666666666,53
tinybert-l2,webis-touche2020,temp,0.68,0.5641025641025641,0.12264150943396226,39
tinybert-l2,webis-touche2020,temp,0.6900000000000001,,0.09119496855345911,29
tinybert-l2,webis-touche2020,temp,0.7000000000000001,,0.07232704402515723,23
tinybert-l2,webis-touche2020,temp,0.7100000000000001,,0.040880503144654086,13
tinybert-l2,webis-touche2020,temp,0.72,,0.018867924528301886,6
tinybert-l2,webis-touche2020,temp,0.73,,0.0,0
tinybert-l2,webis-touche2020,temp,0.74,,0.0,0
tinybert-l2,webis-touche2020,temp,0.75,,0.0,0
tinybert-l2,webis-touche2020,temp,0.76,,0.0,0
tinybert-l2,webis-touche2020,temp,0.77,,0.0,0
tinybert-l2,webis-touche2020,temp,0.78,,0.0,0
tinybert-l2,webis-touche2020,temp,0.79,,0.0,0
tinybert-l2,webis-touche2020,temp,0.8,,0.0,0
tinybert-l2,webis-touche2020,temp,0.81,,0.0,0
tinybert-l2,webis-touche2020,temp,0.8200000000000001,,0.0,0
tinybert-l2,webis-touche2020,temp,0.8300000000000001,,0.0,0
tinybert-l2,webis-touche2020,temp,0.8400000000000001,,0.0,0
tinybert-l2,webis-touche2020,temp,0.85,,0.0,0
tinybert-l2,webis-touche2020,temp,0.86,,0.0,0
tinybert-l2,webis-touche2020,temp,0.87,,0.0,0
tinybert-l2,webis-touche2020,temp,0.88,,0.0,0
tinybert-l2,webis-touche2020,temp,0.89,,0.0,0
tinybert-l2,webis-touche2020,temp,0.9,,0.0,0
tinybert-l2,webis-touche2020,temp,0.91,,0.0,0
tinybert-l2,webis-touche2020,temp,0.92,,0.0,0
tinybert-l2,webis-touche2020,temp,0.93,,0.0,0
tinybert-l2,webis-touche2020,temp,0.9400000000000001,,0.0,0
tinybert-l2,webis-touche2020,temp,0.9500000000000001,,0.0,0
tinybert-l2,webis-touche2020,temp,0.9600000000000001,,0.0,0
tinybert-l2,webis-touche2020,temp,0.97,,0.0,0
tinybert-l2,webis-touche2020,temp,0.98,,0.0,0
tinybert-l2,webis-touche2020,temp,0.99,,0.0,0
tinybert-l2,webis-touche2020,platt,0.01,0.779874213836478,1.0,318
tinybert-l2,webis-touche2020,platt,0.02,0.779874213836478,1.0,318
tinybert-l2,webis-touche2020,platt,0.03,0.779874213836478,1.0,318
tinybert-l2,webis-touche2020,platt,0.04,0.779874213836478,1.0,318
tinybert-l2,webis-touche2020,platt,0.05,0.779874213836478,1.0,318
tinybert-l2,webis-touche2020,platt,0.060000000000000005,0.779874213836478,1.0,318
tinybert-l2,webis-touche2020,platt,0.06999999999999999,0.779874213836478,1.0,318
tinybert-l2,webis-touche2020,platt,0.08,0.779874213836478,1.0,318
tinybert-l2,webis-touche2020,platt,0.09,0.779874213836478,1.0,318
tinybert-l2,webis-touche2020,platt,0.09999999999999999,0.779874213836478,1.0,318
tinybert-l2,webis-touche2020,platt,0.11,0.779874213836478,1.0,318
tinybert-l2,webis-touche2020,platt,0.12,0.779874213836478,1.0,318
tinybert-l2,webis-touche2020,platt,0.13,0.779874213836478,1.0,318
tinybert-l2,webis-touche2020,platt,0.14,0.779874213836478,1.0,318
tinybert-l2,webis-touche2020,platt,0.15000000000000002,0.779874213836478,1.0,318
tinybert-l2,webis-touche2020,platt,0.16,0.779874213836478,1.0,318
tinybert-l2,webis-touche2020,platt,0.17,0.779874213836478,1.0,318
tinybert-l2,webis-touche2020,platt,0.18000000000000002,0.779874213836478,1.0,318
tinybert-l2,webis-touche2020,platt,0.19,0.779874213836478,1.0,318
tinybert-l2,webis-touche2020,platt,0.2,0.779874213836478,1.0,318
tinybert-l2,webis-touche2020,platt,0.21000000000000002,0.779874213836478,1.0,318
tinybert-l2,webis-touche2020,platt,0.22,0.779874213836478,1.0,318
tinybert-l2,webis-touche2020,platt,0.23,0.779874213836478,1.0,318
tinybert-l2,webis-touche2020,platt,0.24000000000000002,0.779874213836478,1.0,318
tinybert-l2,webis-touche2020,platt,0.25,0.779874213836478,1.0,318
tinybert-l2,webis-touche2020,platt,0.26,0.779874213836478,1.0,318
tinybert-l2,webis-touche2020,platt,0.27,0.779874213836478,1.0,318
tinybert-l2,webis-touche2020,platt,0.28,0.779874213836478,1.0,318
tinybert-l2,webis-touche2020,platt,0.29000000000000004,0.779874213836478,1.0,318
tinybert-l2,webis-touche2020,platt,0.3,0.779874213836478,1.0,318
tinybert-l2,webis-touche2020,platt,0.31,0.779874213836478,1.0,318
tinybert-l2,webis-touche2020,platt,0.32,0.779874213836478,1.0,318
tinybert-l2,webis-touche2020,platt,0.33,0.779874213836478,1.0,318
tinybert-l2,webis-touche2020,platt,0.34,0.779874213836478,1.0,318
tinybert-l2,webis-touche2020,platt,0.35000000000000003,0.779874213836478,1.0,318
tinybert-l2,webis-touche2020,platt,0.36000000000000004,0.779874213836478,1.0,318
tinybert-l2,webis-touche2020,platt,0.37,0.779874213836478,1.0,318
tinybert-l2,webis-touche2020,platt,0.38,0.779874213836478,1.0,318
tinybert-l2,webis-touche2020,platt,0.39,0.779874213836478,1.0,318
tinybert-l2,webis-touche2020,platt,0.4,0.779874213836478,1.0,318
tinybert-l2,webis-touche2020,platt,0.41000000000000003,0.779874213836478,1.0,318
tinybert-l2,webis-touche2020,platt,0.42000000000000004,0.779874213836478,1.0,318
tinybert-l2,webis-touche2020,platt,0.43,0.779874213836478,1.0,318
tinybert-l2,webis-touche2020,platt,0.44,0.779874213836478,1.0,318
tinybert-l2,webis-touche2020,platt,0.45,0.779874213836478,1.0,318
tinybert-l2,webis-touche2020,platt,0.46,0.779874213836478,1.0,318
tinybert-l2,webis-touche2020,platt,0.47000000000000003,0.779874213836478,1.0,318
tinybert-l2,webis-touche2020,platt,0.48000000000000004,0.779874213836478,1.0,318
tinybert-l2,webis-touche2020,platt,0.49,0.779874213836478,1.0,318
tinybert-l2,webis-touche2020,platt,0.5,0.779874213836478,1.0,318
tinybert-l2,webis-touche2020,platt,0.51,0.779874213836478,1.0,318
tinybert-l2,webis-touche2020,platt,0.52,0.779874213836478,1.0,318
tinybert-l2,webis-touche2020,platt,0.53,0.779874213836478,1.0,318
tinybert-l2,webis-touche2020,platt,0.54,0.779874213836478,1.0,318
tinybert-l2,webis-touche2020,platt,0.55,0.779874213836478,1.0,318
tinybert-l2,webis-touche2020,platt,0.56,0.779874213836478,1.0,318
tinybert-l2,webis-touche2020,platt,0.5700000000000001,0.779874213836478,1.0,318
tinybert-l2,webis-touche2020,platt,0.5800000000000001,0.779874213836478,1.0,318
tinybert-l2,webis-touche2020,platt,0.59,0.779874213836478,1.0,318
tinybert-l2,webis-touche2020,platt,0.6,0.779874213836478,1.0,318
tinybert-l2,webis-touche2020,platt,0.61,0.779874213836478,1.0,318
tinybert-l2,webis-touche2020,platt,0.62,0.7841269841269841,0.9905660377358491,315
tinybert-l2,webis-touche2020,platt,0.63,0.7841269841269841,0.9905660377358491,315
tinybert-l2,webis-touche2020,platt,0.64,0.7857142857142857,0.9685534591194969,308
tinybert-l2,webis-touche2020,platt,0.65,0.7927631578947368,0.9559748427672956,304
tinybert-l2,webis-touche2020,platt,0.66,0.7906976744186046,0.9465408805031447,301
tinybert-l2,webis-touche2020,platt,0.67,0.8020477815699659,0.9213836477987422,293
tinybert-l2,webis-touche2020,platt,0.68,0.8076923076923077,0.89937106918239,286
tinybert-l2,webis-touche2020,platt,0.6900000000000001,0.8057553956834532,0.8742138364779874,278
tinybert-l2,webis-touche2020,platt,0.7000000000000001,0.8104089219330854,0.8459119496855346,269
tinybert-l2,webis-touche2020,platt,0.7100000000000001,0.8249027237354085,0.8081761006289309,257
tinybert-l2,webis-touche2020,platt,0.72,0.8306451612903226,0.779874213836478,248
tinybert-l2,webis-touche2020,platt,0.73,0.8290598290598291,0.7358490566037735,234
tinybert-l2,webis-touche2020,platt,0.74,0.8362831858407079,0.710691823899371,226
tinybert-l2,webis-touche2020,platt,0.75,0.8465116279069768,0.6761006289308176,215
tinybert-l2,webis-touche2020,platt,0.76,0.8461538461538461,0.6540880503144654,208
tinybert-l2,webis-touche2020,platt,0.77,0.8407960199004975,0.6320754716981132,201
tinybert-l2,webis-touche2020,platt,0.78,0.8368421052631579,0.5974842767295597,190
tinybert-l2,webis-touche2020,platt,0.79,0.8313953488372093,0.5408805031446541,172
tinybert-l2,webis-touche2020,platt,0.8,0.8176100628930818,0.5,159
tinybert-l2,webis-touche2020,platt,0.81,0.8085106382978723,0.44339622641509435,141
tinybert-l2,webis-touche2020,platt,0.8200000000000001,0.782258064516129,0.389937106918239,124
tinybert-l2,webis-touche2020,platt,0.8300000000000001,0.7676767676767676,0.3113207547169811,99
tinybert-l2,webis-touche2020,platt,0.8400000000000001,0.7215189873417721,0.24842767295597484,79
tinybert-l2,webis-touche2020,platt,0.85,0.6538461538461539,0.16352201257861634,52
tinybert-l2,webis-touche2020,platt,0.86,,0.08490566037735849,27
tinybert-l2,webis-touche2020,platt,0.87,,0.018867924528301886,6
tinybert-l2,webis-touche2020,platt,0.88,,0.0,0
tinybert-l2,webis-touche2020,platt,0.89,,0.0,0
tinybert-l2,webis-touche2020,platt,0.9,,0.0,0
tinybert-l2,webis-touche2020,platt,0.91,,0.0,0
tinybert-l2,webis-touche2020,platt,0.92,,0.0,0
tinybert-l2,webis-touche2020,platt,0.93,,0.0,0
tinybert-l2,webis-touche2020,platt,0.9400000000000001,,0.0,0
tinybert-l2,webis-touche2020,platt,0.9500000000000001,,0.0,0
tinybert-l2,webis-touche2020,platt,0.9600000000000001,,0.0,0
tinybert-l2,webis-touche2020,platt,0.97,,0.0,0
tinybert-l2,webis-touche2020,platt,0.98,,0.0,0
tinybert-l2,webis-touche2020,platt,0.99,,0.0,0
tinybert-l2,webis-touche2020,iso,0.01,0.779874213836478,1.0,318
tinybert-l2,webis-touche2020,iso,0.02,0.779874213836478,1.0,318
tinybert-l2,webis-touche2020,iso,0.03,0.779874213836478,1.0,318
tinybert-l2,webis-touche2020,iso,0.04,0.779874213836478,1.0,318
tinybert-l2,webis-touche2020,iso,0.05,0.779874213836478,1.0,318
tinybert-l2,webis-touche2020,iso,0.060000000000000005,0.779874213836478,1.0,318
tinybert-l2,webis-touche2020,iso,0.06999999999999999,0.779874213836478,1.0,318
tinybert-l2,webis-touche2020,iso,0.08,0.779874213836478,1.0,318
tinybert-l2,webis-touche2020,iso,0.09,0.779874213836478,1.0,318
tinybert-l2,webis-touche2020,iso,0.09999999999999999,0.779874213836478,1.0,318
tinybert-l2,webis-touche2020,iso,0.11,0.779874213836478,1.0,318
tinybert-l2,webis-touche2020,iso,0.12,0.779874213836478,1.0,318
tinybert-l2,webis-touche2020,iso,0.13,0.779874213836478,1.0,318
tinybert-l2,webis-touche2020,iso,0.14,0.779874213836478,1.0,318
tinybert-l2,webis-touche2020,iso,0.15000000000000002,0.779874213836478,1.0,318
tinybert-l2,webis-touche2020,iso,0.16,0.779874213836478,1.0,318
tinybert-l2,webis-touche2020,iso,0.17,0.779874213836478,1.0,318
tinybert-l2,webis-touche2020,iso,0.18000000000000002,0.779874213836478,1.0,318
tinybert-l2,webis-touche2020,iso,0.19,0.779874213836478,1.0,318
tinybert-l2,webis-touche2020,iso,0.2,0.779874213836478,1.0,318
tinybert-l2,webis-touche2020,iso,0.21000000000000002,0.779874213836478,1.0,318
tinybert-l2,webis-touche2020,iso,0.22,0.779874213836478,1.0,318
tinybert-l2,webis-touche2020,iso,0.23,0.779874213836478,1.0,318
tinybert-l2,webis-touche2020,iso,0.24000000000000002,0.779874213836478,1.0,318
tinybert-l2,webis-touche2020,iso,0.25,0.779874213836478,1.0,318
tinybert-l2,webis-touche2020,iso,0.26,0.779874213836478,1.0,318
tinybert-l2,webis-touche2020,iso,0.27,0.779874213836478,1.0,318
tinybert-l2,webis-touche2020,iso,0.28,0.779874213836478,1.0,318
tinybert-l2,webis-touche2020,iso,0.29000000000000004,0.779874213836478,1.0,318
tinybert-l2,webis-touche2020,iso,0.3,0.779874213836478,1.0,318
tinybert-l2,webis-touche2020,iso,0.31,0.779874213836478,1.0,318
tinybert-l2,webis-touche2020,iso,0.32,0.779874213836478,1.0,318
tinybert-l2,webis-touche2020,iso,0.33,0.779874213836478,1.0,318
tinybert-l2,webis-touche2020,iso,0.34,0.779874213836478,1.0,318
tinybert-l2,webis-touche2020,iso,0.35000000000000003,0.779874213836478,1.0,318
tinybert-l2,webis-touche2020,iso,0.36000000000000004,0.779874213836478,1.0,318
tinybert-l2,webis-touche2020,iso,0.37,0.779874213836478,1.0,318
tinybert-l2,webis-touche2020,iso,0.38,0.779874213836478,1.0,318
tinybert-l2,webis-touche2020,iso,0.39,0.779874213836478,1.0,318
tinybert-l2,webis-touche2020,iso,0.4,0.779874213836478,1.0,318
tinybert-l2,webis-touche2020,iso,0.41000000000000003,0.779874213836478,1.0,318
tinybert-l2,webis-touche2020,iso,0.42000000000000004,0.779874213836478,1.0,318
tinybert-l2,webis-touche2020,iso,0.43,0.779874213836478,1.0,318
tinybert-l2,webis-touche2020,iso,0.44,0.779874213836478,1.0,318
tinybert-l2,webis-touche2020,iso,0.45,0.779874213836478,1.0,318
tinybert-l2,webis-touche2020,iso,0.46,0.7919463087248322,0.9371069182389937,298
tinybert-l2,webis-touche2020,iso,0.47000000000000003,0.7946127946127947,0.9339622641509434,297
tinybert-l2,webis-touche2020,iso,0.48000000000000004,0.7946127946127947,0.9339622641509434,297
tinybert-l2,webis-touche2020,iso,0.49,0.8,0.9276729559748428,295
tinybert-l2,webis-touche2020,iso,0.5,0.7993197278911565,0.9245283018867925,294
tinybert-l2,webis-touche2020,iso,0.51,0.803448275862069,0.9119496855345912,290
tinybert-l2,webis-touche2020,iso,0.52,0.803448275862069,0.9119496855345912,290
tinybert-l2,webis-touche2020,iso,0.53,0.803448275862069,0.9119496855345912,290
tinybert-l2,webis-touche2020,iso,0.54,0.803448275862069,0.9119496855345912,290
tinybert-l2,webis-touche2020,iso,0.55,0.803448275862069,0.9119496855345912,290
tinybert-l2,webis-touche2020,iso,0.56,0.803448275862069,0.9119496855345912,290
tinybert-l2,webis-touche2020,iso,0.5700000000000001,0.803448275862069,0.9119496855345912,290
tinybert-l2,webis-touche2020,iso,0.5800000000000001,0.803448275862069,0.9119496855345912,290
tinybert-l2,webis-touche2020,iso,0.59,0.803448275862069,0.9119496855345912,290
tinybert-l2,webis-touche2020,iso,0.6,0.803448275862069,0.9119496855345912,290
tinybert-l2,webis-touche2020,iso,0.61,0.8160919540229885,0.8207547169811321,261
tinybert-l2,webis-touche2020,iso,0.62,0.8160919540229885,0.8207547169811321,261
tinybert-l2,webis-touche2020,iso,0.63,0.8160919540229885,0.8207547169811321,261
tinybert-l2,webis-touche2020,iso,0.64,0.8160919540229885,0.8207547169811321,261
tinybert-l2,webis-touche2020,iso,0.65,0.8160919540229885,0.8207547169811321,261
tinybert-l2,webis-touche2020,iso,0.66,0.8192307692307692,0.8176100628930818,260
tinybert-l2,webis-touche2020,iso,0.67,0.8192307692307692,0.8176100628930818,260
tinybert-l2,webis-touche2020,iso,0.68,0.8192307692307692,0.8176100628930818,260
tinybert-l2,webis-touche2020,iso,0.6900000000000001,0.8192307692307692,0.8176100628930818,260
tinybert-l2,webis-touche2020,iso,0.7000000000000001,0.8192307692307692,0.8176100628930818,260
tinybert-l2,webis-touche2020,iso,0.7100000000000001,0.8192307692307692,0.8176100628930818,260
tinybert-l2,webis-touche2020,iso,0.72,0.8192307692307692,0.8176100628930818,260
tinybert-l2,webis-touche2020,iso,0.73,0.8192307692307692,0.8176100628930818,260
tinybert-l2,webis-touche2020,iso,0.74,0.8192307692307692,0.8176100628930818,260
tinybert-l2,webis-touche2020,iso,0.75,0.8192307692307692,0.8176100628930818,260
tinybert-l2,webis-touche2020,iso,0.76,0.8300395256916996,0.7955974842767296,253
tinybert-l2,webis-touche2020,iso,0.77,0.8300395256916996,0.7955974842767296,253
tinybert-l2,webis-touche2020,iso,0.78,0.8300395256916996,0.7955974842767296,253
tinybert-l2,webis-touche2020,iso,0.79,0.8300395256916996,0.7955974842767296,253
tinybert-l2,webis-touche2020,iso,0.8,0.8300395256916996,0.7955974842767296,253
tinybert-l2,webis-touche2020,iso,0.81,0.8300395256916996,0.7955974842767296,253
tinybert-l2,webis-touche2020,iso,0.8200000000000001,0.8300395256916996,0.7955974842767296,253
tinybert-l2,webis-touche2020,iso,0.8300000000000001,0.7954545454545454,0.41509433962264153,132
tinybert-l2,webis-touche2020,iso,0.8400000000000001,0.7954545454545454,0.41509433962264153,132
tinybert-l2,webis-touche2020,iso,0.85,,0.0,0
tinybert-l2,webis-touche2020,iso,0.86,,0.0,0
tinybert-l2,webis-touche2020,iso,0.87,,0.0,0
tinybert-l2,webis-touche2020,iso,0.88,,0.0,0
tinybert-l2,webis-touche2020,iso,0.89,,0.0,0
tinybert-l2,webis-touche2020,iso,0.9,,0.0,0
tinybert-l2,webis-touche2020,iso,0.91,,0.0,0
tinybert-l2,webis-touche2020,iso,0.92,,0.0,0
tinybert-l2,webis-touche2020,iso,0.93,,0.0,0
tinybert-l2,webis-touche2020,iso,0.9400000000000001,,0.0,0
tinybert-l2,webis-touche2020,iso,0.9500000000000001,,0.0,0
tinybert-l2,webis-touche2020,iso,0.9600000000000001,,0.0,0
tinybert-l2,webis-touche2020,iso,0.97,,0.0,0
tinybert-l2,webis-touche2020,iso,0.98,,0.0,0
tinybert-l2,webis-touche2020,iso,0.99,,0.0,0
tinybert-l2,webis-touche2020,temp_lodo,0.01,0.779874213836478,1.0,318
tinybert-l2,webis-touche2020,temp_lodo,0.02,0.779874213836478,1.0,318
tinybert-l2,webis-touche2020,temp_lodo,0.03,0.779874213836478,1.0,318
tinybert-l2,webis-touche2020,temp_lodo,0.04,0.779874213836478,1.0,318
tinybert-l2,webis-touche2020,temp_lodo,0.05,0.779874213836478,1.0,318
tinybert-l2,webis-touche2020,temp_lodo,0.060000000000000005,0.779874213836478,1.0,318
tinybert-l2,webis-touche2020,temp_lodo,0.06999999999999999,0.779874213836478,1.0,318
tinybert-l2,webis-touche2020,temp_lodo,0.08,0.779874213836478,1.0,318
tinybert-l2,webis-touche2020,temp_lodo,0.09,0.779874213836478,1.0,318
tinybert-l2,webis-touche2020,temp_lodo,0.09999999999999999,0.779874213836478,1.0,318
tinybert-l2,webis-touche2020,temp_lodo,0.11,0.779874213836478,1.0,318
tinybert-l2,webis-touche2020,temp_lodo,0.12,0.779874213836478,1.0,318
tinybert-l2,webis-touche2020,temp_lodo,0.13,0.779874213836478,1.0,318
tinybert-l2,webis-touche2020,temp_lodo,0.14,0.779874213836478,1.0,318
tinybert-l2,webis-touche2020,temp_lodo,0.15000000000000002,0.779874213836478,1.0,318
tinybert-l2,webis-touche2020,temp_lodo,0.16,0.779874213836478,1.0,318
tinybert-l2,webis-touche2020,temp_lodo,0.17,0.779874213836478,1.0,318
tinybert-l2,webis-touche2020,temp_lodo,0.18000000000000002,0.779874213836478,1.0,318
tinybert-l2,webis-touche2020,temp_lodo,0.19,0.7791798107255521,0.9968553459119497,317
tinybert-l2,webis-touche2020,temp_lodo,0.2,0.7841269841269841,0.9905660377358491,315
tinybert-l2,webis-touche2020,temp_lodo,0.21000000000000002,0.7841269841269841,0.9905660377358491,315
tinybert-l2,webis-touche2020,temp_lodo,0.22,0.7813504823151125,0.9779874213836478,311
tinybert-l2,webis-touche2020,temp_lodo,0.23,0.7908496732026143,0.9622641509433962,306
tinybert-l2,webis-touche2020,temp_lodo,0.24000000000000002,0.7927631578947368,0.9559748427672956,304
tinybert-l2,webis-touche2020,temp_lodo,0.25,0.7913907284768212,0.949685534591195,302
tinybert-l2,webis-touche2020,temp_lodo,0.26,0.79,0.9433962264150944,300
tinybert-l2,webis-touche2020,temp_lodo,0.27,0.8,0.9276729559748428,295
tinybert-l2,webis-touche2020,temp_lodo,0.28,0.803448275862069,0.9119496855345912,290
tinybert-l2,webis-touche2020,temp_lodo,0.29000000000000004,0.8090277777777778,0.9056603773584906,288
tinybert-l2,webis-touche2020,temp_lodo,0.3,0.8098591549295775,0.8930817610062893,284
tinybert-l2,webis-touche2020,temp_lodo,0.31,0.8057553956834532,0.8742138364779874,278
tinybert-l2,webis-touche2020,temp_lodo,0.32,0.8088235294117647,0.8553459119496856,272
tinybert-l2,webis-touche2020,temp_lodo,0.33,0.8104089219330854,0.8459119496855346,269
tinybert-l2,webis-touche2020,temp_lodo,0.34,0.8129770992366412,0.8238993710691824,262
tinybert-l2,webis-touche2020,temp_lodo,0.35000000000000003,0.8249027237354085,0.8081761006289309,257
tinybert-l2,webis-touche2020,temp_lodo,0.36000000000000004,0.8300395256916996,0.7955974842767296,253
tinybert-l2,webis-touche2020,temp_lodo,0.37,0.8286852589641435,0.789308176100629,251
tinybert-l2,webis-touche2020,temp_lodo,0.38,0.8292682926829268,0.7735849056603774,246
tinybert-l2,webis-touche2020,temp_lodo,0.39,0.8270042194092827,0.7452830188679245,237
tinybert-l2,webis-touche2020,temp_lodo,0.4,0.8275862068965517,0.7295597484276729,232
tinybert-l2,webis-touche2020,temp_lodo,0.41000000000000003,0.8333333333333334,0.7169811320754716,228
tinybert-l2,webis-touche2020,temp_lodo,0.42000000000000004,0.8362831858407079,0.710691823899371,226
tinybert-l2,webis-touche2020,temp_lodo,0.43,0.84,0.7075471698113207,225
tinybert-l2,webis-touche2020,temp_lodo,0.44,0.8472222222222222,0.6792452830188679,216
tinybert-l2,webis-touche2020,temp_lodo,0.45,0.8457943925233645,0.6729559748427673,214
tinybert-l2,webis-touche2020,temp_lodo,0.46,0.84688995215311,0.6572327044025157,209
tinybert-l2,webis-touche2020,temp_lodo,0.47000000000000003,0.8461538461538461,0.6540880503144654,208
tinybert-l2,webis-touche2020,temp_lodo,0.48000000000000004,0.8446601941747572,0.6477987421383647,206
tinybert-l2,webis-touche2020,temp_lodo,0.49,0.8423645320197044,0.6383647798742138,203
tinybert-l2,webis-touche2020,temp_lodo,0.5,0.8407960199004975,0.6320754716981132,201
tinybert-l2,webis-touche2020,temp_lodo,0.51,0.8402061855670103,0.610062893081761,194
tinybert-l2,webis-touche2020,temp_lodo,0.52,0.837696335078534,0.60062893081761,191
tinybert-l2,webis-touche2020,temp_lodo,0.53,0.8412698412698413,0.5943396226415094,189
tinybert-l2,webis-touche2020,temp_lodo,0.54,0.8342541436464088,0.5691823899371069,181
tinybert-l2,webis-touche2020,temp_lodo,0.55,0.8285714285714286,0.550314465408805,175
tinybert-l2,webis-touche2020,temp_lodo,0.56,0.8294117647058824,0.5345911949685535,170
tinybert-l2,webis-touche2020,temp_lodo,0.5700000000000001,0.8242424242424242,0.5188679245283019,165
tinybert-l2,webis-touche2020,temp_lodo,0.5800000000000001,0.8209876543209876,0.5094339622641509,162
tinybert-l2,webis-touche2020,temp_lodo,0.59,0.8129032258064516,0.48742138364779874,155
tinybert-l2,webis-touche2020,temp_lodo,0.6,0.8145695364238411,0.4748427672955975,151
tinybert-l2,webis-touche2020,temp_lodo,0.61,0.8125,0.4528301886792453,144
tinybert-l2,webis-touche2020,temp_lodo,0.62,0.8085106382978723,0.44339622641509435,141
tinybert-l2,webis-touche2020,temp_lodo,0.63,0.8029197080291971,0.4308176100628931,137
tinybert-l2,webis-touche2020,temp_lodo,0.64,0.7906976744186046,0.4056603773584906,129
tinybert-l2,webis-touche2020,temp_lodo,0.65,0.7768595041322314,0.3805031446540881,121
tinybert-l2,webis-touche2020,temp_lodo,0.66,0.7610619469026548,0.3553459119496855,113
tinybert-l2,webis-touche2020,temp_lodo,0.67,0.7596153846153846,0.3270440251572327,104
tinybert-l2,webis-touche2020,temp_lodo,0.68,0.7526881720430108,0.29245283018867924,93
tinybert-l2,webis-touche2020,temp_lodo,0.6900000000000001,0.7471264367816092,0.27358490566037735,87
tinybert-l2,webis-touche2020,temp_lodo,0.7000000000000001,0.7317073170731707,0.2578616352201258,82
tinybert-l2,webis-touche2020,temp_lodo,0.7100000000000001,0.7142857142857143,0.24213836477987422,77
tinybert-l2,webis-touche2020,temp_lodo,0.72,0.7246376811594203,0.2169811320754717,69
tinybert-l2,webis-touche2020,temp_lodo,0.73,0.6896551724137931,0.18238993710691823,58
tinybert-l2,webis-touche2020,temp_lodo,0.74,0.6304347826086957,0.14465408805031446,46
tinybert-l2,webis-touche2020,temp_lodo,0.75,0.5945945945945946,0.11635220125786164,37
tinybert-l2,webis-touche2020,temp_lodo,0.76,,0.0880503144654088,28
tinybert-l2,webis-touche2020,temp_lodo,0.77,,0.07232704402515723,23
tinybert-l2,webis-touche2020,temp_lodo,0.78,,0.05345911949685535,17
tinybert-l2,webis-touche2020,temp_lodo,0.79,,0.02830188679245283,9
tinybert-l2,webis-touche2020,temp_lodo,0.8,,0.006289308176100629,2
tinybert-l2,webis-touche2020,temp_lodo,0.81,,0.0,0
tinybert-l2,webis-touche2020,temp_lodo,0.8200000000000001,,0.0,0
tinybert-l2,webis-touche2020,temp_lodo,0.8300000000000001,,0.0,0
tinybert-l2,webis-touche2020,temp_lodo,0.8400000000000001,,0.0,0
tinybert-l2,webis-touche2020,temp_lodo,0.85,,0.0,0
tinybert-l2,webis-touche2020,temp_lodo,0.86,,0.0,0
tinybert-l2,webis-touche2020,temp_lodo,0.87,,0.0,0
tinybert-l2,webis-touche2020,temp_lodo,0.88,,0.0,0
tinybert-l2,webis-touche2020,temp_lodo,0.89,,0.0,0
tinybert-l2,webis-touche2020,temp_lodo,0.9,,0.0,0
tinybert-l2,webis-touche2020,temp_lodo,0.91,,0.0,0
tinybert-l2,webis-touche2020,temp_lodo,0.92,,0.0,0
tinybert-l2,webis-touche2020,temp_lodo,0.93,,0.0,0
tinybert-l2,webis-touche2020,temp_lodo,0.9400000000000001,,0.0,0
tinybert-l2,webis-touche2020,temp_lodo,0.9500000000000001,,0.0,0
tinybert-l2,webis-touche2020,temp_lodo,0.9600000000000001,,0.0,0
tinybert-l2,webis-touche2020,temp_lodo,0.97,,0.0,0
tinybert-l2,webis-touche2020,temp_lodo,0.98,,0.0,0
tinybert-l2,webis-touche2020,temp_lodo,0.99,,0.0,0
bge-reranker,dbpedia-entity,raw,0.01,0.4182061579651941,0.8135482465693749,3735
bge-reranker,dbpedia-entity,raw,0.02,0.439532230462065,0.7636680461773034,3506
bge-reranker,dbpedia-entity,raw,0.03,0.45667166416791605,0.7264212589849706,3335
bge-reranker,dbpedia-entity,raw,0.04,0.4660224438902743,0.6987584404269223,3208
bge-reranker,dbpedia-entity,raw,0.05,0.47542563443623514,0.6780657808756262,3113
bge-reranker,dbpedia-entity,raw,0.060000000000000005,0.4822950819672131,0.6643432803310826,3050
bge-reranker,dbpedia-entity,raw,0.06999999999999999,0.4884731039091213,0.6519276846003049,2993
bge-reranker,dbpedia-entity,raw,0.08,0.4960710625213529,0.6375517316488782,2927
bge-reranker,dbpedia-entity,raw,0.09,0.5022561610551892,0.6275321280766718,2881
bge-reranker,dbpedia-entity,raw,0.09999999999999999,0.5081157374735357,0.6172947070355043,2834
bge-reranker,dbpedia-entity,raw,0.11,0.5140388768898488,0.6050969287736877,2778
bge-reranker,dbpedia-entity,raw,0.12,0.5171407731582787,0.5972554998910913,2742
bge-reranker,dbpedia-entity,raw,0.13,0.5213041867358281,0.5878893487257678,2699
bge-reranker,dbpedia-entity,raw,0.14,0.5254045916447121,0.5787410150294053,2657
bge-reranker,dbpedia-entity,raw,0.15000000000000002,0.5289413556740289,0.571988673491614,2626
bge-reranker,dbpedia-entity,raw,0.16,0.5295926210607225,0.5667610542365498,2602
bge-reranker,dbpedia-entity,raw,0.17,0.5328410415856977,0.5604443476366805,2573
bge-reranker,dbpedia-entity,raw,0.18000000000000002,0.5346456692913386,0.5532563711609672,2540
bge-reranker,dbpedia-entity,raw,0.19,0.5366533864541833,0.5467218470921368,2510
bge-reranker,dbpedia-entity,raw,0.2,0.5403551251008878,0.5397516880853844,2478
bge-reranker,dbpedia-entity,raw,0.21000000000000002,0.5442676458588331,0.5338706164234371,2451
bge-reranker,dbpedia-entity,raw,0.22,0.5456790123456791,0.5292964495752559,2430
bge-reranker,dbpedia-entity,raw,0.23,0.5465890183028286,0.5236331953822697,2404
bge-reranker,dbpedia-entity,raw,0.24000000000000002,0.5485762144053601,0.5201481158788935,2388
bge-reranker,dbpedia-entity,raw,0.25,0.5503581963758954,0.5168808538444783,2373
bge-reranker,dbpedia-entity,raw,0.26,0.5526203664252237,0.511217599651492,2347
bge-reranker,dbpedia-entity,raw,0.27,0.5547445255474452,0.5072968852101939,2329
bge-reranker,dbpedia-entity,raw,0.28,0.5574837310195228,0.5020692659551296,2305
bge-reranker,dbpedia-entity,raw,0.29000000000000004,0.5599824868651488,0.4974950991069484,2284
bge-reranker,dbpedia-entity,raw,0.3,0.5617283950617284,0.4940100196035722,2268
bge-reranker,dbpedia-entity,raw,0.31,0.5634178905206942,0.489435852755391,2247
bge-reranker,dbpedia-entity,raw,0.32,0.5650224215246636,0.4857329557830538,2230
bge-reranker,dbpedia-entity,raw,0.33,0.5676164631388512,0.4815944238727946,2211
bge-reranker,dbpedia-entity,raw,0.34,0.5677888989990901,0.47876279677630146,2198
bge-reranker,dbpedia-entity,raw,0.35000000000000003,0.5702479338842975,0.47440644739708127,2178
bge-reranker,dbpedia-entity,raw,0.36000000000000004,0.5718908922792418,0.4711391853626661,2163
bge-reranker,dbpedia-entity,raw,0.37,0.5734883720930233,0.46830755826617293,2150
bge-reranker,dbpedia-entity,raw,0.38,0.5733021077283372,0.4650402962317578,2135
bge-reranker,dbpedia-entity,raw,0.39,0.5739253660840813,0.4611195817904596,2117
bge-reranker,dbpedia-entity,raw,0.4,0.5751665080875357,0.45785231975604446,2102
bge-reranker,dbpedia-entity,raw,0.41000000000000003,0.5755980861244019,0.4552385101285123,2090
bge-reranker,dbpedia-entity,raw,0.42000000000000004,0.5785403576607057,0.45066434328033106,2069
bge-reranker,dbpedia-entity,raw,0.43,0.579152459814905,0.44717926377695494,2053
bge-reranker,dbpedia-entity,raw,0.44,0.5811209439528023,0.44304073186669574,2034
bge-reranker,dbpedia-entity,raw,0.45,0.5829618623080733,0.43977346983228055,2019
bge-reranker,dbpedia-entity,raw,0.46,0.5856215676485272,0.4362883903289044,2003
bge-reranker,dbpedia-entity,raw,0.47000000000000003,0.5870221327967807,0.43302112829448924,1988
bge-reranker,dbpedia-entity,raw,0.48000000000000004,0.5890132248219736,0.42822914397734696,1966
bge-reranker,dbpedia-entity,raw,0.49,0.5908624229979466,0.4243084295360488,1948
bge-reranker,dbpedia-entity,raw,0.5,0.5922480620155038,0.42147680243955565,1935
bge-reranker,dbpedia-entity,raw,0.51,0.593521421107628,0.4169026355913744,1914
bge-reranker,dbpedia-entity,raw,0.52,0.59768299104792,0.4136353735569593,1899
bge-reranker,dbpedia-entity,raw,0.53,0.6019108280254777,0.4103681115225441,1884
bge-reranker,dbpedia-entity,raw,0.54,0.6021390374331551,0.40731866695708996,1870
bge-reranker,dbpedia-entity,raw,0.55,0.6054054054054054,0.40296231757786977,1850
bge-reranker,dbpedia-entity,raw,0.56,0.6065573770491803,0.3986059681986495,1830
bge-reranker,dbpedia-entity,raw,0.5700000000000001,0.6084801762114538,0.3955565236331954,1816
bge-reranker,dbpedia-entity,raw,0.5800000000000001,0.6123814835471277,0.39054672184709216,1793
bge-reranker,dbpedia-entity,raw,0.59,0.6163380281690141,0.38662600740579395,1775
bge-reranker,dbpedia-entity,raw,0.6,0.6155593412833618,0.3835765628403398,1761
bge-reranker,dbpedia-entity,raw,0.61,0.6190201729106628,0.3779133086473535,1735
bge-reranker,dbpedia-entity,raw,0.62,0.6210098665118978,0.3752994990198214,1723
bge-reranker,dbpedia-entity,raw,0.63,0.6225087924970691,0.3715966020474842,1706
bge-reranker,dbpedia-entity,raw,0.64,0.6252220248667851,0.367893705075147,1689
bge-reranker,dbpedia-entity,raw,0.65,0.6275449101796408,0.3637551731648878,1670
bge-reranker,dbpedia-entity,raw,0.66,0.6302114803625377,0.3604879111304727,1655
bge-reranker,dbpedia-entity,raw,0.67,0.6330891330891331,0.35678501415813546,1638
bge-reranker,dbpedia-entity,raw,0.68,0.6354679802955665,0.3537355695926813,1624
bge-reranker,dbpedia-entity,raw,0.6900000000000001,0.6361370716510903,0.3495970376824221,1605
bge-reranker,dbpedia-entity,raw,0.7000000000000001,0.6381371932032724,0.34611195817904594,1589
bge-reranker,dbpedia-entity,raw,0.7100000000000001,0.6389593908629442,0.34328033108255285,1576
bge-reranker,dbpedia-entity,raw,0.72,0.6405144694533762,0.3387061642343716,1555
bge-reranker,dbpedia-entity,raw,0.73,0.6429967426710098,0.33434981485515136,1535
bge-reranker,dbpedia-entity,raw,0.74,0.6461640211640212,0.32934001306904814,1512
bge-reranker,dbpedia-entity,raw,0.75,0.6483221476510067,0.3245480287519059,1490
bge-reranker,dbpedia-entity,raw,0.76,0.6509884117246081,0.31953822696580264,1467
bge-reranker,dbpedia-entity,raw,0.77,0.6539528432732317,0.3140927902417774,1442
bge-reranker,dbpedia-entity,raw,0.78,0.6573033707865169,0.3101720758004792,1424
bge-reranker,dbpedia-entity,raw,0.79,0.6602564102564102,0.305815726421259,1404
bge-reranker,dbpedia-entity,raw,0.8,0.662807525325615,0.30102374210411675,1382
bge-reranker,dbpedia-entity,raw,0.81,0.6659340659340659,0.2973208451317796,1365
bge-reranker,dbpedia-entity,raw,0.8200000000000001,0.6661710037174721,0.29296449575255934,1345
bge-reranker,dbpedia-entity,raw,0.8300000000000001,0.6691900075700227,0.2877368764974951,1321
bge-reranker,dbpedia-entity,raw,0.8400000000000001,0.6715610510046368,0.2818558048355478,1294
bge-reranker,dbpedia-entity,raw,0.85,0.6745098039215687,0.2777172729252886,1275
bge-reranker,dbpedia-entity,raw,0.86,0.6811244979919678,0.27118274885645827,1245
bge-reranker,dbpedia-entity,raw,0.87,0.683046683046683,0.26595512960139406,1221
bge-reranker,dbpedia-entity,raw,0.88,0.6861435726210351,0.2609453278152908,1198
bge-reranker,dbpedia-entity,raw,0.89,0.6903945111492281,0.25397516880853843,1166
bge-reranker,dbpedia-entity,raw,0.9,0.6967285587975243,0.24635155739490308,1131
bge-reranker,dbpedia-entity,raw,0.91,0.7042124542124543,0.23785667610542366,1092
bge-reranker,dbpedia-entity,raw,0.92,0.7096466093600764,0.22805489000217818,1047
bge-reranker,dbpedia-entity,raw,0.93,0.7152847152847153,0.2180352864299717,1001
bge-reranker,dbpedia-entity,raw,0.9400000000000001,0.7193347193347194,0.20954040514049227,962
bge-reranker,dbpedia-entity,raw,0.9500000000000001,0.7282608695652174,0.20039207144412982,920
bge-reranker,dbpedia-entity,raw,0.9600000000000001,0.7353951890034365,0.1901546504029623,873
bge-reranker,dbpedia-entity,raw,0.97,0.7433962264150943,0.1731648878240035,795
bge-reranker,dbpedia-entity,raw,0.98,0.7669064748201438,0.15138314092790242,695
bge-reranker,dbpedia-entity,raw,0.99,0.7908256880733945,0.11871052058375081,545
bge-reranker,dbpedia-entity,temp,0.01,0.34698322805489,1.0,4591
bge-reranker,dbpedia-entity,temp,0.02,0.34698322805489,1.0,4591
bge-reranker,dbpedia-entity,temp,0.03,0.34698322805489,1.0,4591
bge-reranker,dbpedia-entity,temp,0.04,0.35119047619047616,0.9880200392071444,4536
bge-reranker,dbpedia-entity,temp,0.05,0.35371276122721207,0.979742975386626,4498
bge-reranker,dbpedia-entity,temp,0.060000000000000005,0.3562626036298454,0.9721193639729906,4463
bge-reranker,dbpedia-entity,temp,0.06999999999999999,0.36054421768707484,0.9605750381180571,4410
bge-reranker,dbpedia-entity,temp,0.08,0.364616796695732,0.9492485297320845,4358
bge-reranker,dbpedia-entity,temp,0.09,0.36895910780669144,0.9374863864081899,4304
bge-reranker,dbpedia-entity,temp,0.09999999999999999,0.373236124176858,0.9261598780222173,4252
bge-reranker,dbpedia-entity,temp,0.11,0.3777989518818485,0.9143977346983228,4198
bge-reranker,dbpedia-entity,temp,0.12,0.38334946757018395,0.9000217817468961,4132
bge-reranker,dbpedia-entity,temp,0.13,0.3923861657128639,0.8754084077543018,4019
bge-reranker,dbpedia-entity,temp,0.14,0.3980288097043215,0.8619037246787192,3957
bge-reranker,dbpedia-entity,temp,0.15000000000000002,0.40390043623299976,0.8488346765410586,3897
bge-reranker,dbpedia-entity,temp,0.16,0.40880667014069827,0.835983445872359,3838
bge-reranker,dbpedia-entity,temp,0.17,0.41569148936170214,0.8189936832934002,3760
bge-reranker,dbpedia-entity,temp,0.18000000000000002,0.42207792207792205,0.8050533652798955,3696
bge-reranker,dbpedia-entity,temp,0.19,0.4275482093663912,0.7906774123284688,3630
bge-reranker,dbpedia-entity,temp,0.2,0.433454749229476,0.777390546721847,3569
bge-reranker,dbpedia-entity,temp,0.21000000000000002,0.4388509670079636,0.7658462208669136,3516
bge-reranker,dbpedia-entity,temp,0.22,0.44638186573670446,0.7495099106948377,3441
bge-reranker,dbpedia-entity,temp,0.23,0.4527687296416938,0.735569592681333,3377
bge-reranker,dbpedia-entity,temp,0.24000000000000002,0.4585852478839178,0.7205401873230233,3308
bge-reranker,dbpedia-entity,temp,0.25,0.46327160493827163,0.7057285994336746,3240
bge-reranker,dbpedia-entity,temp,0.26,0.4687894073139975,0.6909170115443258,3172
bge-reranker,dbpedia-entity,temp,0.27,0.47542563443623514,0.6780657808756262,3113
bge-reranker,dbpedia-entity,temp,0.28,0.48088859849722315,0.6667392724896537,3061
bge-reranker,dbpedia-entity,temp,0.29000000000000004,0.48491879350348027,0.6571553038553692,3017
bge-reranker,dbpedia-entity,temp,0.3,0.4935636856368564,0.6429971683729035,2952
bge-reranker,dbpedia-entity,temp,0.31,0.4989669421487603,0.632541929862775,2904
bge-reranker,dbpedia-entity,temp,0.32,0.5063202247191011,0.6203441516009583,2848
bge-reranker,dbpedia-entity,temp,0.33,0.5134746676248653,0.6061860161184927,2783
bge-reranker,dbpedia-entity,temp,0.34,0.517405643092708,0.5944238727945981,2729
bge-reranker,dbpedia-entity,temp,0.35000000000000003,0.5243628185907047,0.5811370071879765,2668
bge-reranker,dbpedia-entity,temp,0.36000000000000004,0.530019120458891,0.5695926813330429,2615
bge-reranker,dbpedia-entity,temp,0.37,0.5335151987529229,0.5589196253539533,2566
bge-reranker,dbpedia-entity,temp,0.38,0.5366533864541833,0.5467218470921368,2510
bge-reranker,dbpedia-entity,temp,0.39,0.5442676458588331,0.5338706164234371,2451
bge-reranker,dbpedia-entity,temp,0.4,0.5470441298917569,0.5231975604443476,2402
bge-reranker,dbpedia-entity,temp,0.41000000000000003,0.5505713076597546,0.5147026791548682,2363
bge-reranker,dbpedia-entity,temp,0.42000000000000004,0.556901774123756,0.5033761707688956,2311
bge-reranker,dbpedia-entity,temp,0.43,0.5622241835834069,0.4935743846656502,2266
bge-reranker,dbpedia-entity,temp,0.44,0.5672990063233966,0.48224787627967763,2214
bge-reranker,dbpedia-entity,temp,0.45,0.570308898109728,0.47244609017643213,2169
bge-reranker,dbpedia-entity,temp,0.46,0.5741784037558686,0.46395120888695274,2130
bge-reranker,dbpedia-entity,temp,0.47000000000000003,0.577126381547333,0.4532781529078632,2081
bge-reranker,dbpedia-entity,temp,0.48000000000000004,0.5811209439528023,0.44304073186669574,2034
bge-reranker,dbpedia-entity,temp,0.49,0.5868142929038752,0.4328033108255282,1987
bge-reranker,dbpedia-entity,temp,0.5,0.5922480620155038,0.42147680243955565,1935
bge-reranker,dbpedia-entity,temp,0.51,0.6019108280254777,0.4103681115225441,1884
bge-reranker,dbpedia-entity,temp,0.52,0.6064410480349345,0.39904160313657155,1832
bge-reranker,dbpedia-entity,temp,0.53,0.6149522203485104,0.38749727728163796,1779
bge-reranker,dbpedia-entity,temp,0.54,0.6208695652173913,0.3757351339577434,1725
bge-reranker,dbpedia-entity,temp,0.55,0.627159023228112,0.36571553038553695,1679
bge-reranker,dbpedia-entity,temp,0.56,0.6334758704948076,0.35656719668917447,1637
bge-reranker,dbpedia-entity,temp,0.5700000000000001,0.6365914786967418,0.34763668046177304,1596
bge-reranker,dbpedia-entity,temp,0.5800000000000001,0.6408768536428111,0.33783489435852754,1551
bge-reranker,dbpedia-entity,temp,0.59,0.6464309539693128,0.326508385972555,1499
bge-reranker,dbpedia-entity,temp,0.6,0.6539792387543253,0.3147462426486604,1445
bge-reranker,dbpedia-entity,temp,0.61,0.6602564102564102,0.305815726421259,1404
bge-reranker,dbpedia-entity,temp,0.62,0.6659340659340659,0.2973208451317796,1365
bge-reranker,dbpedia-entity,temp,0.63,0.6689291101055806,0.28882596384230014,1326
bge-reranker,dbpedia-entity,temp,0.64,0.6736924277907884,0.2790241777390547,1281
bge-reranker,dbpedia-entity,temp,0.65,0.6803542673107891,0.27052929644957524,1242
bge-reranker,dbpedia-entity,temp,0.66,0.685785536159601,0.26203441516009585,1203
bge-reranker,dbpedia-entity,temp,0.67,0.6909871244635193,0.25375735133957744,1165
bge-reranker,dbpedia-entity,temp,0.68,0.6973214285714285,0.24395556523633197,1120
bge-reranker,dbpedia-entity,temp,0.6900000000000001,0.7085661080074488,0.23393596166412547,1074
bge-reranker,dbpedia-entity,temp,0.7000000000000001,0.712890625,0.22304508821607494,1024
bge-reranker,dbpedia-entity,temp,0.7100000000000001,0.7144308943089431,0.2143323894576345,984
bge-reranker,dbpedia-entity,temp,0.72,0.7237394957983193,0.20736223045088217,952
bge-reranker,dbpedia-entity,temp,0.73,0.7282608695652174,0.20039207144412982,920
bge-reranker,dbpedia-entity,temp,0.74,0.7316798196166855,0.19320409496841648,887
bge-reranker,dbpedia-entity,temp,0.75,0.73512252042007,0.18666957089958613,857
bge-reranker,dbpedia-entity,temp,0.76,0.7444717444717445,0.1773034197342627,814
bge-reranker,dbpedia-entity,temp,0.77,0.7477360931435963,0.16837290350686124,773
bge-reranker,dbpedia-entity,temp,0.78,0.7561643835616438,0.1590067523415378,730
bge-reranker,dbpedia-entity,temp,0.79,0.7671033478893741,0.14964060117621433,687
bge-reranker,dbpedia-entity,temp,0.8,0.7777777777777778,0.13918536266608583,639
bge-reranker,dbpedia-entity,temp,0.81,0.7861952861952862,0.12938357656284033,594
bge-reranker,dbpedia-entity,temp,0.8200000000000001,0.7910714285714285,0.12197778261816598,560
bge-reranker,dbpedia-entity,temp,0.8300000000000001,0.7977315689981096,0.11522544108037465,529
bge-reranker,dbpedia-entity,temp,0.8400000000000001,0.8027888446215139,0.10934436941842736,502
bge-reranker,dbpedia-entity,temp,0.85,0.8068669527896996,0.10150294053583098,466
bge-reranker,dbpedia-entity,temp,0.86,0.8231132075471698,0.09235460683946853,424
bge-reranker,dbpedia-entity,temp,0.87,0.8364116094986808,0.08255282073622304,379
bge-reranker,dbpedia-entity,temp,0.88,0.8475073313782991,0.07427575691570464,341
bge-reranker,dbpedia-entity,temp,0.89,0.87,0.0653452406883032,300
bge-reranker,dbpedia-entity,temp,0.9,0.8858267716535433,0.05532563711609671,254
bge-reranker,dbpedia-entity,temp,0.91,0.8949771689497716,0.047702025702461334,219
bge-reranker,dbpedia-entity,temp,0.92,0.9107142857142857,0.036593334785449794,168
bge-reranker,dbpedia-entity,temp,0.93,0.9612403100775194,0.02809845349597038,129
bge-reranker,dbpedia-entity,temp,0.9400000000000001,0.9791666666666666,0.020910477020257025,96
bge-reranker,dbpedia-entity,temp,0.9500000000000001,1.0,0.015029405358309737,69
bge-reranker,dbpedia-entity,temp,0.9600000000000001,1.0,0.008494881289479415,39
bge-reranker,dbpedia-entity,temp,0.97,,0.0017425397516880855,8
bge-reranker,dbpedia-entity,temp,0.98,,0.0,0
bge-reranker,dbpedia-entity,temp,0.99,,0.0,0
bge-reranker,dbpedia-entity,platt,0.01,0.34698322805489,1.0,4591
bge-reranker,dbpedia-entity,platt,0.02,0.34987920052712496,0.9917229361794816,4553
bge-reranker,dbpedia-entity,platt,0.03,0.35473801560758084,0.9769113482901328,4485
bge-reranker,dbpedia-entity,platt,0.04,0.36103542234332425,0.9592681333042911,4404
bge-reranker,dbpedia-entity,platt,0.05,0.368445475638051,0.938793291221956,4310
bge-reranker,dbpedia-entity,platt,0.060000000000000005,0.3759772565742715,0.9194075364844261,4221
bge-reranker,dbpedia-entity,platt,0.06999999999999999,0.3854775828460039,0.8939228926159878,4104
bge-reranker,dbpedia-entity,platt,0.08,0.3977272727272727,0.8625571770856023,3960
bge-reranker,dbpedia-entity,platt,0.09,0.4066218313502328,0.8420823350032672,3866
bge-reranker,dbpedia-entity,platt,0.09999999999999999,0.41691117631368363,0.816597691134829,3749
bge-reranker,dbpedia-entity,platt,0.11,0.42587527352297594,0.7963406665214551,3656
bge-reranker,dbpedia-entity,platt,0.12,0.4351617440225035,0.774341102156393,3555
bge-reranker,dbpedia-entity,platt,0.13,0.4455388180764774,0.7519059028534089,3452
bge-reranker,dbpedia-entity,platt,0.14,0.4541120381406436,0.7309954258331518,3356
bge-reranker,dbpedia-entity,platt,0.15000000000000002,0.4621771217712177,0.7083424090612067,3252
bge-reranker,dbpedia-entity,platt,0.16,0.470364500792393,0.6872141145719887,3155
bge-reranker,dbpedia-entity,platt,0.17,0.47966156849983727,0.6693530821171858,3073
bge-reranker,dbpedia-entity,platt,0.18000000000000002,0.48604651162790696,0.6556305815726421,3010
bge-reranker,dbpedia-entity,platt,0.19,0.49674991447143346,0.6366804617730342,2923
bge-reranker,dbpedia-entity,platt,0.2,0.5056100981767181,0.6212154214768024,2852
bge-reranker,dbpedia-entity,platt,0.21000000000000002,0.5151953690303908,0.6020474842082335,2764
bge-reranker,dbpedia-entity,platt,0.22,0.5219167904903418,0.5863646264430408,2692
bge-reranker,dbpedia-entity,platt,0.23,0.5299961788307223,0.570028316270965,2617
bge-reranker,dbpedia-entity,platt,0.24000000000000002,0.5344557556773688,0.5563058157264212,2554
bge-reranker,dbpedia-entity,platt,0.25,0.5408245755860954,0.5388804182095404,2474
bge-reranker,dbpedia-entity,platt,0.26,0.5454545454545454,0.5247222827270747,2409
bge-reranker,dbpedia-entity,platt,0.27,0.5515485787017395,0.5133957743411022,2357
bge-reranker,dbpedia-entity,platt,0.28,0.559041394335512,0.4998910912655195,2295
bge-reranker,dbpedia-entity,platt,0.29000000000000004,0.5646532438478747,0.48682204312785887,2235
bge-reranker,dbpedia-entity,platt,0.3,0.5702517162471396,0.4759311696798083,2185
bge-reranker,dbpedia-entity,platt,0.31,0.5733021077283372,0.4650402962317578,2135
bge-reranker,dbpedia-entity,platt,0.32,0.5774038461538461,0.4530603354389022,2080
bge-reranker,dbpedia-entity,platt,0.33,0.5820969337289812,0.4404269222391636,2022
bge-reranker,dbpedia-entity,platt,0.34,0.5890132248219736,0.42822914397734696,1966
bge-reranker,dbpedia-entity,platt,0.35000000000000003,0.5950759559979046,0.41581354824656935,1909
bge-reranker,dbpedia-entity,platt,0.36000000000000004,0.6045258620689655,0.4042692223916358,1856
bge-reranker,dbpedia-entity,platt,0.37,0.6114508060033352,0.3918536266608582,1799
bge-reranker,dbpedia-entity,platt,0.38,0.6187464059804485,0.3787845785231976,1739
bge-reranker,dbpedia-entity,platt,0.39,0.6250739207569486,0.36832934001306905,1691
bge-reranker,dbpedia-entity,platt,0.4,0.632379793061473,0.3578741015029405,1643
bge-reranker,dbpedia-entity,platt,0.41000000000000003,0.63625,0.34850795033761706,1600
bge-reranker,dbpedia-entity,platt,0.42000000000000004,0.6401028277634961,0.3389239817033326,1556
bge-reranker,dbpedia-entity,platt,0.43,0.6469807564698076,0.3282509257242431,1507
bge-reranker,dbpedia-entity,platt,0.44,0.6506520247083047,0.3173600522761926,1457
bge-reranker,dbpedia-entity,platt,0.45,0.6593484419263456,0.30755826617294707,1412
bge-reranker,dbpedia-entity,platt,0.46,0.6642388929351785,0.2990633848834677,1373
bge-reranker,dbpedia-entity,platt,0.47000000000000003,0.6664173522812267,0.29122195600087125,1337
bge-reranker,dbpedia-entity,platt,0.48000000000000004,0.6726006191950464,0.2814201698976258,1292
bge-reranker,dbpedia-entity,platt,0.49,0.6767036450079239,0.2748856458287955,1262
bge-reranker,dbpedia-entity,platt,0.5,0.6827868852459016,0.265737312132433,1220
bge-reranker,dbpedia-entity,platt,0.51,0.6862416107382551,0.25963842300152473,1192
bge-reranker,dbpedia-entity,platt,0.52,0.6956521739130435,0.25049008930516226,1150
bge-reranker,dbpedia-entity,platt,0.53,0.7,0.24177739054672184,1110
bge-reranker,dbpedia-entity,platt,0.54,0.7097378277153558,0.2326290568503594,1068
bge-reranker,dbpedia-entity,platt,0.55,0.713170731707317,0.22326290568503593,1025
bge-reranker,dbpedia-entity,platt,0.56,0.715438950554995,0.21585711174036157,991
bge-reranker,dbpedia-entity,platt,0.5700000000000001,0.7193347193347194,0.20954040514049227,962
bge-reranker,dbpedia-entity,platt,0.5800000000000001,0.7243589743589743,0.203877150947506,936
bge-reranker,dbpedia-entity,platt,0.59,0.7291666666666666,0.19864953169244173,912
bge-reranker,dbpedia-entity,platt,0.6,0.7341628959276018,0.19255064256153342,884
bge-reranker,dbpedia-entity,platt,0.61,0.7363530778164924,0.18754084077543018,861
bge-reranker,dbpedia-entity,platt,0.62,0.7430639324487334,0.18057068176867785,829
bge-reranker,dbpedia-entity,platt,0.63,0.743979721166033,0.17185798301023741,789
bge-reranker,dbpedia-entity,platt,0.64,0.7496723460026212,0.16619472881725114,763
bge-reranker,dbpedia-entity,platt,0.65,0.757201646090535,0.15878893487257678,729
bge-reranker,dbpedia-entity,platt,0.66,0.7650429799426934,0.15203659333478545,698
bge-reranker,dbpedia-entity,platt,0.67,0.7725903614457831,0.1446307993901111,664
bge-reranker,dbpedia-entity,platt,0.68,0.780952380952381,0.13722500544543673,630
bge-reranker,dbpedia-entity,platt,0.6900000000000001,0.7861952861952862,0.12938357656284033,594
bge-reranker,dbpedia-entity,platt,0.7000000000000001,0.7883597883597884,0.12350250490089305,567
bge-reranker,dbpedia-entity,platt,0.7100000000000001,0.7934782608695652,0.1202352428664779,552
bge-reranker,dbpedia-entity,platt,0.72,0.7988614800759013,0.11478980614245263,527
bge-reranker,dbpedia-entity,platt,0.73,0.801980198019802,0.10999782182531039,505
bge-reranker,dbpedia-entity,platt,0.74,0.7995867768595041,0.10542365497712916,484
bge-reranker,dbpedia-entity,platt,0.75,0.8126361655773421,0.09997821825310389,459
bge-reranker,dbpedia-entity,platt,0.76,0.8213457076566125,0.0938793291221956,431
bge-reranker,dbpedia-entity,platt,0.77,0.8379052369077307,0.08734480505336528,401
bge-reranker,dbpedia-entity,platt,0.78,0.839142091152815,0.08124591592245699,373
bge-reranker,dbpedia-entity,platt,0.79,0.8434782608695652,0.07514702679154868,345
bge-reranker,dbpedia-entity,platt,0.8,0.8518518518518519,0.07057285994336746,324
bge-reranker,dbpedia-entity,platt,0.81,0.8732876712328768,0.06360270093661512,292
bge-reranker,dbpedia-entity,platt,0.8200000000000001,0.8905660377358491,0.05772162927466783,265
bge-reranker,dbpedia-entity,platt,0.8300000000000001,0.9037656903765691,0.05205837508168155,239
bge-reranker,dbpedia-entity,platt,0.8400000000000001,0.8949771689497716,0.047702025702461334,219
bge-reranker,dbpedia-entity,platt,0.85,0.9037433155080213,0.040731866695708996,187
bge-reranker,dbpedia-entity,platt,0.86,0.9130434782608695,0.03506861250272272,161
bge-reranker,dbpedia-entity,platt,0.87,0.9481481481481482,0.02940535830973644,135
bge-reranker,dbpedia-entity,platt,0.88,0.9732142857142857,0.024395556523633195,112
bge-reranker,dbpedia-entity,platt,0.89,0.9791666666666666,0.020910477020257025,96
bge-reranker,dbpedia-entity,platt,0.9,1.0,0.017207580047919842,79
bge-reranker,dbpedia-entity,platt,0.91,1.0,0.014158135482465693,65
bge-reranker,dbpedia-entity,platt,0.92,1.0,0.01001960357220649,46
bge-reranker,dbpedia-entity,platt,0.93,1.0,0.006970159006752342,32
bge-reranker,dbpedia-entity,platt,0.9400000000000001,,0.005009801786103245,23
bge-reranker,dbpedia-entity,platt,0.9500000000000001,,0.0,0
bge-reranker,dbpedia-entity,platt,0.9600000000000001,,0.0,0
bge-reranker,dbpedia-entity,platt,0.97,,0.0,0
bge-reranker,dbpedia-entity,platt,0.98,,0.0,0
bge-reranker,dbpedia-entity,platt,0.99,,0.0,0
bge-reranker,dbpedia-entity,iso,0.01,0.35730337078651686,0.9692877368764975,4450
bge-reranker,dbpedia-entity,iso,0.02,0.3633661102218157,0.9525157917664997,4373
bge-reranker,dbpedia-entity,iso,0.03,0.37207122774133083,0.9296449575255935,4268
bge-reranker,dbpedia-entity,iso,0.04,0.39597989949748746,0.8669135264648224,3980
bge-reranker,dbpedia-entity,iso,0.05,0.39597989949748746,0.8669135264648224,3980
bge-reranker,dbpedia-entity,iso,0.060000000000000005,0.39597989949748746,0.8669135264648224,3980
bge-reranker,dbpedia-entity,iso,0.06999999999999999,0.39597989949748746,0.8669135264648224,3980
bge-reranker,dbpedia-entity,iso,0.08,0.3971774193548387,0.8642997168372903,3968
bge-reranker,dbpedia-entity,iso,0.09,0.4251774986346259,0.7976475713352211,3662
bge-reranker,dbpedia-entity,iso,0.09999999999999999,0.4251774986346259,0.7976475713352211,3662
bge-reranker,dbpedia-entity,iso,0.11,0.4251774986346259,0.7976475713352211,3662
bge-reranker,dbpedia-entity,iso,0.12,0.42778390297684676,0.7902417773905467,3628
bge-reranker,dbpedia-entity,iso,0.13,0.47599097647437966,0.6758876061860161,3103
bge-reranker,dbpedia-entity,iso,0.14,0.47599097647437966,0.6758876061860161,3103
bge-reranker,dbpedia-entity,iso,0.15000000000000002,0.47599097647437966,0.6758876061860161,3103
bge-reranker,dbpedia-entity,iso,0.16,0.47599097647437966,0.6758876061860161,3103
bge-reranker,dbpedia-entity,iso,0.17,0.47599097647437966,0.6758876061860161,3103
bge-reranker,dbpedia-entity,iso,0.18000000000000002,0.47599097647437966,0.6758876061860161,3103
bge-reranker,dbpedia-entity,iso,0.19,0.49389830508474575,0.6425615334349815,2950
bge-reranker,dbpedia-entity,iso,0.2,0.5130683852488364,0.6083641908081028,2793
bge-reranker,dbpedia-entity,iso,0.21000000000000002,0.5130683852488364,0.6083641908081028,2793
bge-reranker,dbpedia-entity,iso,0.22,0.5130683852488364,0.6083641908081028,2793
bge-reranker,dbpedia-entity,iso,0.23,0.5130683852488364,0.6083641908081028,2793
bge-reranker,dbpedia-entity,iso,0.24000000000000002,0.5130683852488364,0.6083641908081028,2793
bge-reranker,dbpedia-entity,iso,0.25,0.5128939828080229,0.6081463733391418,2792
bge-reranker,dbpedia-entity,iso,0.26,0.5450081833060556,0.5323458941407101,2444
bge-reranker,dbpedia-entity,iso,0.27,0.544821940237413,0.5321280766717491,2443
bge-reranker,dbpedia-entity,iso,0.28,0.5452683326505531,0.531692441733827,2441
bge-reranker,dbpedia-entity,iso,0.29000000000000004,0.5452683326505531,0.531692441733827,2441
bge-reranker,dbpedia-entity,iso,0.3,0.5457154571545716,0.531256806795905,2439
bge-reranker,dbpedia-entity,iso,0.31,0.5456053067993366,0.5253757351339577,2412
bge-reranker,dbpedia-entity,iso,0.32,0.5603334795963142,0.49640601176214333,2279
bge-reranker,dbpedia-entity,iso,0.33,0.5603334795963142,0.49640601176214333,2279
bge-reranker,dbpedia-entity,iso,0.34,0.5610720562390158,0.4957525593552603,2276
bge-reranker,dbpedia-entity,iso,0.35000000000000003,0.5645954403218596,0.48725767806578085,2237
bge-reranker,dbpedia-entity,iso,0.36000000000000004,0.5750950570342205,0.45828795469396644,2104
bge-reranker,dbpedia-entity,iso,0.37,0.5750950570342205,0.45828795469396644,2104
bge-reranker,dbpedia-entity,iso,0.38,0.5788964181994192,0.45001089087344803,2066
bge-reranker,dbpedia-entity,iso,0.39,0.5788964181994192,0.45001089087344803,2066
bge-reranker,dbpedia-entity,iso,0.4,0.6182026330852891,0.38052711827488567,1747
bge-reranker,dbpedia-entity,iso,0.41000000000000003,0.6198729058347776,0.3770420387715095,1731
bge-reranker,dbpedia-entity,iso,0.42000000000000004,0.6198729058347776,0.3770420387715095,1731
bge-reranker,dbpedia-entity,iso,0.43,0.6198729058347776,0.3770420387715095,1731
bge-reranker,dbpedia-entity,iso,0.44,0.6198729058347776,0.3770420387715095,1731
bge-reranker,dbpedia-entity,iso,0.45,0.6737089201877934,0.27837072533217166,1278
bge-reranker,dbpedia-entity,iso,0.46,0.6737089201877934,0.27837072533217166,1278
bge-reranker,dbpedia-entity,iso,0.47000000000000003,0.6742364917776038,0.2781529078632106,1277
bge-reranker,dbpedia-entity,iso,0.48000000000000004,0.6747648902821317,0.27793509039424963,1276
bge-reranker,dbpedia-entity,iso,0.49,0.6747648902821317,0.27793509039424963,1276
bge-reranker,dbpedia-entity,iso,0.5,0.6747648902821317,0.27793509039424963,1276
bge-reranker,dbpedia-entity,iso,0.51,0.6851239669421487,0.2635591374428229,1210
bge-reranker,dbpedia-entity,iso,0.52,0.7072490706319703,0.23437159660204748,1076
bge-reranker,dbpedia-entity,iso,0.53,0.7072490706319703,0.23437159660204748,1076
bge-reranker,dbpedia-entity,iso,0.54,0.7109004739336493,0.22979742975386627,1055
bge-reranker,dbpedia-entity,iso,0.55,0.7109004739336493,0.22979742975386627,1055
bge-reranker,dbpedia-entity,iso,0.56,0.7109004739336493,0.22979742975386627,1055
bge-reranker,dbpedia-entity,iso,0.5700000000000001,0.7103513770180437,0.22936179481594424,1053
bge-reranker,dbpedia-entity,iso,0.5800000000000001,0.7449238578680203,0.17164016554127642,788
bge-reranker,dbpedia-entity,iso,0.59,0.7464968152866241,0.17098671313439337,785
bge-reranker,dbpedia-entity,iso,0.6,0.7925233644859813,0.11653234589414072,535
bge-reranker,dbpedia-entity,iso,0.61,0.7925233644859813,0.11653234589414072,535
bge-reranker,dbpedia-entity,iso,0.62,0.7925233644859813,0.11653234589414072,535
bge-reranker,dbpedia-entity,iso,0.63,0.7925233644859813,0.11653234589414072,535
bge-reranker,dbpedia-entity,iso,0.64,0.7925233644859813,0.11653234589414072,535
bge-reranker,dbpedia-entity,iso,0.65,0.7983706720977597,0.10694837725985624,491
bge-reranker,dbpedia-entity,iso,0.66,0.7983706720977597,0.10694837725985624,491
bge-reranker,dbpedia-entity,iso,0.67,0.7983706720977597,0.10694837725985624,491
bge-reranker,dbpedia-entity,iso,0.68,0.814317673378076,0.09736440862557177,447
bge-reranker,dbpedia-entity,iso,0.6900000000000001,0.814317673378076,0.09736440862557177,447
bge-reranker,dbpedia-entity,iso,0.7000000000000001,0.814317673378076,0.09736440862557177,447
bge-reranker,dbpedia-entity,iso,0.7100000000000001,0.8139013452914798,0.09714659115661076,446
bge-reranker,dbpedia-entity,iso,0.72,0.8139013452914798,0.09714659115661076,446
bge-reranker,dbpedia-entity,iso,0.73,0.8134831460674158,0.09692877368764975,445
bge-reranker,dbpedia-entity,iso,0.74,0.8134831460674158,0.09692877368764975,445
bge-reranker,dbpedia-entity,iso,0.75,0.8153153153153153,0.09671095621868873,444
bge-reranker,dbpedia-entity,iso,0.76,0.8153153153153153,0.09671095621868873,444
bge-reranker,dbpedia-entity,iso,0.77,0.8153153153153153,0.09671095621868873,444
bge-reranker,dbpedia-entity,iso,0.78,0.8153153153153153,0.09671095621868873,444
bge-reranker,dbpedia-entity,iso,0.79,0.8153153153153153,0.09671095621868873,444
bge-reranker,dbpedia-entity,iso,0.8,0.8153153153153153,0.09671095621868873,444
bge-reranker,dbpedia-entity,iso,0.81,0.892018779342723,0.046395120888695275,213
bge-reranker,dbpedia-entity,iso,0.8200000000000001,0.892018779342723,0.046395120888695275,213
bge-reranker,dbpedia-entity,iso,0.8300000000000001,0.892018779342723,0.046395120888695275,213
bge-reranker,dbpedia-entity,iso,0.8400000000000001,0.892018779342723,0.046395120888695275,213
bge-reranker,dbpedia-entity,iso,0.85,0.8957345971563981,0.04595948595077325,211
bge-reranker,dbpedia-entity,iso,0.86,0.9319727891156463,0.03201916793726857,147
bge-reranker,dbpedia-entity,iso,0.87,0.9319727891156463,0.03201916793726857,147
bge-reranker,dbpedia-entity,iso,0.88,0.9319727891156463,0.03201916793726857,147
bge-reranker,dbpedia-entity,iso,0.89,0.9383561643835616,0.03180135046830756,146
bge-reranker,dbpedia-entity,iso,0.9,0.9383561643835616,0.03180135046830756,146
bge-reranker,dbpedia-entity,iso,0.91,0.98,0.021781746896101066,100
bge-reranker,dbpedia-entity,iso,0.92,0.98,0.021781746896101066,100
bge-reranker,dbpedia-entity,iso,0.93,0.98,0.021781746896101066,100
bge-reranker,dbpedia-entity,iso,0.9400000000000001,0.98,0.021781746896101066,100
bge-reranker,dbpedia-entity,iso,0.9500000000000001,1.0,0.01590067523415378,73
bge-reranker,dbpedia-entity,iso,0.9600000000000001,1.0,0.015682857765192768,72
bge-reranker,dbpedia-entity,iso,0.97,1.0,0.015465040296231757,71
bge-reranker,dbpedia-entity,iso,0.98,1.0,0.015247222827270748,70
bge-reranker,dbpedia-entity,iso,0.99,1.0,0.015247222827270748,70
bge-reranker,dbpedia-entity,temp_lodo,0.01,0.34698322805489,1.0,4591
bge-reranker,dbpedia-entity,temp_lodo,0.02,0.34698322805489,1.0,4591
bge-reranker,dbpedia-entity,temp_lodo,0.03,0.34698322805489,1.0,4591
bge-reranker,dbpedia-entity,temp_lodo,0.04,0.34698322805489,1.0,4591
bge-reranker,dbpedia-entity,temp_lodo,0.05,0.34698322805489,1.0,4591
bge-reranker,dbpedia-entity,temp_lodo,0.060000000000000005,0.34698322805489,1.0,4591
bge-reranker,dbpedia-entity,temp_lodo,0.06999999999999999,0.3504179498460185,0.9901982138967546,4546
bge-reranker,dbpedia-entity,temp_lodo,0.08,0.3526024363233666,0.9834458723589632,4515
bge-reranker,dbpedia-entity,temp_lodo,0.09,0.35418521816562776,0.97843607057286,4492
bge-reranker,dbpedia-entity,temp_lodo,0.09999999999999999,0.35618279569892475,0.9723371814419517,4464
bge-reranker,dbpedia-entity,temp_lodo,0.11,0.35907859078590787,0.9644957525593553,4428
bge-reranker,dbpedia-entity,temp_lodo,0.12,0.36261980830670926,0.9544761489871487,4382
bge-reranker,dbpedia-entity,temp_lodo,0.13,0.36589861751152075,0.9453278152907864,4340
bge-reranker,dbpedia-entity,temp_lodo,0.14,0.3701631701631702,0.9344369418427357,4290
bge-reranker,dbpedia-entity,temp_lodo,0.15000000000000002,0.3742924528301887,0.9235460683946852,4240
bge-reranker,dbpedia-entity,temp_lodo,0.16,0.3780691299165673,0.9137442822914398,4195
bge-reranker,dbpedia-entity,temp_lodo,0.17,0.38334946757018395,0.9000217817468961,4132
bge-reranker,dbpedia-entity,temp_lodo,0.18000000000000002,0.3919960228685061,0.8762796776301459,4023
bge-reranker,dbpedia-entity,temp_lodo,0.19,0.3977272727272727,0.8625571770856023,3960
bge-reranker,dbpedia-entity,temp_lodo,0.2,0.40369325468068734,0.8492703114789806,3899
bge-reranker,dbpedia-entity,temp_lodo,0.21000000000000002,0.40806241872561766,0.837508168155086,3845
bge-reranker,dbpedia-entity,temp_lodo,0.22,0.4151844969471728,0.8205184055761272,3767
bge-reranker,dbpedia-entity,temp_lodo,0.23,0.42173560421735606,0.8057068176867784,3699
bge-reranker,dbpedia-entity,temp_lodo,0.24000000000000002,0.4275482093663912,0.7906774123284688,3630
bge-reranker,dbpedia-entity,temp_lodo,0.25,0.4336977852537146,0.7769549117839251,3567
bge-reranker,dbpedia-entity,temp_lodo,0.26,0.439532230462065,0.7636680461773034,3506
bge-reranker,dbpedia-entity,temp_lodo,0.27,0.44804436660828956,0.7462426486604226,3426
bge-reranker,dbpedia-entity,temp_lodo,0.28,0.4543828264758497,0.7305597908952298,3354
bge-reranker,dbpedia-entity,temp_lodo,0.29000000000000004,0.4607873054623131,0.713787845785232,3277
bge-reranker,dbpedia-entity,temp_lodo,0.3,0.4665206508135169,0.6961446307993902,3196
bge-reranker,dbpedia-entity,temp_lodo,0.31,0.473633748801534,0.6815508603790024,3129
bge-reranker,dbpedia-entity,temp_lodo,0.32,0.4804177545691906,0.6673927248965367,3064
bge-reranker,dbpedia-entity,temp_lodo,0.33,0.4858850880106277,0.6558483990416032,3011
bge-reranker,dbpedia-entity,temp_lodo,0.34,0.49506970418225094,0.6406011762143324,2941
bge-reranker,dbpedia-entity,temp_lodo,0.35000000000000003,0.5026050712052796,0.6270964931387497,2879
bge-reranker,dbpedia-entity,temp_lodo,0.36000000000000004,0.5121341898643826,0.6103245480287519,2802
bge-reranker,dbpedia-entity,temp_lodo,0.37,0.5173547679941541,0.5961664125462862,2737
bge-reranker,dbpedia-entity,temp_lodo,0.38,0.5252069224981188,0.5789588324983663,2658
bge-reranker,dbpedia-entity,temp_lodo,0.39,0.5297733384556281,0.5669788717055108,2603
bge-reranker,dbpedia-entity,temp_lodo,0.4,0.5354889589905363,0.5523851012851231,2536
bge-reranker,dbpedia-entity,temp_lodo,0.41000000000000003,0.5429036193574623,0.5356131561751253,2459
bge-reranker,dbpedia-entity,temp_lodo,0.42000000000000004,0.5470441298917569,0.5231975604443476,2402
bge-reranker,dbpedia-entity,temp_lodo,0.43,0.5526203664252237,0.511217599651492,2347
bge-reranker,dbpedia-entity,temp_lodo,0.44,0.5599824868651488,0.4974950991069484,2284
bge-reranker,dbpedia-entity,temp_lodo,0.45,0.5655884995507637,0.48486168590720974,2226
bge-reranker,dbpedia-entity,temp_lodo,0.46,0.5700460829493088,0.4726639076453932,2170
bge-reranker,dbpedia-entity,temp_lodo,0.47000000000000003,0.5739253660840813,0.4611195817904596,2117
bge-reranker,dbpedia-entity,temp_lodo,0.48000000000000004,0.5785123966942148,0.44805053365279895,2057
bge-reranker,dbpedia-entity,temp_lodo,0.49,0.5857928964482241,0.43541712045306036,1999
bge-reranker,dbpedia-entity,temp_lodo,0.5,0.5922480620155038,0.42147680243955565,1935
bge-reranker,dbpedia-entity,temp_lodo,0.51,0.6013874066168623,0.408189936832934,1874
bge-reranker,dbpedia-entity,temp_lodo,0.52,0.610066371681416,0.3938139838815073,1808
bge-reranker,dbpedia-entity,temp_lodo,0.53,0.6190201729106628,0.3779133086473535,1735
bge-reranker,dbpedia-entity,temp_lodo,0.54,0.6273106738223018,0.3652798954476149,1677
bge-reranker,dbpedia-entity,temp_lodo,0.55,0.6351931330472103,0.3552602918754084,1631
bge-reranker,dbpedia-entity,temp_lodo,0.56,0.6387301587301587,0.3430625136135918,1575
bge-reranker,dbpedia-entity,temp_lodo,0.5700000000000001,0.6465916611515553,0.32912219560008715,1511
bge-reranker,dbpedia-entity,temp_lodo,0.5800000000000001,0.6539792387543253,0.3147462426486604,1445
bge-reranker,dbpedia-entity,temp_lodo,0.59,0.6614060258249641,0.30363755173164886,1394
bge-reranker,dbpedia-entity,temp_lodo,0.6,0.6664190193164933,0.2931823132215204,1346
bge-reranker,dbpedia-entity,temp_lodo,0.61,0.6726006191950464,0.2814201698976258,1292
bge-reranker,dbpedia-entity,temp_lodo,0.62,0.6808681672025724,0.2709649313874973,1244
bge-reranker,dbpedia-entity,temp_lodo,0.63,0.6866666666666666,0.2613809627532128,1200
bge-reranker,dbpedia-entity,temp_lodo,0.64,0.6956521739130435,0.25049008930516226,1150
bge-reranker,dbpedia-entity,temp_lodo,0.65,0.7029250457038391,0.23829231104334567,1094
bge-reranker,dbpedia-entity,temp_lodo,0.66,0.7104247104247104,0.22565889784360707,1036
bge-reranker,dbpedia-entity,temp_lodo,0.67,0.7148634984833164,0.21542147680243956,989
bge-reranker,dbpedia-entity,temp_lodo,0.68,0.7234490010515248,0.20714441298192116,951
bge-reranker,dbpedia-entity,temp_lodo,0.6900000000000001,0.730349344978166,0.19952080156828578,916
bge-reranker,dbpedia-entity,temp_lodo,0.7000000000000001,0.7351598173515982,0.19080810280984534,876
bge-reranker,dbpedia-entity,temp_lodo,0.7100000000000001,0.7395459976105138,0.18231322152036594,837
bge-reranker,dbpedia-entity,temp_lodo,0.72,0.7464968152866241,0.17098671313439337,785
bge-reranker,dbpedia-entity,temp_lodo,0.73,0.7513440860215054,0.16205619690699194,744
bge-reranker,dbpedia-entity,temp_lodo,0.74,0.7669064748201438,0.15138314092790242,695
bge-reranker,dbpedia-entity,temp_lodo,0.75,0.7757009345794392,0.13983881507296886,642
bge-reranker,dbpedia-entity,temp_lodo,0.76,0.7848739495798319,0.12960139403180135,595
bge-reranker,dbpedia-entity,temp_lodo,0.77,0.7910714285714285,0.12197778261816598,560
bge-reranker,dbpedia-entity,temp_lodo,0.78,0.7992424242424242,0.11500762361141363,528
bge-reranker,dbpedia-entity,temp_lodo,0.79,0.8016032064128257,0.10869091701154432,499
bge-reranker,dbpedia-entity,temp_lodo,0.8,0.8095238095238095,0.10063167065998693,462
bge-reranker,dbpedia-entity,temp_lodo,0.81,0.8266033254156769,0.09170115443258549,421
bge-reranker,dbpedia-entity,temp_lodo,0.8200000000000001,0.8386243386243386,0.08233500326726204,378
bge-reranker,dbpedia-entity,temp_lodo,0.8300000000000001,0.8475073313782991,0.07427575691570464,341
bge-reranker,dbpedia-entity,temp_lodo,0.8400000000000001,0.8708609271523179,0.06578087562622523,302
bge-reranker,dbpedia-entity,temp_lodo,0.85,0.8893129770992366,0.057068176867784794,262
bge-reranker,dbpedia-entity,temp_lodo,0.86,0.9004329004329005,0.050315835329993466,231
bge-reranker,dbpedia-entity,temp_lodo,0.87,0.9042553191489362,0.04094968416467001,188
bge-reranker,dbpedia-entity,temp_lodo,0.88,0.9230769230769231,0.03397952515791766,156
bge-reranker,dbpedia-entity,temp_lodo,0.89,0.9743589743589743,0.02548464386843825,117
bge-reranker,dbpedia-entity,temp_lodo,0.9,0.9791666666666666,0.020910477020257025,96
bge-reranker,dbpedia-entity,temp_lodo,0.91,1.0,0.01611849270311479,74
bge-reranker,dbpedia-entity,temp_lodo,0.92,1.0,0.011108690917011544,51
bge-reranker,dbpedia-entity,temp_lodo,0.93,1.0,0.006970159006752342,32
bge-reranker,dbpedia-entity,temp_lodo,0.9400000000000001,,0.003920714441298192,18
bge-reranker,dbpedia-entity,temp_lodo,0.9500000000000001,,0.0,0
bge-reranker,dbpedia-entity,temp_lodo,0.9600000000000001,,0.0,0
bge-reranker,dbpedia-entity,temp_lodo,0.97,,0.0,0
bge-reranker,dbpedia-entity,temp_lodo,0.98,,0.0,0
bge-reranker,dbpedia-entity,temp_lodo,0.99,,0.0,0
bge-reranker,trec-covid,raw,0.01,0.6557377049180327,0.9125431530494822,1586
bge-reranker,trec-covid,raw,0.02,0.6645202833226014,0.8935558112773303,1553
bge-reranker,trec-covid,raw,0.03,0.6677503250975293,0.8849252013808976,1538
bge-reranker,trec-covid,raw,0.04,0.6727989487516426,0.8757192174913694,1522
bge-reranker,trec-covid,raw,0.05,0.6750496360026472,0.8693901035673187,1511
bge-reranker,trec-covid,raw,0.060000000000000005,0.6773333333333333,0.8630609896432682,1500
bge-reranker,trec-covid,raw,0.06999999999999999,0.6794354838709677,0.856156501726122,1488
bge-reranker,trec-covid,raw,0.08,0.6799729364005412,0.8504027617951668,1478
bge-reranker,trec-covid,raw,0.09,0.6816326530612244,0.8457997698504027,1470
bge-reranker,trec-covid,raw,0.09999999999999999,0.6860863605209048,0.8394706559263522,1459
bge-reranker,trec-covid,raw,0.11,0.6882758620689655,0.8342922899884925,1450
bge-reranker,trec-covid,raw,0.12,0.6892265193370166,0.8331415420023015,1448
bge-reranker,trec-covid,raw,0.13,0.6902286902286903,0.830264672036824,1443
bge-reranker,trec-covid,raw,0.14,0.6900138696255201,0.8296892980437284,1442
bge-reranker,trec-covid,raw,0.15000000000000002,0.6912891986062718,0.8256616800920599,1435
bge-reranker,trec-covid,raw,0.16,0.6911250873515025,0.8233601841196778,1431
bge-reranker,trec-covid,raw,0.17,0.6919298245614035,0.8199079401611047,1425
bge-reranker,trec-covid,raw,0.18000000000000002,0.6929577464788732,0.8170310701956272,1420
bge-reranker,trec-covid,raw,0.19,0.693502824858757,0.8147295742232451,1416
bge-reranker,trec-covid,raw,0.2,0.6942675159235668,0.8130034522439585,1413
bge-reranker,trec-covid,raw,0.21000000000000002,0.6946022727272727,0.810126582278481,1408
bge-reranker,trec-covid,raw,0.22,0.6950959488272921,0.8095512082853855,1407
bge-reranker,trec-covid,raw,0.23,0.6963649322879544,0.8072497123130035,1403
bge-reranker,trec-covid,raw,0.24000000000000002,0.6961483594864479,0.806674338319908,1402
bge-reranker,trec-covid,raw,0.25,0.6962115796997855,0.8049482163406214,1399
bge-reranker,trec-covid,raw,0.26,0.6957766642806013,0.8037974683544303,1397
bge-reranker,trec-covid,raw,0.27,0.6955587392550143,0.8032220943613348,1396
bge-reranker,trec-covid,raw,0.28,0.6961206896551724,0.8009205983889528,1392
bge-reranker,trec-covid,raw,0.29000000000000004,0.6952449567723343,0.7986191024165707,1388
bge-reranker,trec-covid,raw,0.3,0.6968162083936325,0.7951668584579977,1382
bge-reranker,trec-covid,raw,0.31,0.696881798404641,0.7934407364787112,1379
bge-reranker,trec-covid,raw,0.32,0.6994177583697234,0.7905638665132336,1374
bge-reranker,trec-covid,raw,0.33,0.6991988346686089,0.7899884925201381,1373
bge-reranker,trec-covid,raw,0.34,0.700218818380744,0.7888377445339471,1371
bge-reranker,trec-covid,raw,0.35000000000000003,0.7000731528895391,0.786536248561565,1367
bge-reranker,trec-covid,raw,0.36000000000000004,0.7005856515373353,0.7859608745684695,1366
bge-reranker,trec-covid,raw,0.37,0.7001466275659824,0.7848101265822784,1364
bge-reranker,trec-covid,raw,0.38,0.7004405286343612,0.7836593785960875,1362
bge-reranker,trec-covid,raw,0.39,0.7014705882352941,0.7825086306098964,1360
bge-reranker,trec-covid,raw,0.4,0.7025036818851251,0.7813578826237054,1358
bge-reranker,trec-covid,raw,0.41000000000000003,0.7028023598820059,0.7802071346375143,1356
bge-reranker,trec-covid,raw,0.42000000000000004,0.704360679970436,0.7784810126582279,1353
bge-reranker,trec-covid,raw,0.43,0.704225352112676,0.7761795166858458,1349
bge-reranker,trec-covid,raw,0.44,0.7048327137546468,0.7738780207134638,1345
bge-reranker,trec-covid,raw,0.45,0.7059701492537314,0.7710011507479861,1340
bge-reranker,trec-covid,raw,0.46,0.706058339566193,0.7692750287686997,1337
bge-reranker,trec-covid,raw,0.47000000000000003,0.7069872276483846,0.7658227848101266,1331
bge-reranker,trec-covid,raw,0.48000000000000004,0.7075187969924812,0.7652474108170311,1330
bge-reranker,trec-covid,raw,0.49,0.7078313253012049,0.7640966628308401,1328
bge-reranker,trec-covid,raw,0.5,0.7079245283018868,0.7623705408515535,1325
bge-reranker,trec-covid,raw,0.51,0.708994708994709,0.7612197928653625,1323
bge-reranker,trec-covid,raw,0.52,0.7098484848484848,0.759493670886076,1320
bge-reranker,trec-covid,raw,0.53,0.7102661596958175,0.7566168009205984,1315
bge-reranker,trec-covid,raw,0.54,0.7109077040427155,0.7543153049482163,1311
bge-reranker,trec-covid,raw,0.55,0.7110091743119266,0.7525891829689298,1308
bge-reranker,trec-covid,raw,0.56,0.7112135176651305,0.7491369390103567,1302
bge-reranker,trec-covid,raw,0.5700000000000001,0.7106481481481481,0.7456846950517837,1296
bge-reranker,trec-covid,raw,0.5800000000000001,0.7109737248840804,0.7445339470655926,1294
bge-reranker,trec-covid,raw,0.59,0.7124031007751938,0.7422324510932106,1290
bge-reranker,trec-covid,raw,0.6,0.7150663544106167,0.737054085155351,1281
bge-reranker,trec-covid,raw,0.61,0.7143974960876369,0.7353279631760644,1278
bge-reranker,trec-covid,raw,0.62,0.7154088050314465,0.7318757192174914,1272
bge-reranker,trec-covid,raw,0.63,0.7158642462509865,0.7289988492520139,1267
bge-reranker,trec-covid,raw,0.64,0.7175632911392406,0.7272727272727273,1264
bge-reranker,trec-covid,raw,0.65,0.7171156893819335,0.7261219792865362,1262
bge-reranker,trec-covid,raw,0.66,0.7173566878980892,0.7226697353279632,1256
bge-reranker,trec-covid,raw,0.67,0.7180511182108626,0.7203682393555811,1252
bge-reranker,trec-covid,raw,0.68,0.7189751801441153,0.7186421173762946,1249
bge-reranker,trec-covid,raw,0.6900000000000001,0.7186495176848875,0.715765247410817,1244
bge-reranker,trec-covid,raw,0.7000000000000001,0.7185483870967742,0.713463751438435,1240
bge-reranker,trec-covid,raw,0.7100000000000001,0.7182186234817813,0.7105868814729575,1235
bge-reranker,trec-covid,raw,0.72,0.718927701056052,0.7082853855005754,1231
bge-reranker,trec-covid,raw,0.73,0.7206244864420707,0.7002301495972382,1217
bge-reranker,trec-covid,raw,0.74,0.7210264900662252,0.6950517836593786,1208
bge-reranker,trec-covid,raw,0.75,0.7229617304492513,0.6915995397008056,1202
bge-reranker,trec-covid,raw,0.76,0.7240802675585284,0.6881472957422324,1196
bge-reranker,trec-covid,raw,0.77,0.7255892255892256,0.6835443037974683,1188
bge-reranker,trec-covid,raw,0.78,0.7255067567567568,0.6812428078250863,1184
bge-reranker,trec-covid,raw,0.79,0.7231686541737649,0.6754890678941312,1174
bge-reranker,trec-covid,raw,0.8,0.7228915662650602,0.6685845799769851,1162
bge-reranker,trec-covid,raw,0.81,0.7224631396357328,0.6634062140391255,1153
bge-reranker,trec-covid,raw,0.8200000000000001,0.7225636523266022,0.6553509781357882,1139
bge-reranker,trec-covid,raw,0.8300000000000001,0.7244444444444444,0.6472957422324511,1125
bge-reranker,trec-covid,raw,0.8400000000000001,0.7272727272727273,0.6392405063291139,1111
bge-reranker,trec-covid,raw,0.85,0.730593607305936,0.6300345224395857,1095
bge-reranker,trec-covid,raw,0.86,0.7330861909175163,0.6208285385500575,1079
bge-reranker,trec-covid,raw,0.87,0.7375352775164629,0.6116225546605294,1063
bge-reranker,trec-covid,raw,0.88,0.7418738049713193,0.6018411967779056,1046
bge-reranker,trec-covid,raw,0.89,0.7439143135345667,0.5909090909090909,1027
bge-reranker,trec-covid,raw,0.9,0.7448478900883219,0.5863060989643268,1019
bge-reranker,trec-covid,raw,0.91,0.7487636003956478,0.5817031070195627,1011
bge-reranker,trec-covid,raw,0.92,0.756294058408862,0.5713463751438435,993
bge-reranker,trec-covid,raw,0.93,0.7600411946446962,0.5586881472957422,971
bge-reranker,trec-covid,raw,0.9400000000000001,0.7631578947368421,0.5466052934407365,950
bge-reranker,trec-covid,raw,0.9500000000000001,0.772877618522602,0.5218642117376294,907
bge-reranker,trec-covid,raw,0.9600000000000001,0.7740440324449595,0.4965477560414269,863
bge-reranker,trec-covid,raw,0.97,0.7836477987421384,0.4574223245109321,795
bge-reranker,trec-covid,raw,0.98,0.7929577464788733,0.4085155350978136,710
bge-reranker,trec-covid,raw,0.99,0.8113879003558719,0.3233601841196778,562
bge-reranker,trec-covid,temp,0.01,0.6242807825086306,1.0,1738
bge-reranker,trec-covid,temp,0.02,0.6242807825086306,1.0,1738
bge-reranker,trec-covid,temp,0.03,0.6242807825086306,1.0,1738
bge-reranker,trec-covid,temp,0.04,0.6242807825086306,1.0,1738
bge-reranker,trec-covid,temp,0.05,0.6242807825086306,1.0,1738
bge-reranker,trec-covid,temp,0.060000000000000005,0.6242807825086306,1.0,1738
bge-reranker,trec-covid,temp,0.06999999999999999,0.6242807825086306,1.0,1738
bge-reranker,trec-covid,temp,0.08,0.6242807825086306,1.0,1738
bge-reranker,trec-covid,temp,0.09,0.6247838616714697,0.9982738780207134,1735
bge-reranker,trec-covid,temp,0.09999999999999999,0.626951995373048,0.9948216340621404,1729
bge-reranker,trec-covid,temp,0.11,0.6279744631456762,0.9913693901035673,1723
bge-reranker,trec-covid,temp,0.12,0.6292200232828871,0.9884925201380897,1718
bge-reranker,trec-covid,temp,0.13,0.6304728546409807,0.9856156501726122,1713
bge-reranker,trec-covid,temp,0.14,0.6316715542521995,0.9810126582278481,1705
bge-reranker,trec-covid,temp,0.15000000000000002,0.6325690770135215,0.9787111622554661,1701
bge-reranker,trec-covid,temp,0.16,0.6329787234042553,0.9735327963176065,1692
bge-reranker,trec-covid,temp,0.17,0.6347980997624703,0.9689298043728424,1684
bge-reranker,trec-covid,temp,0.18000000000000002,0.635223880597015,0.9637514384349828,1675
bge-reranker,trec-covid,temp,0.19,0.6366366366366366,0.9579976985040276,1665
bge-reranker,trec-covid,temp,0.2,0.6394927536231884,0.952819332566168,1656
bge-reranker,trec-covid,temp,0.21000000000000002,0.6433353621424224,0.9453394706559264,1643
bge-reranker,trec-covid,temp,0.22,0.6452599388379205,0.9407364787111623,1635
bge-reranker,trec-covid,temp,0.23,0.648,0.9349827387802071,1625
bge-reranker,trec-covid,temp,0.24000000000000002,0.650497512437811,0.9252013808975834,1608
bge-reranker,trec-covid,temp,0.25,0.6523096129837703,0.9217491369390104,1602
bge-reranker,trec-covid,temp,0.26,0.6561514195583596,0.9119677790563866,1585
bge-reranker,trec-covid,temp,0.27,0.6582278481012658,0.9090909090909091,1580
bge-reranker,trec-covid,temp,0.28,0.6621966794380587,0.9010356731875719,1566
bge-reranker,trec-covid,temp,0.29000000000000004,0.6636655948553055,0.8947065592635213,1555
bge-reranker,trec-covid,temp,0.3,0.6658047834518422,0.8901035673187572,1547
bge-reranker,trec-covid,temp,0.31,0.6679662118258609,0.8855005753739931,1539
bge-reranker,trec-covid,temp,0.32,0.6712508185985593,0.8785960874568469,1527
bge-reranker,trec-covid,temp,0.33,0.6743572841133817,0.8728423475258918,1517
bge-reranker,trec-covid,temp,0.34,0.6755142667551427,0.8670886075949367,1507
bge-reranker,trec-covid,temp,0.35000000000000003,0.6780227120908484,0.8613348676639816,1497
bge-reranker,trec-covid,temp,0.36000000000000004,0.6803776129467296,0.8532796317606444,1483
bge-reranker,trec-covid,temp,0.37,0.680461329715061,0.8481012658227848,1474
bge-reranker,trec-covid,temp,0.38,0.6875430144528561,0.836018411967779,1453
bge-reranker,trec-covid,temp,0.39,0.6892733564013841,0.8314154200230149,1445
bge-reranker,trec-covid,temp,0.4,0.6902777777777778,0.8285385500575374,1440
bge-reranker,trec-covid,temp,0.41000000000000003,0.6916608269096005,0.8210586881472958,1427
bge-reranker,trec-covid,temp,0.42000000000000004,0.6944837340876945,0.8135788262370541,1414
bge-reranker,trec-covid,temp,0.43,0.695373665480427,0.8084004602991944,1405
bge-reranker,trec-covid,temp,0.44,0.6957766642806013,0.8037974683544303,1397
bge-reranker,trec-covid,temp,0.45,0.6962481962481962,0.7974683544303798,1386
bge-reranker,trec-covid,temp,0.46,0.6991988346686089,0.7899884925201381,1373
bge-reranker,trec-covid,temp,0.47000000000000003,0.7001466275659824,0.7848101265822784,1364
bge-reranker,trec-covid,temp,0.48000000000000004,0.7033210332103321,0.7796317606444189,1355
bge-reranker,trec-covid,temp,0.49,0.706058339566193,0.7692750287686997,1337
bge-reranker,trec-covid,temp,0.5,0.7079245283018868,0.7623705408515535,1325
bge-reranker,trec-covid,temp,0.51,0.7109077040427155,0.7543153049482163,1311
bge-reranker,trec-covid,temp,0.52,0.7124031007751938,0.7422324510932106,1290
bge-reranker,trec-covid,temp,0.53,0.7155240346729709,0.7301495972382048,1269
bge-reranker,trec-covid,temp,0.54,0.7180511182108626,0.7203682393555811,1252
bge-reranker,trec-covid,temp,0.55,0.7184466019417476,0.7111622554660529,1236
bge-reranker,trec-covid,temp,0.56,0.7216238608119304,0.6944764096662831,1207
bge-reranker,trec-covid,temp,0.5700000000000001,0.7253580454928391,0.6829689298043728,1187
bge-reranker,trec-covid,temp,0.5800000000000001,0.7232758620689655,0.667433831990794,1160
bge-reranker,trec-covid,temp,0.59,0.7244444444444444,0.6472957422324511,1125
bge-reranker,trec-covid,temp,0.6,0.7327188940092166,0.6242807825086306,1085
bge-reranker,trec-covid,temp,0.61,0.74,0.6041426927502876,1050
bge-reranker,trec-covid,temp,0.62,0.7453476983349657,0.5874568469505178,1021
bge-reranker,trec-covid,temp,0.63,0.7490079365079365,0.5799769850402762,1008
bge-reranker,trec-covid,temp,0.64,0.7548321464903357,0.5655926352128884,983
bge-reranker,trec-covid,temp,0.65,0.7602094240837697,0.549482163406214,955
bge-reranker,trec-covid,temp,0.66,0.7690631808278867,0.5281933256616801,918
bge-reranker,trec-covid,temp,0.67,0.7715909090909091,0.5063291139240507,880
bge-reranker,trec-covid,temp,0.68,0.7794994040524433,0.4827387802071346,839
bge-reranker,trec-covid,temp,0.6900000000000001,0.7855329949238579,0.4533947065592635,788
bge-reranker,trec-covid,temp,0.7000000000000001,0.7932432432432432,0.42577675489067895,740
bge-reranker,trec-covid,temp,0.7100000000000001,0.7931526390870185,0.403337169159954,701
bge-reranker,trec-covid,temp,0.72,0.8066465256797583,0.380897583429229,662
bge-reranker,trec-covid,temp,0.73,0.808130081300813,0.3538550057537399,615
bge-reranker,trec-covid,temp,0.74,0.8123893805309734,0.32508630609896433,565
bge-reranker,trec-covid,temp,0.75,0.823076923076923,0.2991944764096663,520
bge-reranker,trec-covid,temp,0.76,0.8240165631469979,0.27790563866513235,483
bge-reranker,trec-covid,temp,0.77,0.8302752293577982,0.2508630609896433,436
bge-reranker,trec-covid,temp,0.78,0.8421052631578947,0.2186421173762946,380
bge-reranker,trec-covid,temp,0.79,0.844311377245509,0.19217491369390102,334
bge-reranker,trec-covid,temp,0.8,0.8697183098591549,0.16340621403912542,284
bge-reranker,trec-covid,temp,0.81,0.8713692946058091,0.1386651323360184,241
bge-reranker,trec-covid,temp,0.8200000000000001,0.8786407766990292,0.11852704257767549,206
bge-reranker,trec-covid,temp,0.8300000000000001,0.8902439024390244,0.09436133486766399,164
bge-reranker,trec-covid,temp,0.8400000000000001,0.9083333333333333,0.06904487917146145,120
bge-reranker,trec-covid,temp,0.85,0.9130434782608695,0.05293440736478711,92
bge-reranker,trec-covid,temp,0.86,0.9206349206349206,0.03624856156501726,63
bge-reranker,trec-covid,temp,0.87,0.9166666666666666,0.020713463751438434,36
bge-reranker,trec-covid,temp,0.88,,0.011507479861910242,20
bge-reranker,trec-covid,temp,0.89,,0.006904487917146145,12
bge-reranker,trec-covid,temp,0.9,,0.0005753739930955121,1
bge-reranker,trec-covid,temp,0.91,,0.0005753739930955121,1
bge-reranker,trec-covid,temp,0.92,,0.0,0
bge-reranker,trec-covid,temp,0.93,,0.0,0
bge-reranker,trec-covid,temp,0.9400000000000001,,0.0,0
bge-reranker,trec-covid,temp,0.9500000000000001,,0.0,0
bge-reranker,trec-covid,temp,0.9600000000000001,,0.0,0
bge-reranker,trec-covid,temp,0.97,,0.0,0
bge-reranker,trec-covid,temp,0.98,,0.0,0
bge-reranker,trec-covid,temp,0.99,,0.0,0
bge-reranker,trec-covid,platt,0.01,0.6242807825086306,1.0,1738
bge-reranker,trec-covid,platt,0.02,0.6242807825086306,1.0,1738
bge-reranker,trec-covid,platt,0.03,0.6242807825086306,1.0,1738
bge-reranker,trec-covid,platt,0.04,0.6242807825086306,1.0,1738
bge-reranker,trec-covid,platt,0.05,0.6242807825086306,1.0,1738
bge-reranker,trec-covid,platt,0.060000000000000005,0.6242807825086306,1.0,1738
bge-reranker,trec-covid,platt,0.06999999999999999,0.6242807825086306,1.0,1738
bge-reranker,trec-covid,platt,0.08,0.6242807825086306,1.0,1738
bge-reranker,trec-covid,platt,0.09,0.6242807825086306,1.0,1738
bge-reranker,trec-covid,platt,0.09999999999999999,0.6242807825086306,1.0,1738
bge-reranker,trec-covid,platt,0.11,0.6265895953757226,0.9953970080552359,1730
bge-reranker,trec-covid,platt,0.12,0.626951995373048,0.9948216340621404,1729
bge-reranker,trec-covid,platt,0.13,0.6287042417199302,0.9902186421173763,1721
bge-reranker,trec-covid,platt,0.14,0.6295864880605707,0.9879171461449943,1717
bge-reranker,trec-covid,platt,0.15000000000000002,0.6302570093457944,0.9850402761795167,1712
bge-reranker,trec-covid,platt,0.16,0.6316715542521995,0.9810126582278481,1705
bge-reranker,trec-covid,platt,0.17,0.6325690770135215,0.9787111622554661,1701
bge-reranker,trec-covid,platt,0.18000000000000002,0.6329787234042553,0.9735327963176065,1692
bge-reranker,trec-covid,platt,0.19,0.6344213649851632,0.9695051783659379,1685
bge-reranker,trec-covid,platt,0.2,0.635223880597015,0.9637514384349828,1675
bge-reranker,trec-covid,platt,0.21000000000000002,0.6369083283403235,0.9602991944764097,1669
bge-reranker,trec-covid,platt,0.22,0.6383363471971067,0.9545454545454546,1659
bge-reranker,trec-covid,platt,0.23,0.6423800850030358,0.9476409666283084,1647
bge-reranker,trec-covid,platt,0.24000000000000002,0.6450824679291387,0.9418872266973533,1637
bge-reranker,trec-covid,platt,0.25,0.6462293071735132,0.9384349827387802,1631
bge-reranker,trec-covid,platt,0.26,0.6499380421313506,0.9286536248561565,1614
bge-reranker,trec-covid,platt,0.27,0.651307596513076,0.9240506329113924,1606
bge-reranker,trec-covid,platt,0.28,0.6541353383458647,0.9182968929804373,1596
bge-reranker,trec-covid,platt,0.29000000000000004,0.6573957016434893,0.9102416570771001,1582
bge-reranker,trec-covid,platt,0.3,0.660941475826972,0.904487917146145,1572
bge-reranker,trec-covid,platt,0.31,0.6634615384615384,0.8975834292289988,1560
bge-reranker,trec-covid,platt,0.32,0.6655907036797934,0.8912543153049483,1549
bge-reranker,trec-covid,platt,0.33,0.6670992861778067,0.8866513233601842,1541
bge-reranker,trec-covid,platt,0.34,0.6681877444589309,0.8826237054085155,1534
bge-reranker,trec-covid,platt,0.35000000000000003,0.6727989487516426,0.8757192174913694,1522
bge-reranker,trec-covid,platt,0.36000000000000004,0.6750330250990753,0.8711162255466053,1514
bge-reranker,trec-covid,platt,0.37,0.6761968085106383,0.8653624856156502,1504
bge-reranker,trec-covid,platt,0.38,0.6794354838709677,0.856156501726122,1488
bge-reranker,trec-covid,platt,0.39,0.680677966101695,0.8486766398158804,1475
bge-reranker,trec-covid,platt,0.4,0.6856164383561644,0.8400460299194477,1460
bge-reranker,trec-covid,platt,0.41000000000000003,0.6892265193370166,0.8331415420023015,1448
bge-reranker,trec-covid,platt,0.42000000000000004,0.6902286902286903,0.830264672036824,1443
bge-reranker,trec-covid,platt,0.43,0.6911250873515025,0.8233601841196778,1431
bge-reranker,trec-covid,platt,0.44,0.693502824858757,0.8147295742232451,1416
bge-reranker,trec-covid,platt,0.45,0.6950959488272921,0.8095512082853855,1407
bge-reranker,trec-covid,platt,0.46,0.6962115796997855,0.8049482163406214,1399
bge-reranker,trec-covid,platt,0.47000000000000003,0.6954643628509719,0.7991944764096662,1389
bge-reranker,trec-covid,platt,0.48000000000000004,0.6994177583697234,0.7905638665132336,1374
bge-reranker,trec-covid,platt,0.49,0.7001466275659824,0.7848101265822784,1364
bge-reranker,trec-covid,platt,0.5,0.7028023598820059,0.7802071346375143,1356
bge-reranker,trec-covid,platt,0.51,0.7062780269058296,0.7698504027617952,1338
bge-reranker,trec-covid,platt,0.52,0.7079245283018868,0.7623705408515535,1325
bge-reranker,trec-covid,platt,0.53,0.7106870229007634,0.7537399309551208,1310
bge-reranker,trec-covid,platt,0.54,0.7124031007751938,0.7422324510932106,1290
bge-reranker,trec-covid,platt,0.55,0.7164296998420221,0.7284234752589183,1266
bge-reranker,trec-covid,platt,0.56,0.718625099920064,0.7197928653624857,1251
bge-reranker,trec-covid,platt,0.5700000000000001,0.7193836171938361,0.7094361334867664,1233
bge-reranker,trec-covid,platt,0.5800000000000001,0.7229617304492513,0.6915995397008056,1202
bge-reranker,trec-covid,platt,0.59,0.724809483488569,0.6795166858457997,1181
bge-reranker,trec-covid,platt,0.6,0.7233856893542757,0.6593785960874569,1146
bge-reranker,trec-covid,platt,0.61,0.7269439421338155,0.6363636363636364,1106
bge-reranker,trec-covid,platt,0.62,0.735266604303087,0.6150747986191024,1069
bge-reranker,trec-covid,platt,0.63,0.7446808510638298,0.5949367088607594,1034
bge-reranker,trec-covid,platt,0.64,0.7465483234714004,0.5834292289988493,1014
bge-reranker,trec-covid,platt,0.65,0.7560483870967742,0.570771001150748,992
bge-reranker,trec-covid,platt,0.66,0.7585848074921956,0.5529344073647872,961
bge-reranker,trec-covid,platt,0.67,0.7685683530678149,0.5345224395857308,929
bge-reranker,trec-covid,platt,0.68,0.7721088435374149,0.5074798619102416,882
bge-reranker,trec-covid,platt,0.6900000000000001,0.7781731909845789,0.48504027617951667,843
bge-reranker,trec-covid,platt,0.7000000000000001,0.7850821744627055,0.45512082853855007,791
bge-reranker,trec-covid,platt,0.7100000000000001,0.7932432432432432,0.42577675489067895,740
bge-reranker,trec-covid,platt,0.72,0.7951289398280802,0.4016110471806674,698
bge-reranker,trec-covid,platt,0.73,0.806060606060606,0.379746835443038,660
bge-reranker,trec-covid,platt,0.74,0.8098360655737705,0.35097813578826237,610
bge-reranker,trec-covid,platt,0.75,0.8150807899461401,0.3204833141542002,557
bge-reranker,trec-covid,platt,0.76,0.8231827111984283,0.2928653624856157,509
bge-reranker,trec-covid,platt,0.77,0.8276595744680851,0.27042577675489066,470
bge-reranker,trec-covid,platt,0.78,0.8389423076923077,0.23935558112773303,416
bge-reranker,trec-covid,platt,0.79,0.8431372549019608,0.2054085155350978,357
bge-reranker,trec-covid,platt,0.8,0.8657718120805369,0.1714614499424626,298
bge-reranker,trec-covid,platt,0.81,0.8588235294117647,0.14672036823935558,255
bge-reranker,trec-covid,platt,0.8200000000000001,0.875,0.12428078250863062,216
bge-reranker,trec-covid,platt,0.8300000000000001,0.8764044943820225,0.10241657077100115,178
bge-reranker,trec-covid,platt,0.8400000000000001,0.9090909090909091,0.0759493670886076,132
bge-reranker,trec-covid,platt,0.85,0.9183673469387755,0.05638665132336018,98
bge-reranker,trec-covid,platt,0.86,0.9242424242424242,0.0379746835443038,66
bge-reranker,trec-covid,platt,0.87,0.918918918918919,0.021288837744533946,37
bge-reranker,trec-covid,platt,0.88,,0.011507479861910242,20
bge-reranker,trec-covid,platt,0.89,,0.006904487917146145,12
bge-reranker,trec-covid,platt,0.9,,0.0005753739930955121,1
bge-reranker,trec-covid,platt,0.91,,0.0005753739930955121,1
bge-reranker,trec-covid,platt,0.92,,0.0,0
bge-reranker,trec-covid,platt,0.93,,0.0,0
bge-reranker,trec-covid,platt,0.9400000000000001,,0.0,0
bge-reranker,trec-covid,platt,0.9500000000000001,,0.0,0
bge-reranker,trec-covid,platt,0.9600000000000001,,0.0,0
bge-reranker,trec-covid,platt,0.97,,0.0,0
bge-reranker,trec-covid,platt,0.98,,0.0,0
bge-reranker,trec-covid,platt,0.99,,0.0,0
bge-reranker,trec-covid,iso,0.01,0.6242807825086306,1.0,1738
bge-reranker,trec-covid,iso,0.02,0.6242807825086306,1.0,1738
bge-reranker,trec-covid,iso,0.03,0.6242807825086306,1.0,1738
bge-reranker,trec-covid,iso,0.04,0.6242807825086306,1.0,1738
bge-reranker,trec-covid,iso,0.05,0.6242807825086306,1.0,1738
bge-reranker,trec-covid,iso,0.060000000000000005,0.6242807825086306,1.0,1738
bge-reranker,trec-covid,iso,0.06999999999999999,0.6242807825086306,1.0,1738
bge-reranker,trec-covid,iso,0.08,0.6242807825086306,1.0,1738
bge-reranker,trec-covid,iso,0.09,0.6242807825086306,1.0,1738
bge-reranker,trec-covid,iso,0.09999999999999999,0.6242807825086306,1.0,1738
bge-reranker,trec-covid,iso,0.11,0.6242807825086306,1.0,1738
bge-reranker,trec-covid,iso,0.12,0.6242807825086306,1.0,1738
bge-reranker,trec-covid,iso,0.13,0.626951995373048,0.9948216340621404,1729
bge-reranker,trec-covid,iso,0.14,0.626951995373048,0.9948216340621404,1729
bge-reranker,trec-covid,iso,0.15000000000000002,0.6302570093457944,0.9850402761795167,1712
bge-reranker,trec-covid,iso,0.16,0.6306253652834599,0.9844649021864211,1711
bge-reranker,trec-covid,iso,0.17,0.6306253652834599,0.9844649021864211,1711
bge-reranker,trec-covid,iso,0.18000000000000002,0.6306253652834599,0.9844649021864211,1711
bge-reranker,trec-covid,iso,0.19,0.6306253652834599,0.9844649021864211,1711
bge-reranker,trec-covid,iso,0.2,0.6306253652834599,0.9844649021864211,1711
bge-reranker,trec-covid,iso,0.21000000000000002,0.6306253652834599,0.9844649021864211,1711
bge-reranker,trec-covid,iso,0.22,0.6306253652834599,0.9844649021864211,1711
bge-reranker,trec-covid,iso,0.23,0.6306253652834599,0.9844649021864211,1711
bge-reranker,trec-covid,iso,0.24000000000000002,0.6514962593516209,0.9228998849252014,1604
bge-reranker,trec-covid,iso,0.25,0.6514962593516209,0.9228998849252014,1604
bge-reranker,trec-covid,iso,0.26,0.6670992861778067,0.8866513233601842,1541
bge-reranker,trec-covid,iso,0.27,0.6670992861778067,0.8866513233601842,1541
bge-reranker,trec-covid,iso,0.28,0.6670992861778067,0.8866513233601842,1541
bge-reranker,trec-covid,iso,0.29000000000000004,0.6670992861778067,0.8866513233601842,1541
bge-reranker,trec-covid,iso,0.3,0.6670992861778067,0.8866513233601842,1541
bge-reranker,trec-covid,iso,0.31,0.6670992861778067,0.8866513233601842,1541
bge-reranker,trec-covid,iso,0.32,0.6670992861778067,0.8866513233601842,1541
bge-reranker,trec-covid,iso,0.33,0.6670992861778067,0.8866513233601842,1541
bge-reranker,trec-covid,iso,0.34,0.6675324675324675,0.8860759493670886,1540
bge-reranker,trec-covid,iso,0.35000000000000003,0.6675324675324675,0.8860759493670886,1540
bge-reranker,trec-covid,iso,0.36000000000000004,0.6675324675324675,0.8860759493670886,1540
bge-reranker,trec-covid,iso,0.37,0.6675324675324675,0.8860759493670886,1540
bge-reranker,trec-covid,iso,0.38,0.6743572841133817,0.8728423475258918,1517
bge-reranker,trec-covid,iso,0.39,0.6743572841133817,0.8728423475258918,1517
bge-reranker,trec-covid,iso,0.4,0.6743572841133817,0.8728423475258918,1517
bge-reranker,trec-covid,iso,0.41000000000000003,0.6792199058507061,0.8555811277330264,1487
bge-reranker,trec-covid,iso,0.42000000000000004,0.6799191374663073,0.85385500575374,1484
bge-reranker,trec-covid,iso,0.43,0.6804333107650643,0.8498273878020713,1477
bge-reranker,trec-covid,iso,0.44,0.6875430144528561,0.836018411967779,1453
bge-reranker,trec-covid,iso,0.45,0.6875430144528561,0.836018411967779,1453
bge-reranker,trec-covid,iso,0.46,0.6957142857142857,0.8055235903337169,1400
bge-reranker,trec-covid,iso,0.47000000000000003,0.6962115796997855,0.8049482163406214,1399
bge-reranker,trec-covid,iso,0.48000000000000004,0.7192276749798874,0.7151898734177216,1243
bge-reranker,trec-covid,iso,0.49,0.7190016103059581,0.714614499424626,1242
bge-reranker,trec-covid,iso,0.5,0.7190016103059581,0.714614499424626,1242
bge-reranker,trec-covid,iso,0.51,0.7191558441558441,0.7088607594936709,1232
bge-reranker,trec-covid,iso,0.52,0.7191558441558441,0.7088607594936709,1232
bge-reranker,trec-covid,iso,0.53,0.7191558441558441,0.7088607594936709,1232
bge-reranker,trec-covid,iso,0.54,0.7191558441558441,0.7088607594936709,1232
bge-reranker,trec-covid,iso,0.55,0.7191558441558441,0.7088607594936709,1232
bge-reranker,trec-covid,iso,0.56,0.7237061769616027,0.6892980437284235,1198
bge-reranker,trec-covid,iso,0.5700000000000001,0.7237061769616027,0.6892980437284235,1198
bge-reranker,trec-covid,iso,0.5800000000000001,0.7243107769423559,0.6887226697353279,1197
bge-reranker,trec-covid,iso,0.59,0.7243107769423559,0.6887226697353279,1197
bge-reranker,trec-covid,iso,0.6,0.7595066803699897,0.5598388952819332,973
bge-reranker,trec-covid,iso,0.61,0.7600411946446962,0.5586881472957422,971
bge-reranker,trec-covid,iso,0.62,0.759375,0.5523590333716916,960
bge-reranker,trec-covid,iso,0.63,0.759375,0.5523590333716916,960
bge-reranker,trec-covid,iso,0.64,0.759375,0.5523590333716916,960
bge-reranker,trec-covid,iso,0.65,0.759375,0.5523590333716916,960
bge-reranker,trec-covid,iso,0.66,0.759375,0.5523590333716916,960
bge-reranker,trec-covid,iso,0.67,0.759375,0.5523590333716916,960
bge-reranker,trec-covid,iso,0.68,0.78125,0.47871116225546606,832
bge-reranker,trec-covid,iso,0.6900000000000001,0.8014925373134328,0.38550057537399307,670
bge-reranker,trec-covid,iso,0.7000000000000001,0.8014925373134328,0.38550057537399307,670
bge-reranker,trec-covid,iso,0.7100000000000001,0.8026905829596412,0.3849252013808976,669
bge-reranker,trec-covid,iso,0.72,0.8026905829596412,0.3849252013808976,669
bge-reranker,trec-covid,iso,0.73,0.8023952095808383,0.38434982738780205,668
bge-reranker,trec-covid,iso,0.74,0.8044515103338633,0.3619102416570771,629
bge-reranker,trec-covid,iso,0.75,0.8054226475279107,0.36075949367088606,627
bge-reranker,trec-covid,iso,0.76,0.8048,0.35960874568469503,625
bge-reranker,trec-covid,iso,0.77,0.8048,0.35960874568469503,625
bge-reranker,trec-covid,iso,0.78,0.8228346456692913,0.29228998849252014,508
bge-reranker,trec-covid,iso,0.79,0.8228346456692913,0.29228998849252014,508
bge-reranker,trec-covid,iso,0.8,0.8228346456692913,0.29228998849252014,508
bge-reranker,trec-covid,iso,0.81,0.8721461187214612,0.12600690448791715,219
bge-reranker,trec-covid,iso,0.8200000000000001,0.8721461187214612,0.12600690448791715,219
bge-reranker,trec-covid,iso,0.8300000000000001,0.8721461187214612,0.12600690448791715,219
bge-reranker,trec-covid,iso,0.8400000000000001,0.9130434782608695,0.05293440736478711,92
bge-reranker,trec-covid,iso,0.85,0.9130434782608695,0.05293440736478711,92
bge-reranker,trec-covid,iso,0.86,0.9294117647058824,0.048906789413118525,85
bge-reranker,trec-covid,iso,0.87,0.9294117647058824,0.048906789413118525,85
bge-reranker,trec-covid,iso,0.88,0.9294117647058824,0.048906789413118525,85
bge-reranker,trec-covid,iso,0.89,0.9294117647058824,0.048906789413118525,85
bge-reranker,trec-covid,iso,0.9,0.9294117647058824,0.048906789413118525,85
bge-reranker,trec-covid,iso,0.91,0.9294117647058824,0.048906789413118525,85
bge-reranker,trec-covid,iso,0.92,0.9294117647058824,0.048906789413118525,85
bge-reranker,trec-covid,iso,0.93,0.9294117647058824,0.048906789413118525,85
bge-reranker,trec-covid,iso,0.9400000000000001,0.9333333333333333,0.01726121979286536,30
bge-reranker,trec-covid,iso,0.9500000000000001,0.9333333333333333,0.01726121979286536,30
bge-reranker,trec-covid,iso,0.9600000000000001,0.9333333333333333,0.01726121979286536,30
bge-reranker,trec-covid,iso,0.97,,0.01668584579976985,29
bge-reranker,trec-covid,iso,0.98,,0.01668584579976985,29
bge-reranker,trec-covid,iso,0.99,,0.01611047180667434,28
bge-reranker,trec-covid,temp_lodo,0.01,0.6242807825086306,1.0,1738
bge-reranker,trec-covid,temp_lodo,0.02,0.6242807825086306,1.0,1738
bge-reranker,trec-covid,temp_lodo,0.03,0.6242807825086306,1.0,1738
bge-reranker,trec-covid,temp_lodo,0.04,0.6242807825086306,1.0,1738
bge-reranker,trec-covid,temp_lodo,0.05,0.626951995373048,0.9948216340621404,1729
bge-reranker,trec-covid,temp_lodo,0.060000000000000005,0.6292200232828871,0.9884925201380897,1718
bge-reranker,trec-covid,temp_lodo,0.06999999999999999,0.6304728546409807,0.9856156501726122,1713
bge-reranker,trec-covid,temp_lodo,0.08,0.6316715542521995,0.9810126582278481,1705
bge-reranker,trec-covid,temp_lodo,0.09,0.6321365509123014,0.977560414269275,1699
bge-reranker,trec-covid,temp_lodo,0.09999999999999999,0.6346381969157769,0.9700805523590333,1686
bge-reranker,trec-covid,temp_lodo,0.11,0.6344663088849135,0.9649021864211738,1677
bge-reranker,trec-covid,temp_lodo,0.12,0.6365269461077845,0.9608745684695051,1670
bge-reranker,trec-covid,temp_lodo,0.13,0.6383363471971067,0.9545454545454546,1659
bge-reranker,trec-covid,temp_lodo,0.14,0.6423800850030358,0.9476409666283084,1647
bge-reranker,trec-covid,temp_lodo,0.15000000000000002,0.6454767726161369,0.9413118527042578,1636
bge-reranker,trec-covid,temp_lodo,0.16,0.6462293071735132,0.9384349827387802,1631
bge-reranker,trec-covid,temp_lodo,0.17,0.6499380421313506,0.9286536248561565,1614
bge-reranker,trec-covid,temp_lodo,0.18000000000000002,0.651307596513076,0.9240506329113924,1606
bge-reranker,trec-covid,temp_lodo,0.19,0.6537257357545397,0.9188722669735327,1597
bge-reranker,trec-covid,temp_lodo,0.2,0.65698041692988,0.9108170310701956,1583
bge-reranker,trec-covid,temp_lodo,0.21000000000000002,0.6603174603174603,0.9062140391254315,1575
bge-reranker,trec-covid,temp_lodo,0.22,0.6619808306709265,0.9004602991944765,1565
bge-reranker,trec-covid,temp_lodo,0.23,0.6645202833226014,0.8935558112773303,1553
bge-reranker,trec-covid,temp_lodo,0.24000000000000002,0.6660206718346253,0.8906789413118527,1548
bge-reranker,trec-covid,temp_lodo,0.25,0.6675324675324675,0.8860759493670886,1540
bge-reranker,trec-covid,temp_lodo,0.26,0.6686236138290933,0.88204833141542,1533
bge-reranker,trec-covid,temp_lodo,0.27,0.6719160104986877,0.8768699654775605,1524
bge-reranker,trec-covid,temp_lodo,0.28,0.6750330250990753,0.8711162255466053,1514
bge-reranker,trec-covid,temp_lodo,0.29000000000000004,0.6755142667551427,0.8670886075949367,1507
bge-reranker,trec-covid,temp_lodo,0.3,0.6771180787191461,0.8624856156501726,1499
bge-reranker,trec-covid,temp_lodo,0.31,0.6794354838709677,0.856156501726122,1488
bge-reranker,trec-covid,temp_lodo,0.32,0.6799729364005412,0.8504027617951668,1478
bge-reranker,trec-covid,temp_lodo,0.33,0.6825613079019074,0.8446490218642118,1468
bge-reranker,trec-covid,temp_lodo,0.34,0.6875430144528561,0.836018411967779,1453
bge-reranker,trec-covid,temp_lodo,0.35000000000000003,0.6892265193370166,0.8331415420023015,1448
bge-reranker,trec-covid,temp_lodo,0.36000000000000004,0.6902286902286903,0.830264672036824,1443
bge-reranker,trec-covid,temp_lodo,0.37,0.6912891986062718,0.8256616800920599,1435
bge-reranker,trec-covid,temp_lodo,0.38,0.6916608269096005,0.8210586881472958,1427
bge-reranker,trec-covid,temp_lodo,0.39,0.693502824858757,0.8147295742232451,1416
bge-reranker,trec-covid,temp_lodo,0.4,0.6946022727272727,0.810126582278481,1408
bge-reranker,trec-covid,temp_lodo,0.41000000000000003,0.6963649322879544,0.8072497123130035,1403
bge-reranker,trec-covid,temp_lodo,0.42000000000000004,0.6957766642806013,0.8037974683544303,1397
bge-reranker,trec-covid,temp_lodo,0.43,0.6954643628509719,0.7991944764096662,1389
bge-reranker,trec-covid,temp_lodo,0.44,0.6984011627906976,0.7917146144994246,1376
bge-reranker,trec-covid,temp_lodo,0.45,0.7,0.7882623705408516,1370
bge-reranker,trec-covid,temp_lodo,0.46,0.7006603081438004,0.784234752589183,1363
bge-reranker,trec-covid,temp_lodo,0.47000000000000003,0.7025036818851251,0.7813578826237054,1358
bge-reranker,trec-covid,temp_lodo,0.48000000000000004,0.7045285820341499,0.7750287686996548,1347
bge-reranker,trec-covid,temp_lodo,0.49,0.7066766691672918,0.7669735327963176,1333
bge-reranker,trec-covid,temp_lodo,0.5,0.7079245283018868,0.7623705408515535,1325
bge-reranker,trec-covid,temp_lodo,0.51,0.710806697108067,0.7560414269275029,1314
bge-reranker,trec-covid,temp_lodo,0.52,0.7105465742879138,0.7474108170310702,1299
bge-reranker,trec-covid,temp_lodo,0.53,0.7150663544106167,0.737054085155351,1281
bge-reranker,trec-covid,temp_lodo,0.54,0.7155240346729709,0.7301495972382048,1269
bge-reranker,trec-covid,temp_lodo,0.55,0.7175815433571997,0.7232451093210587,1257
bge-reranker,trec-covid,temp_lodo,0.56,0.7188755020080321,0.7163406214039125,1245
bge-reranker,trec-covid,temp_lodo,0.5700000000000001,0.7193836171938361,0.7094361334867664,1233
bge-reranker,trec-covid,temp_lodo,0.5800000000000001,0.7210264900662252,0.6950517836593786,1208
bge-reranker,trec-covid,temp_lodo,0.59,0.7242246437552389,0.6864211737629459,1193
bge-reranker,trec-covid,temp_lodo,0.6,0.723874256584537,0.6772151898734177,1177
bge-reranker,trec-covid,temp_lodo,0.61,0.7224631396357328,0.6634062140391255,1153
bge-reranker,trec-covid,temp_lodo,0.62,0.7244444444444444,0.6472957422324511,1125
bge-reranker,trec-covid,temp_lodo,0.63,0.7308394160583942,0.6306098964326813,1096
bge-reranker,trec-covid,temp_lodo,0.64,0.735266604303087,0.6150747986191024,1069
bge-reranker,trec-covid,temp_lodo,0.65,0.7411313518696069,0.6001150747986191,1043
bge-reranker,trec-covid,temp_lodo,0.66,0.7453476983349657,0.5874568469505178,1021
bge-reranker,trec-covid,temp_lodo,0.67,0.7480237154150198,0.5822784810126582,1012
bge-reranker,trec-covid,temp_lodo,0.68,0.756294058408862,0.5713463751438435,993
bge-reranker,trec-covid,temp_lodo,0.6900000000000001,0.7597938144329897,0.5581127733026467,970
bge-reranker,trec-covid,temp_lodo,0.7000000000000001,0.7623554153522608,0.547180667433832,951
bge-reranker,trec-covid,temp_lodo,0.7100000000000001,0.7693144722524483,0.5287686996547756,919
bge-reranker,trec-covid,temp_lodo,0.72,0.7726244343891403,0.5086306098964327,884
bge-reranker,trec-covid,temp_lodo,0.73,0.775438596491228,0.4919447640966628,855
bge-reranker,trec-covid,temp_lodo,0.74,0.784841075794621,0.4706559263521289,818
bge-reranker,trec-covid,temp_lodo,0.75,0.7870967741935484,0.44591484464902187,775
bge-reranker,trec-covid,temp_lodo,0.76,0.7926829268292683,0.42462600690448793,738
bge-reranker,trec-covid,temp_lodo,0.77,0.7917847025495751,0.4062140391254315,706
bge-reranker,trec-covid,temp_lodo,0.78,0.8023952095808383,0.38434982738780205,668
bge-reranker,trec-covid,temp_lodo,0.79,0.8056426332288401,0.3670886075949367,638
bge-reranker,trec-covid,temp_lodo,0.8,0.8135593220338984,0.3394706559263521,590
bge-reranker,trec-covid,temp_lodo,0.81,0.8175182481751825,0.31530494821634064,548
bge-reranker,trec-covid,temp_lodo,0.8200000000000001,0.8253968253968254,0.2899884925201381,504
bge-reranker,trec-covid,temp_lodo,0.8300000000000001,0.8276595744680851,0.27042577675489066,470
bge-reranker,trec-covid,temp_lodo,0.8400000000000001,0.8376470588235294,0.24453394706559264,425
bge-reranker,trec-covid,temp_lodo,0.85,0.8402203856749312,0.2088607594936709,363
bge-reranker,trec-covid,temp_lodo,0.86,0.846875,0.18411967779056387,320
bge-reranker,trec-covid,temp_lodo,0.87,0.8654545454545455,0.15822784810126583,275
bge-reranker,trec-covid,temp_lodo,0.88,0.8695652173913043,0.1323360184119678,230
bge-reranker,trec-covid,temp_lodo,0.89,0.8716577540106952,0.10759493670886076,187
bge-reranker,trec-covid,temp_lodo,0.9,0.9,0.0805523590333717,140
bge-reranker,trec-covid,temp_lodo,0.91,0.9038461538461539,0.05983889528193326,104
bge-reranker,trec-covid,temp_lodo,0.92,0.9242424242424242,0.0379746835443038,66
bge-reranker,trec-covid,temp_lodo,0.93,0.9393939393939394,0.0189873417721519,33
bge-reranker,trec-covid,temp_lodo,0.9400000000000001,,0.009205983889528193,16
bge-reranker,trec-covid,temp_lodo,0.9500000000000001,,0.0005753739930955121,1
bge-reranker,trec-covid,temp_lodo,0.9600000000000001,,0.0,0
bge-reranker,trec-covid,temp_lodo,0.97,,0.0,0
bge-reranker,trec-covid,temp_lodo,0.98,,0.0,0
bge-reranker,trec-covid,temp_lodo,0.99,,0.0,0
bge-reranker,trec-dl-2019,raw,0.01,0.389564336372847,0.8560277536860365,1974
bge-reranker,trec-dl-2019,raw,0.02,0.4051863857374392,0.8026886383347789,1851
bge-reranker,trec-dl-2019,raw,0.03,0.41615255187885586,0.7732003469210754,1783
bge-reranker,trec-dl-2019,raw,0.04,0.4228110599078341,0.7528187337380746,1736
bge-reranker,trec-dl-2019,raw,0.05,0.4317102137767221,0.7302688638334779,1684
bge-reranker,trec-dl-2019,raw,0.060000000000000005,0.43780193236714976,0.7181266261925412,1656
bge-reranker,trec-dl-2019,raw,0.06999999999999999,0.4416461916461916,0.7059843885516045,1628
bge-reranker,trec-dl-2019,raw,0.08,0.4477144646211647,0.6925411968777103,1597
bge-reranker,trec-dl-2019,raw,0.09,0.452638270820089,0.6821335646140503,1573
bge-reranker,trec-dl-2019,raw,0.09999999999999999,0.45741935483870966,0.6721595836947094,1550
bge-reranker,trec-dl-2019,raw,0.11,0.461839530332681,0.6647875108412836,1533
bge-reranker,trec-dl-2019,raw,0.12,0.4636243386243386,0.6556808326105811,1512
bge-reranker,trec-dl-2019,raw,0.13,0.4671140939597315,0.6461405030355594,1490
bge-reranker,trec-dl-2019,raw,0.14,0.46919431279620855,0.6405030355594102,1477
bge-reranker,trec-dl-2019,raw,0.15000000000000002,0.473972602739726,0.6331309627059843,1460
bge-reranker,trec-dl-2019,raw,0.16,0.47708333333333336,0.6244579358196011,1440
bge-reranker,trec-dl-2019,raw,0.17,0.47829131652661067,0.619254119687771,1428
bge-reranker,trec-dl-2019,raw,0.18000000000000002,0.481218993621545,0.6118820468343452,1411
bge-reranker,trec-dl-2019,raw,0.19,0.48148148148148145,0.608846487424111,1404
bge-reranker,trec-dl-2019,raw,0.2,0.4838478104809763,0.6040763226366002,1393
bge-reranker,trec-dl-2019,raw,0.21000000000000002,0.4873280231716148,0.5988725065047702,1381
bge-reranker,trec-dl-2019,raw,0.22,0.48943918426802624,0.5954032957502168,1373
bge-reranker,trec-dl-2019,raw,0.23,0.49301983835415136,0.5901994796183868,1361
bge-reranker,trec-dl-2019,raw,0.24000000000000002,0.49444032616753153,0.5849956634865568,1349
bge-reranker,trec-dl-2019,raw,0.25,0.4981301421091997,0.5797918473547268,1337
bge-reranker,trec-dl-2019,raw,0.26,0.5007552870090635,0.5741543798785776,1324
bge-reranker,trec-dl-2019,raw,0.27,0.5030487804878049,0.5689505637467476,1312
bge-reranker,trec-dl-2019,raw,0.28,0.5046153846153846,0.5637467476149176,1300
bge-reranker,trec-dl-2019,raw,0.29000000000000004,0.5073700543056633,0.5589765828274068,1289
bge-reranker,trec-dl-2019,raw,0.3,0.5089633671083398,0.5563746747614917,1283
bge-reranker,trec-dl-2019,raw,0.31,0.5117924528301887,0.5516045099739809,1272
bge-reranker,trec-dl-2019,raw,0.32,0.5155131264916468,0.5450997398091935,1257
bge-reranker,trec-dl-2019,raw,0.33,0.516,0.5420641803989592,1250
bge-reranker,trec-dl-2019,raw,0.34,0.5182186234817814,0.5355594102341718,1235
bge-reranker,trec-dl-2019,raw,0.35000000000000003,0.5204248366013072,0.5307892454466608,1224
bge-reranker,trec-dl-2019,raw,0.36000000000000004,0.5213464696223317,0.5281873373807459,1218
bge-reranker,trec-dl-2019,raw,0.37,0.5252274607113316,0.5242844752818734,1209
bge-reranker,trec-dl-2019,raw,0.38,0.5283333333333333,0.5203816131830009,1200
bge-reranker,trec-dl-2019,raw,0.39,0.5293132328308208,0.5177797051170858,1194
bge-reranker,trec-dl-2019,raw,0.4,0.5316455696202531,0.5138768430182133,1185
bge-reranker,trec-dl-2019,raw,0.41000000000000003,0.5330508474576271,0.5117085862966175,1180
bge-reranker,trec-dl-2019,raw,0.42000000000000004,0.5369415807560137,0.5047701647875108,1164
bge-reranker,trec-dl-2019,raw,0.43,0.5381944444444444,0.49956634865568084,1152
bge-reranker,trec-dl-2019,raw,0.44,0.5394045534150613,0.49522983521248914,1142
bge-reranker,trec-dl-2019,raw,0.45,0.5415929203539823,0.4900260190806591,1130
bge-reranker,trec-dl-2019,raw,0.46,0.5435943060498221,0.48742411101474414,1124
bge-reranker,trec-dl-2019,raw,0.47000000000000003,0.5462713387241689,0.4826539462272333,1113
bge-reranker,trec-dl-2019,raw,0.48000000000000004,0.5461956521739131,0.4787510841283608,1104
bge-reranker,trec-dl-2019,raw,0.49,0.5494505494505495,0.4735472679965308,1092
bge-reranker,trec-dl-2019,raw,0.5,0.5528756957328386,0.46747614917606245,1078
bge-reranker,trec-dl-2019,raw,0.51,0.5546218487394958,0.46444058976582825,1071
bge-reranker,trec-dl-2019,raw,0.52,0.5560791705937794,0.4601040763226366,1061
bge-reranker,trec-dl-2019,raw,0.53,0.5593542260208927,0.45663486556808325,1053
bge-reranker,trec-dl-2019,raw,0.54,0.561487130600572,0.4549002601908066,1049
bge-reranker,trec-dl-2019,raw,0.55,0.5632183908045977,0.4527320034692108,1044
bge-reranker,trec-dl-2019,raw,0.56,0.5668604651162791,0.44752818733738076,1032
bge-reranker,trec-dl-2019,raw,0.5700000000000001,0.5698924731182796,0.44362532523850823,1023
bge-reranker,trec-dl-2019,raw,0.5800000000000001,0.5728346456692913,0.4405897658282741,1016
bge-reranker,trec-dl-2019,raw,0.59,0.5763888888888888,0.4371205550737207,1008
bge-reranker,trec-dl-2019,raw,0.6,0.5791583166332666,0.4327840416305291,998
bge-reranker,trec-dl-2019,raw,0.61,0.5793731041456016,0.42888117953165655,989
bge-reranker,trec-dl-2019,raw,0.62,0.5800203873598369,0.4254119687771032,981
bge-reranker,trec-dl-2019,raw,0.63,0.5827338129496403,0.4219427580225499,973
bge-reranker,trec-dl-2019,raw,0.64,0.5856697819314641,0.4176062445793582,963
bge-reranker,trec-dl-2019,raw,0.65,0.5886673662119623,0.4132697311361665,953
bge-reranker,trec-dl-2019,raw,0.66,0.5889830508474576,0.409366869037294,944
bge-reranker,trec-dl-2019,raw,0.67,0.5894962486602358,0.40459670424978317,933
bge-reranker,trec-dl-2019,raw,0.68,0.5915948275862069,0.40242844752818735,928
bge-reranker,trec-dl-2019,raw,0.6900000000000001,0.5945652173913043,0.398959236773634,920
bge-reranker,trec-dl-2019,raw,0.7000000000000001,0.5969331872946331,0.39592367736339984,913
bge-reranker,trec-dl-2019,raw,0.7100000000000001,0.5993377483443708,0.39288811795316564,906
bge-reranker,trec-dl-2019,raw,0.72,0.6015625,0.388551604509974,896
bge-reranker,trec-dl-2019,raw,0.73,0.6033707865168539,0.38594969644405897,890
bge-reranker,trec-dl-2019,raw,0.74,0.6054421768707483,0.38248048568950566,882
bge-reranker,trec-dl-2019,raw,0.75,0.6096440872560276,0.3777103209019948,871
bge-reranker,trec-dl-2019,raw,0.76,0.6090487238979119,0.3738074588031223,862
bge-reranker,trec-dl-2019,raw,0.77,0.6133960047003525,0.3690372940156115,851
bge-reranker,trec-dl-2019,raw,0.78,0.6140142517814727,0.36513443191673894,842
bge-reranker,trec-dl-2019,raw,0.79,0.6163069544364509,0.3616652211621856,834
bge-reranker,trec-dl-2019,raw,0.8,0.6184690157958688,0.3568950563746748,823
bge-reranker,trec-dl-2019,raw,0.81,0.6214549938347719,0.35169124024284476,811
bge-reranker,trec-dl-2019,raw,0.8200000000000001,0.6273525721455459,0.3456201214223764,797
bge-reranker,trec-dl-2019,raw,0.8300000000000001,0.6294871794871795,0.3382480485689506,780
bge-reranker,trec-dl-2019,raw,0.8400000000000001,0.6318537859007833,0.33217692974848223,766
bge-reranker,trec-dl-2019,raw,0.85,0.6312997347480106,0.3269731136166522,754
bge-reranker,trec-dl-2019,raw,0.86,0.6325706594885598,0.32220294882914136,743
bge-reranker,trec-dl-2019,raw,0.87,0.635989010989011,0.31569817866435385,728
bge-reranker,trec-dl-2019,raw,0.88,0.6450704225352113,0.30789245446660884,710
bge-reranker,trec-dl-2019,raw,0.89,0.6473149492017417,0.29878577623590635,689
bge-reranker,trec-dl-2019,raw,0.9,0.6570996978851964,0.2870771899392888,662
bge-reranker,trec-dl-2019,raw,0.91,0.6708661417322834,0.2753686036426713,635
bge-reranker,trec-dl-2019,raw,0.92,0.6759410801963993,0.26496097137901126,611
bge-reranker,trec-dl-2019,raw,0.93,0.6931034482758621,0.2515177797051171,580
bge-reranker,trec-dl-2019,raw,0.9400000000000001,0.6976744186046512,0.24241110147441458,559
bge-reranker,trec-dl-2019,raw,0.9500000000000001,0.7037735849056603,0.22983521248915872,530
bge-reranker,trec-dl-2019,raw,0.9600000000000001,0.7072691552062869,0.2207285342584562,509
bge-reranker,trec-dl-2019,raw,0.97,0.7225806451612903,0.20164787510841284,465
bge-reranker,trec-dl-2019,raw,0.98,0.7487437185929648,0.17259323503902863,398
bge-reranker,trec-dl-2019,raw,0.99,0.7766990291262136,0.13399826539462273,309
bge-reranker,trec-dl-2019,temp,0.01,0.34952298352124894,1.0,2306
bge-reranker,trec-dl-2019,temp,0.02,0.34952298352124894,1.0,2306
bge-reranker,trec-dl-2019,temp,0.03,0.34952298352124894,1.0,2306
bge-reranker,trec-dl-2019,temp,0.04,0.34952298352124894,1.0,2306
bge-reranker,trec-dl-2019,temp,0.05,0.3500874125874126,0.9921942758022549,2288
bge-reranker,trec-dl-2019,temp,0.060000000000000005,0.351493848857645,0.986990459670425,2276
bge-reranker,trec-dl-2019,temp,0.06999999999999999,0.3522677234698371,0.9848222029488292,2271
bge-reranker,trec-dl-2019,temp,0.08,0.35291519434628976,0.981786643538595,2264
bge-reranker,trec-dl-2019,temp,0.09,0.3545373665480427,0.9748482220294883,2248
bge-reranker,trec-dl-2019,temp,0.09999999999999999,0.3568539325842697,0.9648742411101474,2225
bge-reranker,trec-dl-2019,temp,0.11,0.35863636363636364,0.9540329575021682,2200
bge-reranker,trec-dl-2019,temp,0.12,0.36005497022446176,0.9466608846487424,2183
bge-reranker,trec-dl-2019,temp,0.13,0.36149584487534625,0.9392888117953165,2166
bge-reranker,trec-dl-2019,temp,0.14,0.3651238896680692,0.927580225498699,2139
bge-reranker,trec-dl-2019,temp,0.15000000000000002,0.37136038186157516,0.9084995663486557,2095
bge-reranker,trec-dl-2019,temp,0.16,0.37409725565719787,0.9006938421509106,2077
bge-reranker,trec-dl-2019,temp,0.17,0.3779834388699464,0.8902862098872506,2053
bge-reranker,trec-dl-2019,temp,0.18000000000000002,0.3818001978239367,0.8768430182133564,2022
bge-reranker,trec-dl-2019,temp,0.19,0.38519259629814906,0.8668690372940157,1999
bge-reranker,trec-dl-2019,temp,0.2,0.3901322482197355,0.852558542931483,1966
bge-reranker,trec-dl-2019,temp,0.21000000000000002,0.3939081053175013,0.8399826539462273,1937
bge-reranker,trec-dl-2019,temp,0.22,0.39852786540483703,0.8248048568950563,1902
bge-reranker,trec-dl-2019,temp,0.23,0.4032085561497326,0.810928013876843,1870
bge-reranker,trec-dl-2019,temp,0.24000000000000002,0.4087193460490463,0.7957502168256722,1835
bge-reranker,trec-dl-2019,temp,0.25,0.41228555617044826,0.7836079791847355,1807
bge-reranker,trec-dl-2019,temp,0.26,0.41685393258426967,0.7718993928881179,1780
bge-reranker,trec-dl-2019,temp,0.27,0.42105263157894735,0.7580225498699046,1748
bge-reranker,trec-dl-2019,temp,0.28,0.4253341080766996,0.746313963573287,1721
bge-reranker,trec-dl-2019,temp,0.29000000000000004,0.4317102137767221,0.7302688638334779,1684
bge-reranker,trec-dl-2019,temp,0.3,0.4362214199759326,0.7207285342584562,1662
bge-reranker,trec-dl-2019,temp,0.31,0.44043982895540623,0.709887250650477,1637
bge-reranker,trec-dl-2019,temp,0.32,0.44617299315494713,0.696877710320902,1607
bge-reranker,trec-dl-2019,temp,0.33,0.45206349206349206,0.6830008673026886,1575
bge-reranker,trec-dl-2019,temp,0.34,0.45765998707175176,0.6708586296617519,1547
bge-reranker,trec-dl-2019,temp,0.35000000000000003,0.4635108481262327,0.6595836947094535,1521
bge-reranker,trec-dl-2019,temp,0.36000000000000004,0.4671140939597315,0.6461405030355594,1490
bge-reranker,trec-dl-2019,temp,0.37,0.4733606557377049,0.6348655680832611,1464
bge-reranker,trec-dl-2019,temp,0.38,0.47762237762237764,0.6201214223764093,1430
bge-reranker,trec-dl-2019,temp,0.39,0.4811387900355872,0.6092801387684302,1405
bge-reranker,trec-dl-2019,temp,0.4,0.4873280231716148,0.5988725065047702,1381
bge-reranker,trec-dl-2019,temp,0.41000000000000003,0.493009565857248,0.5893321769297485,1359
bge-reranker,trec-dl-2019,temp,0.42000000000000004,0.5003762227238525,0.5763226366001735,1329
bge-reranker,trec-dl-2019,temp,0.43,0.5061823802163833,0.5611448395490026,1294
bge-reranker,trec-dl-2019,temp,0.44,0.5125984251968504,0.5507372072853426,1270
bge-reranker,trec-dl-2019,temp,0.45,0.5186385737439222,0.5351257588898526,1234
bge-reranker,trec-dl-2019,temp,0.46,0.5256622516556292,0.5238508239375542,1208
bge-reranker,trec-dl-2019,temp,0.47000000000000003,0.5316990701606086,0.513009540329575,1183
bge-reranker,trec-dl-2019,temp,0.48000000000000004,0.5396687009590235,0.497398091934085,1147
bge-reranker,trec-dl-2019,temp,0.49,0.5461883408071749,0.4835212489158716,1115
bge-reranker,trec-dl-2019,temp,0.5,0.5528756957328386,0.46747614917606245,1078
bge-reranker,trec-dl-2019,temp,0.51,0.5593542260208927,0.45663486556808325,1053
bge-reranker,trec-dl-2019,temp,0.52,0.5680933852140078,0.4457935819601041,1028
bge-reranker,trec-dl-2019,temp,0.53,0.579,0.4336513443191674,1000
bge-reranker,trec-dl-2019,temp,0.54,0.5827338129496403,0.4219427580225499,973
bge-reranker,trec-dl-2019,temp,0.55,0.5889830508474576,0.409366869037294,944
bge-reranker,trec-dl-2019,temp,0.56,0.5937161430119177,0.4002601908065915,923
bge-reranker,trec-dl-2019,temp,0.5700000000000001,0.6004439511653719,0.3907198612315698,901
bge-reranker,trec-dl-2019,temp,0.5800000000000001,0.6077537058152793,0.3803122289679098,877
bge-reranker,trec-dl-2019,temp,0.59,0.6126760563380281,0.36947094535993064,852
bge-reranker,trec-dl-2019,temp,0.6,0.6165865384615384,0.36079791847354725,832
bge-reranker,trec-dl-2019,temp,0.61,0.6225247524752475,0.35039028620988727,808
bge-reranker,trec-dl-2019,temp,0.62,0.632258064516129,0.3360797918473547,775
bge-reranker,trec-dl-2019,temp,0.63,0.6303191489361702,0.3261058109280139,752
bge-reranker,trec-dl-2019,temp,0.64,0.6356164383561644,0.3165654813529922,730
bge-reranker,trec-dl-2019,temp,0.65,0.6471428571428571,0.30355594102341715,700
bge-reranker,trec-dl-2019,temp,0.66,0.6546546546546547,0.2888117953165655,666
bge-reranker,trec-dl-2019,temp,0.67,0.671451355661882,0.27189939288811793,627
bge-reranker,trec-dl-2019,temp,0.68,0.6850921273031826,0.2588898525585429,597
bge-reranker,trec-dl-2019,temp,0.6900000000000001,0.6945898778359512,0.24848222029488293,573
bge-reranker,trec-dl-2019,temp,0.7000000000000001,0.6980108499095841,0.23980919340849957,553
bge-reranker,trec-dl-2019,temp,0.7100000000000001,0.7032136105860114,0.22940156114483956,529
bge-reranker,trec-dl-2019,temp,0.72,0.7054263565891473,0.22376409366869038,516
bge-reranker,trec-dl-2019,temp,0.73,0.7154471544715447,0.21335646140503037,492
bge-reranker,trec-dl-2019,temp,0.74,0.720682302771855,0.2033824804856895,469
bge-reranker,trec-dl-2019,temp,0.75,0.7381489841986456,0.19210754553339116,443
bge-reranker,trec-dl-2019,temp,0.76,0.7469287469287469,0.17649609713790113,407
bge-reranker,trec-dl-2019,temp,0.77,0.75,0.16825672159583693,388
bge-reranker,trec-dl-2019,temp,0.78,0.7624309392265194,0.1569817866435386,362
bge-reranker,trec-dl-2019,temp,0.79,0.7687687687687688,0.14440589765828274,333
bge-reranker,trec-dl-2019,temp,0.8,0.7756410256410257,0.13529921942758022,312
bge-reranker,trec-dl-2019,temp,0.81,0.7827586206896552,0.12575888985255854,290
bge-reranker,trec-dl-2019,temp,0.8200000000000001,0.7829457364341085,0.11188204683434519,258
bge-reranker,trec-dl-2019,temp,0.8300000000000001,0.793859649122807,0.09887250650477017,228
bge-reranker,trec-dl-2019,temp,0.8400000000000001,0.805,0.08673026886383348,200
bge-reranker,trec-dl-2019,temp,0.85,0.8128654970760234,0.07415437987857762,171
bge-reranker,trec-dl-2019,temp,0.86,0.7985611510791367,0.060277536860364266,139
bge-reranker,trec-dl-2019,temp,0.87,0.8034188034188035,0.05073720728534258,117
bge-reranker,trec-dl-2019,temp,0.88,0.78125,0.04163052905464007,96
bge-reranker,trec-dl-2019,temp,0.89,0.7875,0.03469210754553339,80
bge-reranker,trec-dl-2019,temp,0.9,0.7857142857142857,0.024284475281873375,56
bge-reranker,trec-dl-2019,temp,0.91,0.8,0.017346053772766695,40
bge-reranker,trec-dl-2019,temp,0.92,,0.00997398091934085,23
bge-reranker,trec-dl-2019,temp,0.93,,0.005203816131830009,12
bge-reranker,trec-dl-2019,temp,0.9400000000000001,,0.0004336513443191674,1
bge-reranker,trec-dl-2019,temp,0.9500000000000001,,0.0,0
bge-reranker,trec-dl-2019,temp,0.9600000000000001,,0.0,0
bge-reranker,trec-dl-2019,temp,0.97,,0.0,0
bge-reranker,trec-dl-2019,temp,0.98,,0.0,0
bge-reranker,trec-dl-2019,temp,0.99,,0.0,0
bge-reranker,trec-dl-2019,platt,0.01,0.34952298352124894,1.0,2306
bge-reranker,trec-dl-2019,platt,0.02,0.351493848857645,0.986990459670425,2276
bge-reranker,trec-dl-2019,platt,0.03,0.35388026607538803,0.9778837814397224,2255
bge-reranker,trec-dl-2019,platt,0.04,0.35847342117219444,0.9544666088464874,2201
bge-reranker,trec-dl-2019,platt,0.05,0.3625,0.9366869037294016,2160
bge-reranker,trec-dl-2019,platt,0.060000000000000005,0.3727839003354097,0.9050303555941024,2087
bge-reranker,trec-dl-2019,platt,0.06999999999999999,0.3776803118908382,0.8898525585429314,2052
bge-reranker,trec-dl-2019,platt,0.08,0.385578367551327,0.8660017346053773,1997
bge-reranker,trec-dl-2019,platt,0.09,0.3928939237899073,0.8421509106678231,1942
bge-reranker,trec-dl-2019,platt,0.09999999999999999,0.40148698884758366,0.8165654813529922,1883
bge-reranker,trec-dl-2019,platt,0.11,0.41018619934282585,0.7918473547267997,1826
bge-reranker,trec-dl-2019,platt,0.12,0.41685393258426967,0.7718993928881179,1780
bge-reranker,trec-dl-2019,platt,0.13,0.42256764536557284,0.7532523850823938,1737
bge-reranker,trec-dl-2019,platt,0.14,0.4317102137767221,0.7302688638334779,1684
bge-reranker,trec-dl-2019,platt,0.15000000000000002,0.4381818181818182,0.7155247181266262,1650
bge-reranker,trec-dl-2019,platt,0.16,0.44672897196261685,0.6960104076322636,1605
bge-reranker,trec-dl-2019,platt,0.17,0.4551856594110115,0.6773633998265395,1562
bge-reranker,trec-dl-2019,platt,0.18000000000000002,0.4625984251968504,0.6608846487424112,1524
bge-reranker,trec-dl-2019,platt,0.19,0.4683288409703504,0.6435385949696444,1484
bge-reranker,trec-dl-2019,platt,0.2,0.47579529737206083,0.627059843885516,1446
bge-reranker,trec-dl-2019,platt,0.21000000000000002,0.48156028368794324,0.611448395490026,1410
bge-reranker,trec-dl-2019,platt,0.22,0.4880348078317622,0.5980052038161319,1379
bge-reranker,trec-dl-2019,platt,0.23,0.4948071216617211,0.5845620121422377,1348
bge-reranker,trec-dl-2019,platt,0.24000000000000002,0.5030487804878049,0.5689505637467476,1312
bge-reranker,trec-dl-2019,platt,0.25,0.509773260359656,0.5546400693842151,1279
bge-reranker,trec-dl-2019,platt,0.26,0.5173807599029911,0.5364267129228101,1237
bge-reranker,trec-dl-2019,platt,0.27,0.5260977630488816,0.5234171725932351,1207
bge-reranker,trec-dl-2019,platt,0.28,0.5325994919559696,0.5121422376409367,1181
bge-reranker,trec-dl-2019,platt,0.29000000000000004,0.5390008764241893,0.49479618386817,1141
bge-reranker,trec-dl-2019,platt,0.3,0.5451263537906137,0.48048568950563747,1108
bge-reranker,trec-dl-2019,platt,0.31,0.5546218487394958,0.46444058976582825,1071
bge-reranker,trec-dl-2019,platt,0.32,0.562559694364852,0.45403295750216827,1047
bge-reranker,trec-dl-2019,platt,0.33,0.5717092337917485,0.4414570685169124,1018
bge-reranker,trec-dl-2019,platt,0.34,0.5793731041456016,0.42888117953165655,989
bge-reranker,trec-dl-2019,platt,0.35000000000000003,0.5856697819314641,0.4176062445793582,963
bge-reranker,trec-dl-2019,platt,0.36000000000000004,0.5894962486602358,0.40459670424978317,933
bge-reranker,trec-dl-2019,platt,0.37,0.5954198473282443,0.3976582827406765,917
bge-reranker,trec-dl-2019,platt,0.38,0.6017897091722595,0.3876843018213356,894
bge-reranker,trec-dl-2019,platt,0.39,0.6086956521739131,0.3790112749349523,874
bge-reranker,trec-dl-2019,platt,0.4,0.6126760563380281,0.36947094535993064,852
bge-reranker,trec-dl-2019,platt,0.41000000000000003,0.6163069544364509,0.3616652211621856,834
bge-reranker,trec-dl-2019,platt,0.42000000000000004,0.6219211822660099,0.3521248915871639,812
bge-reranker,trec-dl-2019,platt,0.43,0.6281725888324873,0.3417172593235039,788
bge-reranker,trec-dl-2019,platt,0.44,0.631233595800525,0.3304423243712056,762
bge-reranker,trec-dl-2019,platt,0.45,0.6335570469798658,0.3230702515177797,745
bge-reranker,trec-dl-2019,platt,0.46,0.6377410468319559,0.3148308759757155,726
bge-reranker,trec-dl-2019,platt,0.47000000000000003,0.6471428571428571,0.30355594102341715,700
bge-reranker,trec-dl-2019,platt,0.48000000000000004,0.65424739195231,0.2909800520381613,671
bge-reranker,trec-dl-2019,platt,0.49,0.6640866873065016,0.28013876843018215,646
bge-reranker,trec-dl-2019,platt,0.5,0.6731391585760518,0.26799653078924546,618
bge-reranker,trec-dl-2019,platt,0.51,0.6835871404399323,0.25628794449262793,591
bge-reranker,trec-dl-2019,platt,0.52,0.6945898778359512,0.24848222029488293,573
bge-reranker,trec-dl-2019,platt,0.53,0.6976744186046512,0.24241110147441458,559
bge-reranker,trec-dl-2019,platt,0.54,0.696526508226691,0.23720728534258456,547
bge-reranker,trec-dl-2019,platt,0.55,0.7039848197343453,0.2285342584562012,527
bge-reranker,trec-dl-2019,platt,0.56,0.7059961315280464,0.22419774501300954,517
bge-reranker,trec-dl-2019,platt,0.5700000000000001,0.7123015873015873,0.21856027753686036,504
bge-reranker,trec-dl-2019,platt,0.5800000000000001,0.7169421487603306,0.209887250650477,484
bge-reranker,trec-dl-2019,platt,0.59,0.721627408993576,0.20251517779705117,467
bge-reranker,trec-dl-2019,platt,0.6,0.7371937639198218,0.19470945359930616,449
bge-reranker,trec-dl-2019,platt,0.61,0.7429906542056075,0.18560277536860365,428
bge-reranker,trec-dl-2019,platt,0.62,0.7463054187192119,0.17606244579358196,406
bge-reranker,trec-dl-2019,platt,0.63,0.7474489795918368,0.16999132697311362,392
bge-reranker,trec-dl-2019,platt,0.64,0.7513513513513513,0.16045099739809193,370
bge-reranker,trec-dl-2019,platt,0.65,0.7611111111111111,0.15611448395490027,360
bge-reranker,trec-dl-2019,platt,0.66,0.7662721893491125,0.14657415437987859,338
bge-reranker,trec-dl-2019,platt,0.67,0.7692307692307693,0.1409366869037294,325
bge-reranker,trec-dl-2019,platt,0.68,0.7792207792207793,0.13356461405030357,308
bge-reranker,trec-dl-2019,platt,0.6900000000000001,0.7837837837837838,0.12836079791847355,296
bge-reranker,trec-dl-2019,platt,0.7000000000000001,0.7818181818181819,0.11925411968777103,275
bge-reranker,trec-dl-2019,platt,0.7100000000000001,0.7848605577689243,0.10884648742411102,251
bge-reranker,trec-dl-2019,platt,0.72,0.7957446808510639,0.10190806591500434,235
bge-reranker,trec-dl-2019,platt,0.73,0.8054298642533937,0.095836947094536,221
bge-reranker,trec-dl-2019,platt,0.74,0.8009950248756219,0.08716392020815264,201
bge-reranker,trec-dl-2019,platt,0.75,0.8142076502732241,0.07935819601040764,183
bge-reranker,trec-dl-2019,platt,0.76,0.806060606060606,0.07155247181266262,165
bge-reranker,trec-dl-2019,platt,0.77,0.7959183673469388,0.06374674761491761,147
bge-reranker,trec-dl-2019,platt,0.78,0.8076923076923077,0.05637467476149176,130
bge-reranker,trec-dl-2019,platt,0.79,0.8,0.04986990459670425,115
bge-reranker,trec-dl-2019,platt,0.8,0.8,0.04553339115351258,105
bge-reranker,trec-dl-2019,platt,0.81,0.7865168539325843,0.038594969644405897,89
bge-reranker,trec-dl-2019,platt,0.8200000000000001,0.7738095238095238,0.03642671292281006,84
bge-reranker,trec-dl-2019,platt,0.8300000000000001,0.7846153846153846,0.02818733738074588,65
bge-reranker,trec-dl-2019,platt,0.8400000000000001,0.7857142857142857,0.024284475281873375,56
bge-reranker,trec-dl-2019,platt,0.85,0.75,0.020815264527320035,48
bge-reranker,trec-dl-2019,platt,0.86,0.7777777777777778,0.015611448395490026,36
bge-reranker,trec-dl-2019,platt,0.87,,0.011274934952298352,26
bge-reranker,trec-dl-2019,platt,0.88,,0.006938421509106678,16
bge-reranker,trec-dl-2019,platt,0.89,,0.005203816131830009,12
bge-reranker,trec-dl-2019,platt,0.9,,0.0026019080659150044,6
bge-reranker,trec-dl-2019,platt,0.91,,0.0004336513443191674,1
bge-reranker,trec-dl-2019,platt,0.92,,0.0,0
bge-reranker,trec-dl-2019,platt,0.93,,0.0,0
bge-reranker,trec-dl-2019,platt,0.9400000000000001,,0.0,0
bge-reranker,trec-dl-2019,platt,0.9500000000000001,,0.0,0
bge-reranker,trec-dl-2019,platt,0.9600000000000001,,0.0,0
bge-reranker,trec-dl-2019,platt,0.97,,0.0,0
bge-reranker,trec-dl-2019,platt,0.98,,0.0,0
bge-reranker,trec-dl-2019,platt,0.99,,0.0,0
bge-reranker,trec-dl-2019,iso,0.01,0.34952298352124894,1.0,2306
bge-reranker,trec-dl-2019,iso,0.02,0.34952298352124894,1.0,2306
bge-reranker,trec-dl-2019,iso,0.03,0.34952298352124894,1.0,2306
bge-reranker,trec-dl-2019,iso,0.04,0.35275938189845474,0.9822202948829142,2265
bge-reranker,trec-dl-2019,iso,0.05,0.35275938189845474,0.9822202948829142,2265
bge-reranker,trec-dl-2019,iso,0.060000000000000005,0.3537234042553192,0.9783174327840416,2256
bge-reranker,trec-dl-2019,iso,0.06999999999999999,0.3738587217683806,0.9024284475281873,2081
bge-reranker,trec-dl-2019,iso,0.08,0.37373737373737376,0.901561144839549,2079
bge-reranker,trec-dl-2019,iso,0.09,0.3739172281039461,0.9011274934952298,2078
bge-reranker,trec-dl-2019,iso,0.09999999999999999,0.3739172281039461,0.9011274934952298,2078
bge-reranker,trec-dl-2019,iso,0.11,0.4548366431774504,0.6769297484822203,1561
bge-reranker,trec-dl-2019,iso,0.12,0.4548366431774504,0.6769297484822203,1561
bge-reranker,trec-dl-2019,iso,0.13,0.4551282051282051,0.6764960971379012,1560
bge-reranker,trec-dl-2019,iso,0.14,0.4551282051282051,0.6764960971379012,1560
bge-reranker,trec-dl-2019,iso,0.15000000000000002,0.4551282051282051,0.6764960971379012,1560
bge-reranker,trec-dl-2019,iso,0.16,0.4551282051282051,0.6764960971379012,1560
bge-reranker,trec-dl-2019,iso,0.17,0.46555183946488293,0.6483087597571553,1495
bge-reranker,trec-dl-2019,iso,0.18000000000000002,0.46586345381526106,0.6478751084128361,1494
bge-reranker,trec-dl-2019,iso,0.19,0.46586345381526106,0.6478751084128361,1494
bge-reranker,trec-dl-2019,iso,0.2,0.46648793565683644,0.6470078057241977,1492
bge-reranker,trec-dl-2019,iso,0.21000000000000002,0.5562851782363978,0.46227233304423243,1066
bge-reranker,trec-dl-2019,iso,0.22,0.5562851782363978,0.46227233304423243,1066
bge-reranker,trec-dl-2019,iso,0.23,0.5562851782363978,0.46227233304423243,1066
bge-reranker,trec-dl-2019,iso,0.24000000000000002,0.5562851782363978,0.46227233304423243,1066
bge-reranker,trec-dl-2019,iso,0.25,0.5562851782363978,0.46227233304423243,1066
bge-reranker,trec-dl-2019,iso,0.26,0.5562851782363978,0.46227233304423243,1066
bge-reranker,trec-dl-2019,iso,0.27,0.5562851782363978,0.46227233304423243,1066
bge-reranker,trec-dl-2019,iso,0.28,0.5562851782363978,0.46227233304423243,1066
bge-reranker,trec-dl-2019,iso,0.29000000000000004,0.5692007797270955,0.4449262792714657,1026
bge-reranker,trec-dl-2019,iso,0.3,0.5692007797270955,0.4449262792714657,1026
bge-reranker,trec-dl-2019,iso,0.31,0.5692007797270955,0.4449262792714657,1026
bge-reranker,trec-dl-2019,iso,0.32,0.579212916246216,0.4297484822202949,991
bge-reranker,trec-dl-2019,iso,0.33,0.579212916246216,0.4297484822202949,991
bge-reranker,trec-dl-2019,iso,0.34,0.579212916246216,0.4297484822202949,991
bge-reranker,trec-dl-2019,iso,0.35000000000000003,0.579212916246216,0.4297484822202949,991
bge-reranker,trec-dl-2019,iso,0.36000000000000004,0.579212916246216,0.4297484822202949,991
bge-reranker,trec-dl-2019,iso,0.37,0.620563035495716,0.35429314830875974,817
bge-reranker,trec-dl-2019,iso,0.38,0.620563035495716,0.35429314830875974,817
bge-reranker,trec-dl-2019,iso,0.39,0.620563035495716,0.35429314830875974,817
bge-reranker,trec-dl-2019,iso,0.4,0.620563035495716,0.35429314830875974,817
bge-reranker,trec-dl-2019,iso,0.41000000000000003,0.620563035495716,0.35429314830875974,817
bge-reranker,trec-dl-2019,iso,0.42000000000000004,0.620563035495716,0.35429314830875974,817
bge-reranker,trec-dl-2019,iso,0.43,0.6395027624309392,0.3139635732870772,724
bge-reranker,trec-dl-2019,iso,0.44,0.6395027624309392,0.3139635732870772,724
bge-reranker,trec-dl-2019,iso,0.45,0.6395027624309392,0.3139635732870772,724
bge-reranker,trec-dl-2019,iso,0.46,0.6395027624309392,0.3139635732870772,724
bge-reranker,trec-dl-2019,iso,0.47000000000000003,0.6395027624309392,0.3139635732870772,724
bge-reranker,trec-dl-2019,iso,0.48000000000000004,0.6395027624309392,0.3139635732870772,724
bge-reranker,trec-dl-2019,iso,0.49,0.6395027624309392,0.3139635732870772,724
bge-reranker,trec-dl-2019,iso,0.5,0.6395027624309392,0.3139635732870772,724
bge-reranker,trec-dl-2019,iso,0.51,0.6455696202531646,0.308326105810928,711
bge-reranker,trec-dl-2019,iso,0.52,0.6455696202531646,0.308326105810928,711
bge-reranker,trec-dl-2019,iso,0.53,0.6972972972972973,0.2406764960971379,555
bge-reranker,trec-dl-2019,iso,0.54,0.6972972972972973,0.2406764960971379,555
bge-reranker,trec-dl-2019,iso,0.55,0.6972972972972973,0.2406764960971379,555
bge-reranker,trec-dl-2019,iso,0.56,0.7026515151515151,0.22896790980052037,528
bge-reranker,trec-dl-2019,iso,0.5700000000000001,0.7026515151515151,0.22896790980052037,528
bge-reranker,trec-dl-2019,iso,0.5800000000000001,0.7026515151515151,0.22896790980052037,528
bge-reranker,trec-dl-2019,iso,0.59,0.7026515151515151,0.22896790980052037,528
bge-reranker,trec-dl-2019,iso,0.6,0.7026515151515151,0.22896790980052037,528
bge-reranker,trec-dl-2019,iso,0.61,0.7487437185929648,0.17259323503902863,398
bge-reranker,trec-dl-2019,iso,0.62,0.7487437185929648,0.17259323503902863,398
bge-reranker,trec-dl-2019,iso,0.63,0.7487437185929648,0.17259323503902863,398
bge-reranker,trec-dl-2019,iso,0.64,0.7487437185929648,0.17259323503902863,398
bge-reranker,trec-dl-2019,iso,0.65,0.7487437185929648,0.17259323503902863,398
bge-reranker,trec-dl-2019,iso,0.66,0.7487437185929648,0.17259323503902863,398
bge-reranker,trec-dl-2019,iso,0.67,0.7487437185929648,0.17259323503902863,398
bge-reranker,trec-dl-2019,iso,0.68,0.7487437185929648,0.17259323503902863,398
bge-reranker,trec-dl-2019,iso,0.6900000000000001,0.7487437185929648,0.17259323503902863,398
bge-reranker,trec-dl-2019,iso,0.7000000000000001,0.7487437185929648,0.17259323503902863,398
bge-reranker,trec-dl-2019,iso,0.7100000000000001,0.7481108312342569,0.17215958369470946,397
bge-reranker,trec-dl-2019,iso,0.72,0.7481108312342569,0.17215958369470946,397
bge-reranker,trec-dl-2019,iso,0.73,0.7481108312342569,0.17215958369470946,397
bge-reranker,trec-dl-2019,iso,0.74,0.7941176470588235,0.10320901994796183,238
bge-reranker,trec-dl-2019,iso,0.75,0.7941176470588235,0.10320901994796183,238
bge-reranker,trec-dl-2019,iso,0.76,0.793859649122807,0.09887250650477017,228
bge-reranker,trec-dl-2019,iso,0.77,0.793859649122807,0.09887250650477017,228
bge-reranker,trec-dl-2019,iso,0.78,0.793859649122807,0.09887250650477017,228
bge-reranker,trec-dl-2019,iso,0.79,0.793859649122807,0.09887250650477017,228
bge-reranker,trec-dl-2019,iso,0.8,0.793859649122807,0.09887250650477017,228
bge-reranker,trec-dl-2019,iso,0.81,0.7972972972972973,0.06418039895923677,148
bge-reranker,trec-dl-2019,iso,0.8200000000000001,0.7972972972972973,0.06418039895923677,148
bge-reranker,trec-dl-2019,iso,0.8300000000000001,0.7972972972972973,0.06418039895923677,148
bge-reranker,trec-dl-2019,iso,0.8400000000000001,,0.0004336513443191674,1
bge-reranker,trec-dl-2019,iso,0.85,,0.0004336513443191674,1
bge-reranker,trec-dl-2019,iso,0.86,,0.0004336513443191674,1
bge-reranker,trec-dl-2019,iso,0.87,,0.0004336513443191674,1
bge-reranker,trec-dl-2019,iso,0.88,,0.0004336513443191674,1
bge-reranker,trec-dl-2019,iso,0.89,,0.0004336513443191674,1
bge-reranker,trec-dl-2019,iso,0.9,,0.0004336513443191674,1
bge-reranker,trec-dl-2019,iso,0.91,,0.0004336513443191674,1
bge-reranker,trec-dl-2019,iso,0.92,,0.0004336513443191674,1
bge-reranker,trec-dl-2019,iso,0.93,,0.0004336513443191674,1
bge-reranker,trec-dl-2019,iso,0.9400000000000001,,0.0004336513443191674,1
bge-reranker,trec-dl-2019,iso,0.9500000000000001,,0.0004336513443191674,1
bge-reranker,trec-dl-2019,iso,0.9600000000000001,,0.0004336513443191674,1
bge-reranker,trec-dl-2019,iso,0.97,,0.0004336513443191674,1
bge-reranker,trec-dl-2019,iso,0.98,,0.0004336513443191674,1
bge-reranker,trec-dl-2019,iso,0.99,,0.0004336513443191674,1
bge-reranker,trec-dl-2019,temp_lodo,0.01,0.34952298352124894,1.0,2306
bge-reranker,trec-dl-2019,temp_lodo,0.02,0.34952298352124894,1.0,2306
bge-reranker,trec-dl-2019,temp_lodo,0.03,0.34952298352124894,1.0,2306
bge-reranker,trec-dl-2019,temp_lodo,0.04,0.34952298352124894,1.0,2306
bge-reranker,trec-dl-2019,temp_lodo,0.05,0.3494553376906318,0.9952298352124892,2295
bge-reranker,trec-dl-2019,temp_lodo,0.060000000000000005,0.3504161191414805,0.9900260190806591,2283
bge-reranker,trec-dl-2019,temp_lodo,0.06999999999999999,0.3516483516483517,0.9865568083261058,2275
bge-reranker,trec-dl-2019,temp_lodo,0.08,0.3522677234698371,0.9848222029488292,2271
bge-reranker,trec-dl-2019,temp_lodo,0.09,0.3530973451327434,0.9800520381613183,2260
bge-reranker,trec-dl-2019,temp_lodo,0.09999999999999999,0.35504014272970563,0.9722463139635733,2242
bge-reranker,trec-dl-2019,temp_lodo,0.11,0.3568856885688569,0.9635732870771899,2222
bge-reranker,trec-dl-2019,temp_lodo,0.12,0.35896269335759784,0.9531656548135299,2198
bge-reranker,trec-dl-2019,temp_lodo,0.13,0.3602199816681943,0.9462272333044233,2182
bge-reranker,trec-dl-2019,temp_lodo,0.14,0.36182994454713496,0.9384215091066782,2164
bge-reranker,trec-dl-2019,temp_lodo,0.15000000000000002,0.3651238896680692,0.927580225498699,2139
bge-reranker,trec-dl-2019,temp_lodo,0.16,0.37153772683858644,0.9080659150043365,2094
bge-reranker,trec-dl-2019,temp_lodo,0.17,0.37409725565719787,0.9006938421509106,2077
bge-reranker,trec-dl-2019,temp_lodo,0.18000000000000002,0.3779834388699464,0.8902862098872506,2053
bge-reranker,trec-dl-2019,temp_lodo,0.19,0.3818001978239367,0.8768430182133564,2022
bge-reranker,trec-dl-2019,temp_lodo,0.2,0.38538538538538536,0.8664353859496965,1998
bge-reranker,trec-dl-2019,temp_lodo,0.21000000000000002,0.3901322482197355,0.852558542931483,1966
bge-reranker,trec-dl-2019,temp_lodo,0.22,0.3939081053175013,0.8399826539462273,1937
bge-reranker,trec-dl-2019,temp_lodo,0.23,0.39852786540483703,0.8248048568950563,1902
bge-reranker,trec-dl-2019,temp_lodo,0.24000000000000002,0.4034242910647405,0.8104943625325238,1869
bge-reranker,trec-dl-2019,temp_lodo,0.25,0.4092896174863388,0.7935819601040763,1830
bge-reranker,trec-dl-2019,temp_lodo,0.26,0.4129711751662971,0.782307025151778,1804
bge-reranker,trec-dl-2019,temp_lodo,0.27,0.41699493528418685,0.7705984388551604,1777
bge-reranker,trec-dl-2019,temp_lodo,0.28,0.4212936462507155,0.7575888985255854,1747
bge-reranker,trec-dl-2019,temp_lodo,0.29000000000000004,0.42516016307513105,0.7445793581960104,1717
bge-reranker,trec-dl-2019,temp_lodo,0.3,0.4317102137767221,0.7302688638334779,1684
bge-reranker,trec-dl-2019,temp_lodo,0.31,0.43780193236714976,0.7181266261925412,1656
bge-reranker,trec-dl-2019,temp_lodo,0.32,0.4416461916461916,0.7059843885516045,1628
bge-reranker,trec-dl-2019,temp_lodo,0.33,0.4477144646211647,0.6925411968777103,1597
bge-reranker,trec-dl-2019,temp_lodo,0.34,0.4540229885057471,0.6790980052038161,1566
bge-reranker,trec-dl-2019,temp_lodo,0.35000000000000003,0.4597402597402597,0.6678230702515178,1540
bge-reranker,trec-dl-2019,temp_lodo,0.36000000000000004,0.4638833664678595,0.6543798785776236,1509
bge-reranker,trec-dl-2019,temp_lodo,0.37,0.4685598377281947,0.6413703382480486,1479
bge-reranker,trec-dl-2019,temp_lodo,0.38,0.4758953168044077,0.629661751951431,1452
bge-reranker,trec-dl-2019,temp_lodo,0.39,0.4799154334038055,0.6153512575888985,1419
bge-reranker,trec-dl-2019,temp_lodo,0.4,0.4835007173601148,0.6045099739809193,1394
bge-reranker,trec-dl-2019,temp_lodo,0.41000000000000003,0.48943918426802624,0.5954032957502168,1373
bge-reranker,trec-dl-2019,temp_lodo,0.42000000000000004,0.4966442953020134,0.5815264527320034,1341
bge-reranker,trec-dl-2019,temp_lodo,0.43,0.5026737967914439,0.5676496097137901,1309
bge-reranker,trec-dl-2019,temp_lodo,0.44,0.509375,0.5550737207285342,1280
bge-reranker,trec-dl-2019,temp_lodo,0.45,0.5164923572003218,0.5390286209887251,1243
bge-reranker,trec-dl-2019,temp_lodo,0.46,0.5230642504118617,0.5264527320034692,1214
bge-reranker,trec-dl-2019,temp_lodo,0.47000000000000003,0.5320404721753794,0.5143104943625325,1186
bge-reranker,trec-dl-2019,temp_lodo,0.48000000000000004,0.5381944444444444,0.49956634865568084,1152
bge-reranker,trec-dl-2019,temp_lodo,0.49,0.5452103849597135,0.48438855160451,1117
bge-reranker,trec-dl-2019,temp_lodo,0.5,0.5528756957328386,0.46747614917606245,1078
bge-reranker,trec-dl-2019,temp_lodo,0.51,0.5593542260208927,0.45663486556808325,1053
bge-reranker,trec-dl-2019,temp_lodo,0.52,0.5692007797270955,0.4449262792714657,1026
bge-reranker,trec-dl-2019,temp_lodo,0.53,0.579476861167002,0.43104943625325237,994
bge-reranker,trec-dl-2019,temp_lodo,0.54,0.5835051546391753,0.4206418039895924,970
bge-reranker,trec-dl-2019,temp_lodo,0.55,0.5906183368869936,0.406764960971379,938
bge-reranker,trec-dl-2019,temp_lodo,0.56,0.5954198473282443,0.3976582827406765,917
bge-reranker,trec-dl-2019,temp_lodo,0.5700000000000001,0.6024636058230683,0.38725065047701646,893
bge-reranker,trec-dl-2019,temp_lodo,0.5800000000000001,0.6087456846950517,0.3768430182133565,869
bge-reranker,trec-dl-2019,temp_lodo,0.59,0.6140142517814727,0.36513443191673894,842
bge-reranker,trec-dl-2019,temp_lodo,0.6,0.6192214111922141,0.3564614050303556,822
bge-reranker,trec-dl-2019,temp_lodo,0.61,0.6272040302267002,0.3443191673894189,794
bge-reranker,trec-dl-2019,temp_lodo,0.62,0.631233595800525,0.3304423243712056,762
bge-reranker,trec-dl-2019,temp_lodo,0.63,0.6345108695652174,0.3191673894189072,736
bge-reranker,trec-dl-2019,temp_lodo,0.64,0.6455696202531646,0.308326105810928,711
bge-reranker,trec-dl-2019,temp_lodo,0.65,0.6480938416422287,0.29575021682567215,682
bge-reranker,trec-dl-2019,temp_lodo,0.66,0.6666666666666666,0.27840416305290544,642
bge-reranker,trec-dl-2019,temp_lodo,0.67,0.6759410801963993,0.26496097137901126,611
bge-reranker,trec-dl-2019,temp_lodo,0.68,0.6944444444444444,0.24978317432784042,576
bge-reranker,trec-dl-2019,temp_lodo,0.6900000000000001,0.6976744186046512,0.24241110147441458,559
bge-reranker,trec-dl-2019,temp_lodo,0.7000000000000001,0.704331450094162,0.2302688638334779,531
bge-reranker,trec-dl-2019,temp_lodo,0.7100000000000001,0.7065637065637066,0.2246313963573287,518
bge-reranker,trec-dl-2019,temp_lodo,0.72,0.7142857142857143,0.21552471812662619,497
bge-reranker,trec-dl-2019,temp_lodo,0.73,0.7212765957446808,0.20381613183000868,470
bge-reranker,trec-dl-2019,temp_lodo,0.74,0.7393258426966293,0.19297484822202948,445
bge-reranker,trec-dl-2019,temp_lodo,0.75,0.7469586374695864,0.1782307025151778,411
bge-reranker,trec-dl-2019,temp_lodo,0.76,0.7461538461538462,0.1691240242844753,390
bge-reranker,trec-dl-2019,temp_lodo,0.77,0.7630853994490359,0.15741543798785776,363
bge-reranker,trec-dl-2019,temp_lodo,0.78,0.7694610778443114,0.1448395490026019,334
bge-reranker,trec-dl-2019,temp_lodo,0.79,0.7756410256410257,0.13529921942758022,312
bge-reranker,trec-dl-2019,temp_lodo,0.8,0.7827586206896552,0.12575888985255854,290
bge-reranker,trec-dl-2019,temp_lodo,0.81,0.7829457364341085,0.11188204683434519,258
bge-reranker,trec-dl-2019,temp_lodo,0.8200000000000001,0.793859649122807,0.09887250650477017,228
bge-reranker,trec-dl-2019,temp_lodo,0.8300000000000001,0.805,0.08673026886383348,200
bge-reranker,trec-dl-2019,temp_lodo,0.8400000000000001,0.813953488372093,0.0745880312228968,172
bge-reranker,trec-dl-2019,temp_lodo,0.85,0.7985611510791367,0.060277536860364266,139
bge-reranker,trec-dl-2019,temp_lodo,0.86,0.8050847457627118,0.05117085862966175,118
bge-reranker,trec-dl-2019,temp_lodo,0.87,0.7835051546391752,0.04206418039895923,97
bge-reranker,trec-dl-2019,temp_lodo,0.88,0.7926829268292683,0.03555941023417172,82
bge-reranker,trec-dl-2019,temp_lodo,0.89,0.7966101694915254,0.025585429314830876,59
bge-reranker,trec-dl-2019,temp_lodo,0.9,0.7391304347826086,0.0199479618386817,46
bge-reranker,trec-dl-2019,temp_lodo,0.91,,0.010841283607979185,25
bge-reranker,trec-dl-2019,temp_lodo,0.92,,0.006071118820468344,14
bge-reranker,trec-dl-2019,temp_lodo,0.93,,0.002168256721595837,5
bge-reranker,trec-dl-2019,temp_lodo,0.9400000000000001,,0.0,0
bge-reranker,trec-dl-2019,temp_lodo,0.9500000000000001,,0.0,0
bge-reranker,trec-dl-2019,temp_lodo,0.9600000000000001,,0.0,0
bge-reranker,trec-dl-2019,temp_lodo,0.97,,0.0,0
bge-reranker,trec-dl-2019,temp_lodo,0.98,,0.0,0
bge-reranker,trec-dl-2019,temp_lodo,0.99,,0.0,0
bge-reranker,trec-dl-2020,raw,0.01,0.2054735013032146,0.8097080548716145,2302
bge-reranker,trec-dl-2020,raw,0.02,0.2186046511627907,0.7562434048540274,2150
bge-reranker,trec-dl-2020,raw,0.03,0.22882181110029212,0.7224762574744987,2054
bge-reranker,trec-dl-2020,raw,0.04,0.23828920570264767,0.6908195568061907,1964
bge-reranker,trec-dl-2020,raw,0.05,0.24449108079748164,0.6704185719310587,1906
bge-reranker,trec-dl-2020,raw,0.060000000000000005,0.2502691065662002,0.6535349982412945,1858
bge-reranker,trec-dl-2020,raw,0.06999999999999999,0.25468577728776187,0.6380583890256771,1814
bge-reranker,trec-dl-2020,raw,0.08,0.2583005064715813,0.6250439676398171,1777
bge-reranker,trec-dl-2020,raw,0.09,0.2620137299771167,0.6148434752022511,1748
bge-reranker,trec-dl-2020,raw,0.09999999999999999,0.26709526592635885,0.6018290538163912,1711
bge-reranker,trec-dl-2020,raw,0.11,0.26954976303317535,0.5937390080900458,1688
bge-reranker,trec-dl-2020,raw,0.12,0.2732207478890229,0.583186774533943,1658
bge-reranker,trec-dl-2020,raw,0.13,0.275609756097561,0.5768554344002814,1640
bge-reranker,trec-dl-2020,raw,0.14,0.27970297029702973,0.5684136475553992,1616
bge-reranker,trec-dl-2020,raw,0.15000000000000002,0.2825814536340852,0.5613788251846641,1596
bge-reranker,trec-dl-2020,raw,0.16,0.28544061302681994,0.5508265916285614,1566
bge-reranker,trec-dl-2020,raw,0.17,0.28820116054158607,0.54555047485051,1551
bge-reranker,trec-dl-2020,raw,0.18000000000000002,0.2907431551499348,0.5395708758353852,1534
bge-reranker,trec-dl-2020,raw,0.19,0.29133858267716534,0.5360534646500176,1524
bge-reranker,trec-dl-2020,raw,0.2,0.292909211398277,0.5307773478719663,1509
bge-reranker,trec-dl-2020,raw,0.21000000000000002,0.2947860962566845,0.5262047133309884,1496
bge-reranker,trec-dl-2020,raw,0.22,0.29694915254237286,0.5188181498417165,1475
bge-reranker,trec-dl-2020,raw,0.23,0.3,0.5135420330636652,1460
bge-reranker,trec-dl-2020,raw,0.24000000000000002,0.3020689655172414,0.5100246218782976,1450
bge-reranker,trec-dl-2020,raw,0.25,0.30452961672473866,0.5047485051002463,1435
bge-reranker,trec-dl-2020,raw,0.26,0.3059071729957806,0.5001758705592684,1422
bge-reranker,trec-dl-2020,raw,0.27,0.30872959545777146,0.49560323601829054,1409
bge-reranker,trec-dl-2020,raw,0.28,0.3116045845272206,0.4910306014773127,1396
bge-reranker,trec-dl-2020,raw,0.29000000000000004,0.3129496402877698,0.48892015476609213,1390
bge-reranker,trec-dl-2020,raw,0.3,0.3149891383055757,0.48575448469926136,1381
bge-reranker,trec-dl-2020,raw,0.31,0.3168244719592134,0.4829405557509673,1373
bge-reranker,trec-dl-2020,raw,0.32,0.3184480234260615,0.48047836792121,1366
bge-reranker,trec-dl-2020,raw,0.33,0.31952662721893493,0.47555399226169537,1352
bge-reranker,trec-dl-2020,raw,0.34,0.3204460966542751,0.4730918044319381,1345
bge-reranker,trec-dl-2020,raw,0.35000000000000003,0.3203592814371258,0.4699261343651073,1336
bge-reranker,trec-dl-2020,raw,0.36000000000000004,0.32228915662650603,0.46711220541681325,1328
bge-reranker,trec-dl-2020,raw,0.37,0.3244882486732373,0.4639465353499824,1319
bge-reranker,trec-dl-2020,raw,0.38,0.3254392666157372,0.46042912416461484,1309
bge-reranker,trec-dl-2020,raw,0.39,0.3271889400921659,0.4579669363348575,1302
bge-reranker,trec-dl-2020,raw,0.4,0.3284389489953632,0.4551530073865635,1294
bge-reranker,trec-dl-2020,raw,0.41000000000000003,0.32893716058960437,0.4533943017938797,1289
bge-reranker,trec-dl-2020,raw,0.42000000000000004,0.3317683881064163,0.44952514948997535,1278
bge-reranker,trec-dl-2020,raw,0.43,0.3341213553979511,0.4463594794231446,1269
bge-reranker,trec-dl-2020,raw,0.44,0.3357142857142857,0.44319380935631375,1260
bge-reranker,trec-dl-2020,raw,0.45,0.3378702962369896,0.4393246570524094,1249
bge-reranker,trec-dl-2020,raw,0.46,0.3403225806451613,0.4361589869855786,1240
bge-reranker,trec-dl-2020,raw,0.47000000000000003,0.3419983753046304,0.4329933169187478,1231
bge-reranker,trec-dl-2020,raw,0.48000000000000004,0.3425774877650897,0.431234611326064,1226
bge-reranker,trec-dl-2020,raw,0.49,0.3445447087776866,0.42877242349630673,1219
bge-reranker,trec-dl-2020,raw,0.5,0.34628099173553717,0.4256067534294759,1210
bge-reranker,trec-dl-2020,raw,0.51,0.3494578815679733,0.42173760112557157,1199
bge-reranker,trec-dl-2020,raw,0.52,0.35126050420168065,0.41857193105874074,1190
bge-reranker,trec-dl-2020,raw,0.53,0.35046335299073295,0.4175167077031305,1187
bge-reranker,trec-dl-2020,raw,0.54,0.3508030431107354,0.4161097432289835,1183
bge-reranker,trec-dl-2020,raw,0.55,0.35319148936170214,0.4132958142806894,1175
bge-reranker,trec-dl-2020,raw,0.56,0.35409556313993173,0.41224059092507914,1172
bge-reranker,trec-dl-2020,raw,0.5700000000000001,0.35486649440137813,0.4083714386211748,1161
bge-reranker,trec-dl-2020,raw,0.5800000000000001,0.35739130434782607,0.4045022863172705,1150
bge-reranker,trec-dl-2020,raw,0.59,0.3586387434554974,0.40309532184312347,1146
bge-reranker,trec-dl-2020,raw,0.6,0.35883905013192613,0.39992965177629264,1137
bge-reranker,trec-dl-2020,raw,0.61,0.3596102745792737,0.3971157228279986,1129
bge-reranker,trec-dl-2020,raw,0.62,0.36486486486486486,0.3904326415758002,1110
bge-reranker,trec-dl-2020,raw,0.63,0.36745886654478976,0.3848047836792121,1094
bge-reranker,trec-dl-2020,raw,0.64,0.3701657458563536,0.38199085473091804,1086
bge-reranker,trec-dl-2020,raw,0.65,0.3714020427112349,0.3788251846640872,1077
bge-reranker,trec-dl-2020,raw,0.66,0.37359550561797755,0.37565951459725644,1068
bge-reranker,trec-dl-2020,raw,0.67,0.3759469696969697,0.37143862117481535,1056
bge-reranker,trec-dl-2020,raw,0.68,0.37773549000951473,0.36967991558213154,1051
bge-reranker,trec-dl-2020,raw,0.6900000000000001,0.37884615384615383,0.3658107632782272,1040
bge-reranker,trec-dl-2020,raw,0.7000000000000001,0.37877312560856863,0.36123812873724936,1027
bge-reranker,trec-dl-2020,raw,0.7100000000000001,0.3824110671936759,0.355962011959198,1012
bge-reranker,trec-dl-2020,raw,0.72,0.3798994974874372,0.3499824129440732,995
bge-reranker,trec-dl-2020,raw,0.73,0.37955465587044535,0.34752022511431585,988
bge-reranker,trec-dl-2020,raw,0.74,0.38271604938271603,0.34189236721772776,972
bge-reranker,trec-dl-2020,raw,0.75,0.3854166666666667,0.33767147379528667,960
bge-reranker,trec-dl-2020,raw,0.76,0.38883034773445735,0.33380232149138234,949
bge-reranker,trec-dl-2020,raw,0.77,0.3908413205537806,0.33028491030601476,939
bge-reranker,trec-dl-2020,raw,0.78,0.3920515574650913,0.32747098135772074,931
bge-reranker,trec-dl-2020,raw,0.79,0.39476553980370777,0.32254660569820615,917
bge-reranker,trec-dl-2020,raw,0.8,0.39713971397139713,0.31973267674991207,909
bge-reranker,trec-dl-2020,raw,0.81,0.39687848383500557,0.315511783327471,897
bge-reranker,trec-dl-2020,raw,0.8200000000000001,0.4018161180476731,0.3098839254308829,881
bge-reranker,trec-dl-2020,raw,0.8300000000000001,0.40344827586206894,0.30601477312697856,870
bge-reranker,trec-dl-2020,raw,0.8400000000000001,0.4086146682188591,0.3021456208230742,859
bge-reranker,trec-dl-2020,raw,0.85,0.41086186540731995,0.29792472740063314,847
bge-reranker,trec-dl-2020,raw,0.86,0.4133811230585424,0.29440731621526556,837
bge-reranker,trec-dl-2020,raw,0.87,0.41687041564792177,0.2877242349630672,818
bge-reranker,trec-dl-2020,raw,0.88,0.4223057644110276,0.28068941259233204,798
bge-reranker,trec-dl-2020,raw,0.89,0.4296774193548387,0.2725993668659866,775
bge-reranker,trec-dl-2020,raw,0.9,0.43137254901960786,0.26908195568061904,765
bge-reranker,trec-dl-2020,raw,0.91,0.43673469387755104,0.25852972212451636,735
bge-reranker,trec-dl-2020,raw,0.92,0.443342776203966,0.2483292296869504,706
bge-reranker,trec-dl-2020,raw,0.93,0.4573529411764706,0.23918396060499472,680
bge-reranker,trec-dl-2020,raw,0.9400000000000001,0.4699537750385208,0.22827998593035526,649
bge-reranker,trec-dl-2020,raw,0.9500000000000001,0.484297520661157,0.21280337671473795,605
bge-reranker,trec-dl-2020,raw,0.9600000000000001,0.5053956834532374,0.19556806190643686,556
bge-reranker,trec-dl-2020,raw,0.97,0.5188866799204771,0.17692578262398875,503
bge-reranker,trec-dl-2020,raw,0.98,0.5404157043879908,0.15230390432641575,433
bge-reranker,trec-dl-2020,raw,0.99,0.5823529411764706,0.11959198030249736,340
bge-reranker,trec-dl-2020,temp,0.01,0.16848399577910658,1.0,2843
bge-reranker,trec-dl-2020,temp,0.02,0.16848399577910658,1.0,2843
bge-reranker,trec-dl-2020,temp,0.03,0.16848399577910658,1.0,2843
bge-reranker,trec-dl-2020,temp,0.04,0.16848399577910658,1.0,2843
bge-reranker,trec-dl-2020,temp,0.05,0.1711325473383351,0.9845233907843827,2799
bge-reranker,trec-dl-2020,temp,0.060000000000000005,0.17373957199854914,0.969750263805839,2757
bge-reranker,trec-dl-2020,temp,0.06999999999999999,0.17577981651376146,0.9584945480126627,2725
bge-reranker,trec-dl-2020,temp,0.08,0.17747313819933308,0.949349278930707,2699
bge-reranker,trec-dl-2020,temp,0.09,0.17913238593866865,0.940555750967288,2674
bge-reranker,trec-dl-2020,temp,0.09999999999999999,0.18102796674225247,0.9307069996482589,2646
bge-reranker,trec-dl-2020,temp,0.11,0.1828942344406262,0.9212099894477664,2619
bge-reranker,trec-dl-2020,temp,0.12,0.18487070629100733,0.9113612381287373,2591
bge-reranker,trec-dl-2020,temp,0.13,0.1869633099141296,0.9011607456911713,2562
bge-reranker,trec-dl-2020,temp,0.14,0.18895463510848126,0.8916637354906789,2535
bge-reranker,trec-dl-2020,temp,0.15000000000000002,0.19198396793587175,0.8775940907492086,2495
bge-reranker,trec-dl-2020,temp,0.16,0.19467213114754098,0.858248329229687,2440
bge-reranker,trec-dl-2020,temp,0.17,0.19676214196762143,0.8473443545550475,2409
bge-reranker,trec-dl-2020,temp,0.18000000000000002,0.198326359832636,0.8406612733028491,2390
bge-reranker,trec-dl-2020,temp,0.19,0.20170212765957446,0.8265916285613788,2350
bge-reranker,trec-dl-2020,temp,0.2,0.2038793103448276,0.8160393950052761,2320
bge-reranker,trec-dl-2020,temp,0.21000000000000002,0.20818661971830985,0.7991558213155118,2272
bge-reranker,trec-dl-2020,temp,0.22,0.2118491921005386,0.7836792120998944,2228
bge-reranker,trec-dl-2020,temp,0.23,0.21500457456541627,0.7689060851213507,2186
bge-reranker,trec-dl-2020,temp,0.24000000000000002,0.2186046511627907,0.7562434048540274,2150
bge-reranker,trec-dl-2020,temp,0.25,0.22296015180265655,0.7414702778754837,2108
bge-reranker,trec-dl-2020,temp,0.26,0.22705314009661837,0.7281041153710869,2070
bge-reranker,trec-dl-2020,temp,0.27,0.2330193356470005,0.7094618360886388,2017
bge-reranker,trec-dl-2020,temp,0.28,0.23792577529232334,0.6918747801618009,1967
bge-reranker,trec-dl-2020,temp,0.29000000000000004,0.241701244813278,0.6781568765388674,1928
bge-reranker,trec-dl-2020,temp,0.3,0.2478723404255319,0.661273302849103,1880
bge-reranker,trec-dl-2020,temp,0.31,0.25203252032520324,0.6489623637003166,1845
bge-reranker,trec-dl-2020,temp,0.32,0.25596890616324264,0.6334857544846992,1801
bge-reranker,trec-dl-2020,temp,0.33,0.2604994324631101,0.6197678508617658,1762
bge-reranker,trec-dl-2020,temp,0.34,0.26462072958888244,0.6074569117129792,1727
bge-reranker,trec-dl-2020,temp,0.35000000000000003,0.26954976303317535,0.5937390080900458,1688
bge-reranker,trec-dl-2020,temp,0.36000000000000004,0.27454545454545454,0.5803728455856489,1650
bge-reranker,trec-dl-2020,temp,0.37,0.28004956629491945,0.5677101653183257,1614
bge-reranker,trec-dl-2020,temp,0.38,0.2856230031948882,0.5504748505100246,1565
bge-reranker,trec-dl-2020,temp,0.39,0.2907431551499348,0.5395708758353852,1534
bge-reranker,trec-dl-2020,temp,0.4,0.29349269588313415,0.5297221245163559,1506
bge-reranker,trec-dl-2020,temp,0.41000000000000003,0.2985685071574642,0.5160042208934225,1467
bge-reranker,trec-dl-2020,temp,0.42000000000000004,0.3055944055944056,0.5029897995075624,1430
bge-reranker,trec-dl-2020,temp,0.43,0.3111587982832618,0.4917340837143862,1398
bge-reranker,trec-dl-2020,temp,0.44,0.31636363636363635,0.4836440379880408,1375
bge-reranker,trec-dl-2020,temp,0.45,0.3207126948775056,0.4737952866690116,1347
bge-reranker,trec-dl-2020,temp,0.46,0.3235071806500378,0.46535349982412944,1323
bge-reranker,trec-dl-2020,temp,0.47000000000000003,0.3284389489953632,0.4551530073865635,1294
bge-reranker,trec-dl-2020,temp,0.48000000000000004,0.334913112164297,0.4453042560675343,1266
bge-reranker,trec-dl-2020,temp,0.49,0.3411669367909238,0.4340485402743581,1234
bge-reranker,trec-dl-2020,temp,0.5,0.34628099173553717,0.4256067534294759,1210
bge-reranker,trec-dl-2020,temp,0.51,0.35046335299073295,0.4175167077031305,1187
bge-reranker,trec-dl-2020,temp,0.52,0.3539518900343643,0.40942666197678507,1164
bge-reranker,trec-dl-2020,temp,0.53,0.35883905013192613,0.39992965177629264,1137
bge-reranker,trec-dl-2020,temp,0.54,0.36813186813186816,0.3841013014421386,1092
bge-reranker,trec-dl-2020,temp,0.55,0.37370892018779345,0.3746042912416461,1065
bge-reranker,trec-dl-2020,temp,0.56,0.3789778206364513,0.36475553992261694,1037
bge-reranker,trec-dl-2020,temp,0.5700000000000001,0.37927565392354123,0.3496306718255364,994
bge-reranker,trec-dl-2020,temp,0.5800000000000001,0.38589211618257263,0.3390784382694337,964
bge-reranker,trec-dl-2020,temp,0.59,0.39144385026737966,0.32887794583186775,935
bge-reranker,trec-dl-2020,temp,0.6,0.39713971397139713,0.31973267674991207,909
bge-reranker,trec-dl-2020,temp,0.61,0.40090600226500567,0.3105874076679564,883
bge-reranker,trec-dl-2020,temp,0.62,0.4086146682188591,0.3021456208230742,859
bge-reranker,trec-dl-2020,temp,0.63,0.4119047619047619,0.2954625395708758,840
bge-reranker,trec-dl-2020,temp,0.64,0.4204685573366215,0.2852620471333099,811
bge-reranker,trec-dl-2020,temp,0.65,0.42985842985842987,0.27330284910306013,777
bge-reranker,trec-dl-2020,temp,0.66,0.43443708609271525,0.2655645444952515,755
bge-reranker,trec-dl-2020,temp,0.67,0.4421199442119944,0.25219838199085476,717
bge-reranker,trec-dl-2020,temp,0.68,0.4528301886792453,0.24234963067182555,689
bge-reranker,trec-dl-2020,temp,0.6900000000000001,0.46444780635400906,0.23250087935279634,661
bge-reranker,trec-dl-2020,temp,0.7000000000000001,0.48148148148148145,0.21843123461132607,621
bge-reranker,trec-dl-2020,temp,0.7100000000000001,0.49482758620689654,0.20400984875131903,580
bge-reranker,trec-dl-2020,temp,0.72,0.5045045045045045,0.1952163207879001,555
bge-reranker,trec-dl-2020,temp,0.73,0.5171102661596958,0.18501582835033414,526
bge-reranker,trec-dl-2020,temp,0.74,0.5230460921843687,0.17551881814984172,499
bge-reranker,trec-dl-2020,temp,0.75,0.5289079229122056,0.1642631023566655,467
bge-reranker,trec-dl-2020,temp,0.76,0.5404157043879908,0.15230390432641575,433
bge-reranker,trec-dl-2020,temp,0.77,0.5394088669950738,0.14280689412592332,406
bge-reranker,trec-dl-2020,temp,0.78,0.5517241379310345,0.13260640168835736,377
bge-reranker,trec-dl-2020,temp,0.79,0.5774647887323944,0.12486809708054872,355
bge-reranker,trec-dl-2020,temp,0.8,0.5853658536585366,0.11537108688005628,328
bge-reranker,trec-dl-2020,temp,0.81,0.5993150684931506,0.10270840661273303,292
bge-reranker,trec-dl-2020,temp,0.8200000000000001,0.6171003717472119,0.09461836088638761,269
bge-reranker,trec-dl-2020,temp,0.8300000000000001,0.6213991769547325,0.08547309180443194,243
bge-reranker,trec-dl-2020,temp,0.8400000000000001,0.6363636363636364,0.0735138937741822,209
bge-reranker,trec-dl-2020,temp,0.85,0.6557377049180327,0.06436862469222653,183
bge-reranker,trec-dl-2020,temp,0.86,0.691358024691358,0.056982061202954626,162
bge-reranker,trec-dl-2020,temp,0.87,0.725925925925926,0.04748505100246219,135
bge-reranker,trec-dl-2020,temp,0.88,0.7155963302752294,0.03833978192050651,109
bge-reranker,trec-dl-2020,temp,0.89,0.7191011235955056,0.03130495954977137,89
bge-reranker,trec-dl-2020,temp,0.9,0.7419354838709677,0.021807949349278932,62
bge-reranker,trec-dl-2020,temp,0.91,0.7954545454545454,0.015476609215617306,44
bge-reranker,trec-dl-2020,temp,0.92,,0.01020049243756595,29
bge-reranker,trec-dl-2020,temp,0.93,,0.005979599015124868,17
bge-reranker,trec-dl-2020,temp,0.9400000000000001,,0.0024621878297572987,7
bge-reranker,trec-dl-2020,temp,0.9500000000000001,,0.00035174111853675694,1
bge-reranker,trec-dl-2020,temp,0.9600000000000001,,0.0,0
bge-reranker,trec-dl-2020,temp,0.97,,0.0,0
bge-reranker,trec-dl-2020,temp,0.98,,0.0,0
bge-reranker,trec-dl-2020,temp,0.99,,0.0,0
bge-reranker,trec-dl-2020,platt,0.01,0.18487070629100733,0.9113612381287373,2591
bge-reranker,trec-dl-2020,platt,0.02,0.20118845500848898,0.8287020752725993,2356
bge-reranker,trec-dl-2020,platt,0.03,0.2187063750581666,0.7558916637354907,2149
bge-reranker,trec-dl-2020,platt,0.04,0.23950870010235414,0.687302145620823,1954
bge-reranker,trec-dl-2020,platt,0.05,0.25596890616324264,0.6334857544846992,1801
bge-reranker,trec-dl-2020,platt,0.060000000000000005,0.27039904705181655,0.5905733380232149,1679
bge-reranker,trec-dl-2020,platt,0.06999999999999999,0.2863549007046765,0.5490678860358776,1561
bge-reranker,trec-dl-2020,platt,0.08,0.2963464140730717,0.5198733731973267,1478
bge-reranker,trec-dl-2020,platt,0.09,0.3111587982832618,0.4917340837143862,1398
bge-reranker,trec-dl-2020,platt,0.09999999999999999,0.3204460966542751,0.4730918044319381,1345
bge-reranker,trec-dl-2020,platt,0.11,0.32869296210363497,0.45480126626802675,1293
bge-reranker,trec-dl-2020,platt,0.12,0.34006462035541196,0.4354555047485051,1238
bge-reranker,trec-dl-2020,platt,0.13,0.35126050420168065,0.41857193105874074,1190
bge-reranker,trec-dl-2020,platt,0.14,0.35584415584415585,0.4062609919099543,1155
bge-reranker,trec-dl-2020,platt,0.15000000000000002,0.36618444846292947,0.3890256771016532,1106
bge-reranker,trec-dl-2020,platt,0.16,0.3751178133836004,0.3731973267674991,1061
bge-reranker,trec-dl-2020,platt,0.17,0.3809055118110236,0.35736897643334503,1016
bge-reranker,trec-dl-2020,platt,0.18000000000000002,0.384297520661157,0.34048540274358075,968
bge-reranker,trec-dl-2020,platt,0.19,0.391025641025641,0.3292296869504045,936
bge-reranker,trec-dl-2020,platt,0.2,0.39713971397139713,0.31973267674991207,909
bge-reranker,trec-dl-2020,platt,0.21000000000000002,0.40273037542662116,0.30918044319380933,879
bge-reranker,trec-dl-2020,platt,0.22,0.4088785046728972,0.30109039746746397,856
bge-reranker,trec-dl-2020,platt,0.23,0.41346153846153844,0.2926486106225818,832
bge-reranker,trec-dl-2020,platt,0.24000000000000002,0.4218362282878412,0.2835033415406261,806
bge-reranker,trec-dl-2020,platt,0.25,0.4294954721862872,0.2718958846289131,773
bge-reranker,trec-dl-2020,platt,0.26,0.4350132625994695,0.2652128033767147,754
bge-reranker,trec-dl-2020,platt,0.27,0.44027777777777777,0.253253605346465,720
bge-reranker,trec-dl-2020,platt,0.28,0.44635193133047213,0.2458670418571931,699
bge-reranker,trec-dl-2020,platt,0.29000000000000004,0.4591381872213967,0.23672177277523743,673
bge-reranker,trec-dl-2020,platt,0.3,0.4670750382848392,0.2296869504045023,653
bge-reranker,trec-dl-2020,platt,0.31,0.48148148148148145,0.21843123461132607,621
bge-reranker,trec-dl-2020,platt,0.32,0.48743718592964824,0.2099894477664439,597
bge-reranker,trec-dl-2020,platt,0.33,0.5,0.19978895532887794,568
bge-reranker,trec-dl-2020,platt,0.34,0.5027124773960217,0.1945128385508266,553
bge-reranker,trec-dl-2020,platt,0.35000000000000003,0.5160680529300568,0.18607105170594443,529
bge-reranker,trec-dl-2020,platt,0.36000000000000004,0.5196078431372549,0.17938797045374605,510
bge-reranker,trec-dl-2020,platt,0.37,0.5220883534136547,0.17516707703130496,498
bge-reranker,trec-dl-2020,platt,0.38,0.5239085239085239,0.1691874780161801,481
bge-reranker,trec-dl-2020,platt,0.39,0.5339168490153173,0.16074569117129792,457
bge-reranker,trec-dl-2020,platt,0.4,0.5414746543778802,0.15265564544495253,434
bge-reranker,trec-dl-2020,platt,0.41000000000000003,0.5375586854460094,0.14984171649665845,426
bge-reranker,trec-dl-2020,platt,0.42000000000000004,0.5416666666666666,0.14351037636299682,408
bge-reranker,trec-dl-2020,platt,0.43,0.544529262086514,0.13823425958494548,393
bge-reranker,trec-dl-2020,platt,0.44,0.5529100529100529,0.13295814280689414,378
bge-reranker,trec-dl-2020,platt,0.45,0.5579514824797843,0.13049595497713684,371
bge-reranker,trec-dl-2020,platt,0.46,0.5774647887323944,0.12486809708054872,355
bge-reranker,trec-dl-2020,platt,0.47000000000000003,0.5818713450292398,0.12029546253957088,342
bge-reranker,trec-dl-2020,platt,0.48000000000000004,0.5853658536585366,0.11537108688005628,328
bge-reranker,trec-dl-2020,platt,0.49,0.5903225806451613,0.10903974674639465,310
bge-reranker,trec-dl-2020,platt,0.5,0.5952380952380952,0.10341188884980654,294
bge-reranker,trec-dl-2020,platt,0.51,0.6013986013986014,0.10059795990151249,286
bge-reranker,trec-dl-2020,platt,0.52,0.610909090909091,0.09672880759760816,275
bge-reranker,trec-dl-2020,platt,0.53,0.6269230769230769,0.0914526908195568,260
bge-reranker,trec-dl-2020,platt,0.54,0.6215139442231076,0.088287020752726,251
bge-reranker,trec-dl-2020,platt,0.55,0.6176470588235294,0.08371438621174815,238
bge-reranker,trec-dl-2020,platt,0.56,0.6355555555555555,0.07914175167077031,225
bge-reranker,trec-dl-2020,platt,0.5700000000000001,0.6367924528301887,0.07456911712979247,212
bge-reranker,trec-dl-2020,platt,0.5800000000000001,0.6390243902439025,0.07210692930003518,205
bge-reranker,trec-dl-2020,platt,0.59,0.6479591836734694,0.06894125923320436,196
bge-reranker,trec-dl-2020,platt,0.6,0.6741573033707865,0.06260991909954274,178
bge-reranker,trec-dl-2020,platt,0.61,0.6763005780346821,0.06085121350685895,173
bge-reranker,trec-dl-2020,platt,0.62,0.6871165644171779,0.057333802321491385,163
bge-reranker,trec-dl-2020,platt,0.63,0.6883116883116883,0.05416813225466057,154
bge-reranker,trec-dl-2020,platt,0.64,0.7083333333333334,0.050650721069293,144
bge-reranker,trec-dl-2020,platt,0.65,0.7238805970149254,0.04713330988392543,134
bge-reranker,trec-dl-2020,platt,0.66,0.72,0.04396763981709462,125
bge-reranker,trec-dl-2020,platt,0.67,0.7256637168141593,0.03974674639465353,113
bge-reranker,trec-dl-2020,platt,0.68,0.7142857142857143,0.03693281744635948,105
bge-reranker,trec-dl-2020,platt,0.6900000000000001,0.7373737373737373,0.03482237073513894,99
bge-reranker,trec-dl-2020,platt,0.7000000000000001,0.7282608695652174,0.03236018290538164,92
bge-reranker,trec-dl-2020,platt,0.7100000000000001,0.7142857142857143,0.029546253957087584,84
bge-reranker,trec-dl-2020,platt,0.72,0.72,0.02638058389025677,75
bge-reranker,trec-dl-2020,platt,0.73,0.7272727272727273,0.02321491382342596,66
bge-reranker,trec-dl-2020,platt,0.74,0.75,0.021104467112205417,60
bge-reranker,trec-dl-2020,platt,0.75,0.7857142857142857,0.01969750263805839,56
bge-reranker,trec-dl-2020,platt,0.76,0.8043478260869565,0.01618009145269082,46
bge-reranker,trec-dl-2020,platt,0.77,0.8461538461538461,0.01371790362293352,39
bge-reranker,trec-dl-2020,platt,0.78,0.8484848484848485,0.01160745691171298,33
bge-reranker,trec-dl-2020,platt,0.79,0.8333333333333334,0.010552233556102708,30
bge-reranker,trec-dl-2020,platt,0.8,,0.007386563489271896,21
bge-reranker,trec-dl-2020,platt,0.81,,0.005979599015124868,17
bge-reranker,trec-dl-2020,platt,0.8200000000000001,,0.005979599015124868,17
bge-reranker,trec-dl-2020,platt,0.8300000000000001,,0.004924375659514597,14
bge-reranker,trec-dl-2020,platt,0.8400000000000001,,0.004220893422441084,12
bge-reranker,trec-dl-2020,platt,0.85,,0.0028139289482940555,8
bge-reranker,trec-dl-2020,platt,0.86,,0.002110446711220542,6
bge-reranker,trec-dl-2020,platt,0.87,,0.001055223355610271,3
bge-reranker,trec-dl-2020,platt,0.88,,0.0007034822370735139,2
bge-reranker,trec-dl-2020,platt,0.89,,0.0,0
bge-reranker,trec-dl-2020,platt,0.9,,0.0,0
bge-reranker,trec-dl-2020,platt,0.91,,0.0,0
bge-reranker,trec-dl-2020,platt,0.92,,0.0,0
bge-reranker,trec-dl-2020,platt,0.93,,0.0,0
bge-reranker,trec-dl-2020,platt,0.9400000000000001,,0.0,0
bge-reranker,trec-dl-2020,platt,0.9500000000000001,,0.0,0
bge-reranker,trec-dl-2020,platt,0.9600000000000001,,0.0,0
bge-reranker,trec-dl-2020,platt,0.97,,0.0,0
bge-reranker,trec-dl-2020,platt,0.98,,0.0,0
bge-reranker,trec-dl-2020,platt,0.99,,0.0,0
bge-reranker,trec-dl-2020,iso,0.01,0.1892532595811932,0.8902567710165318,2531
bge-reranker,trec-dl-2020,iso,0.02,0.21500457456541627,0.7689060851213507,2186
bge-reranker,trec-dl-2020,iso,0.03,0.23175542406311636,0.713330988392543,2028
bge-reranker,trec-dl-2020,iso,0.04,0.2523060227889311,0.6482588814632431,1843
bge-reranker,trec-dl-2020,iso,0.05,0.2523060227889311,0.6482588814632431,1843
bge-reranker,trec-dl-2020,iso,0.060000000000000005,0.2577203818079731,0.6264509321139641,1781
bge-reranker,trec-dl-2020,iso,0.06999999999999999,0.275609756097561,0.5768554344002814,1640
bge-reranker,trec-dl-2020,iso,0.08,0.3465674110835401,0.42525501231093915,1209
bge-reranker,trec-dl-2020,iso,0.09,0.3468543046357616,0.4249032711924024,1208
bge-reranker,trec-dl-2020,iso,0.09999999999999999,0.3468543046357616,0.4249032711924024,1208
bge-reranker,trec-dl-2020,iso,0.11,0.3468543046357616,0.4249032711924024,1208
bge-reranker,trec-dl-2020,iso,0.12,0.3468543046357616,0.4249032711924024,1208
bge-reranker,trec-dl-2020,iso,0.13,0.3468543046357616,0.4249032711924024,1208
bge-reranker,trec-dl-2020,iso,0.14,0.3468543046357616,0.4249032711924024,1208
bge-reranker,trec-dl-2020,iso,0.15000000000000002,0.3468543046357616,0.4249032711924024,1208
bge-reranker,trec-dl-2020,iso,0.16,0.3468543046357616,0.4249032711924024,1208
bge-reranker,trec-dl-2020,iso,0.17,0.3468543046357616,0.4249032711924024,1208
bge-reranker,trec-dl-2020,iso,0.18000000000000002,0.3468543046357616,0.4249032711924024,1208
bge-reranker,trec-dl-2020,iso,0.19,0.36088888888888887,0.39570875835385155,1125
bge-reranker,trec-dl-2020,iso,0.2,0.3629032258064516,0.3925430882870207,1116
bge-reranker,trec-dl-2020,iso,0.21000000000000002,0.4119047619047619,0.2954625395708758,840
bge-reranker,trec-dl-2020,iso,0.22,0.4119047619047619,0.2954625395708758,840
bge-reranker,trec-dl-2020,iso,0.23,0.4119047619047619,0.2954625395708758,840
bge-reranker,trec-dl-2020,iso,0.24000000000000002,0.4204685573366215,0.2852620471333099,811
bge-reranker,trec-dl-2020,iso,0.25,0.4204685573366215,0.2852620471333099,811
bge-reranker,trec-dl-2020,iso,0.26,0.42098765432098767,0.28491030601477313,810
bge-reranker,trec-dl-2020,iso,0.27,0.4215080346106304,0.2845585648962364,809
bge-reranker,trec-dl-2020,iso,0.28,0.4293125810635538,0.2711924023918396,771
bge-reranker,trec-dl-2020,iso,0.29000000000000004,0.4304291287386216,0.2704889201547661,769
bge-reranker,trec-dl-2020,iso,0.3,0.4595808383233533,0.23496306718255364,668
bge-reranker,trec-dl-2020,iso,0.31,0.4595808383233533,0.23496306718255364,668
bge-reranker,trec-dl-2020,iso,0.32,0.4595808383233533,0.23496306718255364,668
bge-reranker,trec-dl-2020,iso,0.33,0.4595808383233533,0.23496306718255364,668
bge-reranker,trec-dl-2020,iso,0.34,0.4595808383233533,0.23496306718255364,668
bge-reranker,trec-dl-2020,iso,0.35000000000000003,0.4595808383233533,0.23496306718255364,668
bge-reranker,trec-dl-2020,iso,0.36000000000000004,0.46026986506746626,0.23461132606401688,667
bge-reranker,trec-dl-2020,iso,0.37,0.46026986506746626,0.23461132606401688,667
bge-reranker,trec-dl-2020,iso,0.38,0.46026986506746626,0.23461132606401688,667
bge-reranker,trec-dl-2020,iso,0.39,0.47360248447204967,0.22652128033767147,644
bge-reranker,trec-dl-2020,iso,0.4,0.5907590759075908,0.10657755891663735,303
bge-reranker,trec-dl-2020,iso,0.41000000000000003,0.5907590759075908,0.10657755891663735,303
bge-reranker,trec-dl-2020,iso,0.42000000000000004,0.5907590759075908,0.10657755891663735,303
bge-reranker,trec-dl-2020,iso,0.43,0.5919732441471572,0.10517059444249033,299
bge-reranker,trec-dl-2020,iso,0.44,0.5919732441471572,0.10517059444249033,299
bge-reranker,trec-dl-2020,iso,0.45,0.5919732441471572,0.10517059444249033,299
bge-reranker,trec-dl-2020,iso,0.46,0.5919732441471572,0.10517059444249033,299
bge-reranker,trec-dl-2020,iso,0.47000000000000003,0.6013986013986014,0.10059795990151249,286
bge-reranker,trec-dl-2020,iso,0.48000000000000004,0.6013986013986014,0.10059795990151249,286
bge-reranker,trec-dl-2020,iso,0.49,0.6013986013986014,0.10059795990151249,286
bge-reranker,trec-dl-2020,iso,0.5,0.6013986013986014,0.10059795990151249,286
bge-reranker,trec-dl-2020,iso,0.51,0.6013986013986014,0.10059795990151249,286
bge-reranker,trec-dl-2020,iso,0.52,0.6013986013986014,0.10059795990151249,286
bge-reranker,trec-dl-2020,iso,0.53,0.6559139784946236,0.0654238480478368,186
bge-reranker,trec-dl-2020,iso,0.54,0.6594594594594595,0.06507210692930003,185
bge-reranker,trec-dl-2020,iso,0.55,0.6594594594594595,0.06507210692930003,185
bge-reranker,trec-dl-2020,iso,0.56,0.6557377049180327,0.06436862469222653,183
bge-reranker,trec-dl-2020,iso,0.5700000000000001,0.6593406593406593,0.06401688357368976,182
bge-reranker,trec-dl-2020,iso,0.5800000000000001,0.7103448275862069,0.05100246218782976,145
bge-reranker,trec-dl-2020,iso,0.59,0.7103448275862069,0.05100246218782976,145
bge-reranker,trec-dl-2020,iso,0.6,0.7103448275862069,0.05100246218782976,145
bge-reranker,trec-dl-2020,iso,0.61,0.7103448275862069,0.05100246218782976,145
bge-reranker,trec-dl-2020,iso,0.62,0.7103448275862069,0.05100246218782976,145
bge-reranker,trec-dl-2020,iso,0.63,0.7246376811594203,0.04854027435807246,138
bge-reranker,trec-dl-2020,iso,0.64,0.7226277372262774,0.0481885332395357,137
bge-reranker,trec-dl-2020,iso,0.65,0.7226277372262774,0.0481885332395357,137
bge-reranker,trec-dl-2020,iso,0.66,0.7226277372262774,0.0481885332395357,137
bge-reranker,trec-dl-2020,iso,0.67,0.7586206896551724,0.0204009848751319,58
bge-reranker,trec-dl-2020,iso,0.68,0.7586206896551724,0.0204009848751319,58
bge-reranker,trec-dl-2020,iso,0.6900000000000001,0.7586206896551724,0.0204009848751319,58
bge-reranker,trec-dl-2020,iso,0.7000000000000001,0.7586206896551724,0.0204009848751319,58
bge-reranker,trec-dl-2020,iso,0.7100000000000001,0.7586206896551724,0.0204009848751319,58
bge-reranker,trec-dl-2020,iso,0.72,0.7586206896551724,0.0204009848751319,58
bge-reranker,trec-dl-2020,iso,0.73,0.7586206896551724,0.0204009848751319,58
bge-reranker,trec-dl-2020,iso,0.74,0.7586206896551724,0.0204009848751319,58
bge-reranker,trec-dl-2020,iso,0.75,0.7586206896551724,0.0204009848751319,58
bge-reranker,trec-dl-2020,iso,0.76,0.7954545454545454,0.015476609215617306,44
bge-reranker,trec-dl-2020,iso,0.77,0.7954545454545454,0.015476609215617306,44
bge-reranker,trec-dl-2020,iso,0.78,0.7954545454545454,0.015476609215617306,44
bge-reranker,trec-dl-2020,iso,0.79,0.7954545454545454,0.015476609215617306,44
bge-reranker,trec-dl-2020,iso,0.8,0.7954545454545454,0.015476609215617306,44
bge-reranker,trec-dl-2020,iso,0.81,0.7954545454545454,0.015476609215617306,44
bge-reranker,trec-dl-2020,iso,0.8200000000000001,0.7954545454545454,0.015476609215617306,44
bge-reranker,trec-dl-2020,iso,0.8300000000000001,0.7954545454545454,0.015476609215617306,44
bge-reranker,trec-dl-2020,iso,0.8400000000000001,0.8484848484848485,0.01160745691171298,33
bge-reranker,trec-dl-2020,iso,0.85,,0.007034822370735139,20
bge-reranker,trec-dl-2020,iso,0.86,,0.007034822370735139,20
bge-reranker,trec-dl-2020,iso,0.87,,0.007034822370735139,20
bge-reranker,trec-dl-2020,iso,0.88,,0.007034822370735139,20
bge-reranker,trec-dl-2020,iso,0.89,,0.006683081252198382,19
bge-reranker,trec-dl-2020,iso,0.9,,0.006331340133661625,18
bge-reranker,trec-dl-2020,iso,0.91,,0.006331340133661625,18
bge-reranker,trec-dl-2020,iso,0.92,,0.006331340133661625,18
bge-reranker,trec-dl-2020,iso,0.93,,0.006331340133661625,18
bge-reranker,trec-dl-2020,iso,0.9400000000000001,,0.006331340133661625,18
bge-reranker,trec-dl-2020,iso,0.9500000000000001,,0.006331340133661625,18
bge-reranker,trec-dl-2020,iso,0.9600000000000001,,0.006331340133661625,18
bge-reranker,trec-dl-2020,iso,0.97,,0.006331340133661625,18
bge-reranker,trec-dl-2020,iso,0.98,,0.006331340133661625,18
bge-reranker,trec-dl-2020,iso,0.99,,0.005979599015124868,17
bge-reranker,trec-dl-2020,temp_lodo,0.01,0.16848399577910658,1.0,2843
bge-reranker,trec-dl-2020,temp_lodo,0.02,0.16848399577910658,1.0,2843
bge-reranker,trec-dl-2020,temp_lodo,0.03,0.16848399577910658,1.0,2843
bge-reranker,trec-dl-2020,temp_lodo,0.04,0.16848399577910658,1.0,2843
bge-reranker,trec-dl-2020,temp_lodo,0.05,0.1704626334519573,0.9883925430882871,2810
bge-reranker,trec-dl-2020,temp_lodo,0.060000000000000005,0.17311167329237442,0.9732676749912065,2767
bge-reranker,trec-dl-2020,temp_lodo,0.06999999999999999,0.17545787545787545,0.9602532536053464,2730
bge-reranker,trec-dl-2020,temp_lodo,0.08,0.17707948243992605,0.9514597256419275,2705
bge-reranker,trec-dl-2020,temp_lodo,0.09,0.17859806114839671,0.9433696799155822,2682
bge-reranker,trec-dl-2020,temp_lodo,0.09999999999999999,0.1806865333836288,0.9324657052409426,2651
bge-reranker,trec-dl-2020,temp_lodo,0.11,0.18254573170731708,0.9229686950404502,2624
bge-reranker,trec-dl-2020,temp_lodo,0.12,0.18437259430331024,0.9138234259584945,2598
bge-reranker,trec-dl-2020,temp_lodo,0.13,0.18616401088223863,0.9050298979950756,2573
bge-reranker,trec-dl-2020,temp_lodo,0.14,0.18836020448289423,0.8944776644389729,2543
bge-reranker,trec-dl-2020,temp_lodo,0.15000000000000002,0.19068471337579618,0.8835736897643335,2512
bge-reranker,trec-dl-2020,temp_lodo,0.16,0.19396903015484923,0.8631727048892015,2454
bge-reranker,trec-dl-2020,temp_lodo,0.17,0.19586776859504132,0.8512135068589518,2420
bge-reranker,trec-dl-2020,temp_lodo,0.18000000000000002,0.19774718397997496,0.8431234611326064,2397
bge-reranker,trec-dl-2020,temp_lodo,0.19,0.20076238881829733,0.8304607808652832,2361
bge-reranker,trec-dl-2020,temp_lodo,0.2,0.20335339638865005,0.8181498417164966,2326
bge-reranker,trec-dl-2020,temp_lodo,0.21000000000000002,0.20610021786492375,0.8072458670418572,2295
bge-reranker,trec-dl-2020,temp_lodo,0.22,0.2110664881749219,0.7882518466408723,2241
bge-reranker,trec-dl-2020,temp_lodo,0.23,0.21474067333939945,0.7731269785437918,2198
bge-reranker,trec-dl-2020,temp_lodo,0.24000000000000002,0.21729079981507166,0.7608160393950053,2163
bge-reranker,trec-dl-2020,temp_lodo,0.25,0.22180273714016047,0.745339430179388,2119
bge-reranker,trec-dl-2020,temp_lodo,0.26,0.2253116011505273,0.733731973267675,2086
bge-reranker,trec-dl-2020,temp_lodo,0.27,0.23107177974434612,0.7154414351037637,2034
bge-reranker,trec-dl-2020,temp_lodo,0.28,0.2366565961732125,0.6985578614139993,1986
bge-reranker,trec-dl-2020,temp_lodo,0.29000000000000004,0.2408646423057128,0.6834329933169188,1943
bge-reranker,trec-dl-2020,temp_lodo,0.3,0.2461701003697834,0.6658459373900809,1893
bge-reranker,trec-dl-2020,temp_lodo,0.31,0.2502691065662002,0.6535349982412945,1858
bge-reranker,trec-dl-2020,temp_lodo,0.32,0.25468577728776187,0.6380583890256771,1814
bge-reranker,trec-dl-2020,temp_lodo,0.33,0.25873731679819617,0.6239887442842068,1774
bge-reranker,trec-dl-2020,temp_lodo,0.34,0.2629161882893226,0.6127330284910306,1742
bge-reranker,trec-dl-2020,temp_lodo,0.35000000000000003,0.2687536916715889,0.5954977136827295,1693
bge-reranker,trec-dl-2020,temp_lodo,0.36000000000000004,0.2737160120845921,0.5821315511783327,1655
bge-reranker,trec-dl-2020,temp_lodo,0.37,0.27901234567901234,0.5698206120295463,1620
bge-reranker,trec-dl-2020,temp_lodo,0.38,0.2852604828462516,0.5536405205768554,1574
bge-reranker,trec-dl-2020,temp_lodo,0.39,0.290448343079922,0.541329581428069,1539
bge-reranker,trec-dl-2020,temp_lodo,0.4,0.292909211398277,0.5307773478719663,1509
bge-reranker,trec-dl-2020,temp_lodo,0.41000000000000003,0.297554347826087,0.5177629264861062,1472
bge-reranker,trec-dl-2020,temp_lodo,0.42000000000000004,0.3048016701461378,0.5054519873373198,1437
bge-reranker,trec-dl-2020,temp_lodo,0.43,0.3107142857142857,0.4924375659514597,1400
bge-reranker,trec-dl-2020,temp_lodo,0.44,0.31567489114658925,0.4846992613436511,1378
bge-reranker,trec-dl-2020,temp_lodo,0.45,0.3202372127501853,0.4744987689060851,1349
bge-reranker,trec-dl-2020,temp_lodo,0.46,0.32326283987915405,0.4657052409426662,1324
bge-reranker,trec-dl-2020,temp_lodo,0.47000000000000003,0.3284389489953632,0.4551530073865635,1294
bge-reranker,trec-dl-2020,temp_lodo,0.48000000000000004,0.3346487766377269,0.4456559971860711,1267
bge-reranker,trec-dl-2020,temp_lodo,0.49,0.3411669367909238,0.4340485402743581,1234
bge-reranker,trec-dl-2020,temp_lodo,0.5,0.34628099173553717,0.4256067534294759,1210
bge-reranker,trec-dl-2020,temp_lodo,0.51,0.35075885328836426,0.41716496658459373,1186
bge-reranker,trec-dl-2020,temp_lodo,0.52,0.354256233877902,0.4090749208582483,1163
bge-reranker,trec-dl-2020,temp_lodo,0.53,0.3594713656387665,0.39922616953921913,1135
bge-reranker,trec-dl-2020,temp_lodo,0.54,0.3688073394495413,0.38339781920506505,1090
bge-reranker,trec-dl-2020,temp_lodo,0.55,0.3751178133836004,0.3731973267674991,1061
bge-reranker,trec-dl-2020,temp_lodo,0.56,0.37887596899224807,0.3629968343299332,1032
bge-reranker,trec-dl-2020,temp_lodo,0.5700000000000001,0.3800403225806452,0.3489271895884629,992
bge-reranker,trec-dl-2020,temp_lodo,0.5800000000000001,0.38662486938349006,0.3366162504396764,957
bge-reranker,trec-dl-2020,temp_lodo,0.59,0.3912111468381565,0.32817446359479424,933
bge-reranker,trec-dl-2020,temp_lodo,0.6,0.39713971397139713,0.31973267674991207,909
bge-reranker,trec-dl-2020,temp_lodo,0.61,0.40273037542662116,0.30918044319380933,879
bge-reranker,trec-dl-2020,temp_lodo,0.62,0.4088785046728972,0.30109039746746397,856
bge-reranker,trec-dl-2020,temp_lodo,0.63,0.41346153846153844,0.2926486106225818,832
bge-reranker,trec-dl-2020,temp_lodo,0.64,0.4218362282878412,0.2835033415406261,806
bge-reranker,trec-dl-2020,temp_lodo,0.65,0.4293125810635538,0.2711924023918396,771
bge-reranker,trec-dl-2020,temp_lodo,0.66,0.43699731903485256,0.2623988744284207,746
bge-reranker,trec-dl-2020,temp_lodo,0.67,0.44287729196050774,0.24938445304256068,709
bge-reranker,trec-dl-2020,temp_lodo,0.68,0.4573529411764706,0.23918396060499472,680
bge-reranker,trec-dl-2020,temp_lodo,0.6900000000000001,0.4677914110429448,0.22933520928596554,652
bge-reranker,trec-dl-2020,temp_lodo,0.7000000000000001,0.4820261437908497,0.21526556454449525,612
bge-reranker,trec-dl-2020,temp_lodo,0.7100000000000001,0.4991243432574431,0.20084417868448823,571
bge-reranker,trec-dl-2020,temp_lodo,0.72,0.5119705340699816,0.19099542736545902,543
bge-reranker,trec-dl-2020,temp_lodo,0.73,0.516504854368932,0.18114667604642984,515
bge-reranker,trec-dl-2020,temp_lodo,0.74,0.5245901639344263,0.17164966584593738,488
bge-reranker,trec-dl-2020,temp_lodo,0.75,0.5364238410596026,0.1593387266971509,453
bge-reranker,trec-dl-2020,temp_lodo,0.76,0.5375586854460094,0.14984171649665845,426
bge-reranker,trec-dl-2020,temp_lodo,0.77,0.5456852791878173,0.13858600070348223,394
bge-reranker,trec-dl-2020,temp_lodo,0.78,0.5561497326203209,0.1315511783327471,374
bge-reranker,trec-dl-2020,temp_lodo,0.79,0.5804597701149425,0.12240590925079142,348
bge-reranker,trec-dl-2020,temp_lodo,0.8,0.5917721518987342,0.11115019345761519,316
bge-reranker,trec-dl-2020,temp_lodo,0.81,0.6013986013986014,0.10059795990151249,286
bge-reranker,trec-dl-2020,temp_lodo,0.8200000000000001,0.6264591439688716,0.09039746746394653,257
bge-reranker,trec-dl-2020,temp_lodo,0.8300000000000001,0.6320346320346321,0.08125219838199085,231
bge-reranker,trec-dl-2020,temp_lodo,0.8400000000000001,0.6390243902439025,0.07210692930003518,205
bge-reranker,trec-dl-2020,temp_lodo,0.85,0.6781609195402298,0.06120295462539571,174
bge-reranker,trec-dl-2020,temp_lodo,0.86,0.6883116883116883,0.05416813225466057,154
bge-reranker,trec-dl-2020,temp_lodo,0.87,0.7244094488188977,0.04467112205416813,127
bge-reranker,trec-dl-2020,temp_lodo,0.88,0.7281553398058253,0.036229335209285965,103
bge-reranker,trec-dl-2020,temp_lodo,0.89,0.7195121951219512,0.02884277172001407,82
bge-reranker,trec-dl-2020,temp_lodo,0.9,0.75,0.021104467112205417,60
bge-reranker,trec-dl-2020,temp_lodo,0.91,0.8378378378378378,0.013014421385860007,37
bge-reranker,trec-dl-2020,temp_lodo,0.92,,0.007386563489271896,21
bge-reranker,trec-dl-2020,temp_lodo,0.93,,0.004924375659514597,14
bge-reranker,trec-dl-2020,temp_lodo,0.9400000000000001,,0.002110446711220542,6
bge-reranker,trec-dl-2020,temp_lodo,0.9500000000000001,,0.0,0
bge-reranker,trec-dl-2020,temp_lodo,0.9600000000000001,,0.0,0
bge-reranker,trec-dl-2020,temp_lodo,0.97,,0.0,0
bge-reranker,trec-dl-2020,temp_lodo,0.98,,0.0,0
bge-reranker,trec-dl-2020,temp_lodo,0.99,,0.0,0
bge-reranker,webis-touche2020,raw,0.01,0.823943661971831,0.8930817610062893,284
bge-reranker,webis-touche2020,raw,0.02,0.8308823529411765,0.8553459119496856,272
bge-reranker,webis-touche2020,raw,0.03,0.8282442748091603,0.8238993710691824,262
bge-reranker,webis-touche2020,raw,0.04,0.8301158301158301,0.8144654088050315,259
bge-reranker,webis-touche2020,raw,0.05,0.8452380952380952,0.7924528301886793,252
bge-reranker,webis-touche2020,raw,0.060000000000000005,0.8508064516129032,0.779874213836478,248
bge-reranker,webis-touche2020,raw,0.06999999999999999,0.8524590163934426,0.7672955974842768,244
bge-reranker,webis-touche2020,raw,0.08,0.8547717842323651,0.7578616352201258,241
bge-reranker,webis-touche2020,raw,0.09,0.8577405857740585,0.7515723270440252,239
bge-reranker,webis-touche2020,raw,0.09999999999999999,0.8565400843881856,0.7452830188679245,237
bge-reranker,webis-touche2020,raw,0.11,0.8589743589743589,0.7358490566037735,234
bge-reranker,webis-touche2020,raw,0.12,0.8571428571428571,0.7264150943396226,231
bge-reranker,webis-touche2020,raw,0.13,0.8634361233480177,0.7138364779874213,227
bge-reranker,webis-touche2020,raw,0.14,0.8628318584070797,0.710691823899371,226
bge-reranker,webis-touche2020,raw,0.15000000000000002,0.8622222222222222,0.7075471698113207,225
bge-reranker,webis-touche2020,raw,0.16,0.8616071428571429,0.7044025157232704,224
bge-reranker,webis-touche2020,raw,0.17,0.8648648648648649,0.6981132075471698,222
bge-reranker,webis-touche2020,raw,0.18000000000000002,0.8669724770642202,0.6855345911949685,218
bge-reranker,webis-touche2020,raw,0.19,0.8663594470046083,0.6823899371069182,217
bge-reranker,webis-touche2020,raw,0.2,0.8651162790697674,0.6761006289308176,215
bge-reranker,webis-touche2020,raw,0.21000000000000002,0.8651162790697674,0.6761006289308176,215
bge-reranker,webis-touche2020,raw,0.22,0.8651162790697674,0.6761006289308176,215
bge-reranker,webis-touche2020,raw,0.23,0.8644859813084113,0.6729559748427673,214
bge-reranker,webis-touche2020,raw,0.24000000000000002,0.863849765258216,0.6698113207547169,213
bge-reranker,webis-touche2020,raw,0.25,0.863849765258216,0.6698113207547169,213
bge-reranker,webis-touche2020,raw,0.26,0.8679245283018868,0.6666666666666666,212
bge-reranker,webis-touche2020,raw,0.27,0.8666666666666667,0.660377358490566,210
bge-reranker,webis-touche2020,raw,0.28,0.8666666666666667,0.660377358490566,210
bge-reranker,webis-touche2020,raw,0.29000000000000004,0.8666666666666667,0.660377358490566,210
bge-reranker,webis-touche2020,raw,0.3,0.8701923076923077,0.6540880503144654,208
bge-reranker,webis-touche2020,raw,0.31,0.8743961352657005,0.6509433962264151,207
bge-reranker,webis-touche2020,raw,0.32,0.8743961352657005,0.6509433962264151,207
bge-reranker,webis-touche2020,raw,0.33,0.8743961352657005,0.6509433962264151,207
bge-reranker,webis-touche2020,raw,0.34,0.8737864077669902,0.6477987421383647,206
bge-reranker,webis-touche2020,raw,0.35000000000000003,0.8737864077669902,0.6477987421383647,206
bge-reranker,webis-touche2020,raw,0.36000000000000004,0.8737864077669902,0.6477987421383647,206
bge-reranker,webis-touche2020,raw,0.37,0.8725490196078431,0.6415094339622641,204
bge-reranker,webis-touche2020,raw,0.38,0.8719211822660099,0.6383647798742138,203
bge-reranker,webis-touche2020,raw,0.39,0.8712871287128713,0.6352201257861635,202
bge-reranker,webis-touche2020,raw,0.4,0.8712871287128713,0.6352201257861635,202
bge-reranker,webis-touche2020,raw,0.41000000000000003,0.8706467661691543,0.6320754716981132,201
bge-reranker,webis-touche2020,raw,0.42000000000000004,0.87,0.6289308176100629,200
bge-reranker,webis-touche2020,raw,0.43,0.87,0.6289308176100629,200
bge-reranker,webis-touche2020,raw,0.44,0.87,0.6289308176100629,200
bge-reranker,webis-touche2020,raw,0.45,0.8693467336683417,0.6257861635220126,199
bge-reranker,webis-touche2020,raw,0.46,0.8693467336683417,0.6257861635220126,199
bge-reranker,webis-touche2020,raw,0.47000000000000003,0.8693467336683417,0.6257861635220126,199
bge-reranker,webis-touche2020,raw,0.48000000000000004,0.8693467336683417,0.6257861635220126,199
bge-reranker,webis-touche2020,raw,0.49,0.8693467336683417,0.6257861635220126,199
bge-reranker,webis-touche2020,raw,0.5,0.8693467336683417,0.6257861635220126,199
bge-reranker,webis-touche2020,raw,0.51,0.8693467336683417,0.6257861635220126,199
bge-reranker,webis-touche2020,raw,0.52,0.8686868686868687,0.6226415094339622,198
bge-reranker,webis-touche2020,raw,0.53,0.868020304568528,0.6194968553459119,197
bge-reranker,webis-touche2020,raw,0.54,0.8673469387755102,0.6163522012578616,196
bge-reranker,webis-touche2020,raw,0.55,0.8666666666666667,0.6132075471698113,195
bge-reranker,webis-touche2020,raw,0.56,0.865979381443299,0.610062893081761,194
bge-reranker,webis-touche2020,raw,0.5700000000000001,0.8652849740932642,0.6069182389937107,193
bge-reranker,webis-touche2020,raw,0.5800000000000001,0.8645833333333334,0.6037735849056604,192
bge-reranker,webis-touche2020,raw,0.59,0.8645833333333334,0.6037735849056604,192
bge-reranker,webis-touche2020,raw,0.6,0.8645833333333334,0.6037735849056604,192
bge-reranker,webis-touche2020,raw,0.61,0.8645833333333334,0.6037735849056604,192
bge-reranker,webis-touche2020,raw,0.62,0.8638743455497382,0.60062893081761,191
bge-reranker,webis-touche2020,raw,0.63,0.8617021276595744,0.5911949685534591,188
bge-reranker,webis-touche2020,raw,0.64,0.8617021276595744,0.5911949685534591,188
bge-reranker,webis-touche2020,raw,0.65,0.8602150537634409,0.5849056603773585,186
bge-reranker,webis-touche2020,raw,0.66,0.8594594594594595,0.5817610062893082,185
bge-reranker,webis-touche2020,raw,0.67,0.8594594594594595,0.5817610062893082,185
bge-reranker,webis-touche2020,raw,0.68,0.8594594594594595,0.5817610062893082,185
bge-reranker,webis-touche2020,raw,0.6900000000000001,0.8594594594594595,0.5817610062893082,185
bge-reranker,webis-touche2020,raw,0.7000000000000001,0.8641304347826086,0.5786163522012578,184
bge-reranker,webis-touche2020,raw,0.7100000000000001,0.8674033149171271,0.5691823899371069,181
bge-reranker,webis-touche2020,raw,0.72,0.8674033149171271,0.5691823899371069,181
bge-reranker,webis-touche2020,raw,0.73,0.8715083798882681,0.5628930817610063,179
bge-reranker,webis-touche2020,raw,0.74,0.8757062146892656,0.5566037735849056,177
bge-reranker,webis-touche2020,raw,0.75,0.875,0.5534591194968553,176
bge-reranker,webis-touche2020,raw,0.76,0.875,0.5534591194968553,176
bge-reranker,webis-touche2020,raw,0.77,0.875,0.5534591194968553,176
bge-reranker,webis-touche2020,raw,0.78,0.8742857142857143,0.550314465408805,175
bge-reranker,webis-touche2020,raw,0.79,0.872093023255814,0.5408805031446541,172
bge-reranker,webis-touche2020,raw,0.8,0.872093023255814,0.5408805031446541,172
bge-reranker,webis-touche2020,raw,0.81,0.8705882352941177,0.5345911949685535,170
bge-reranker,webis-touche2020,raw,0.8200000000000001,0.8690476190476191,0.5283018867924528,168
bge-reranker,webis-touche2020,raw,0.8300000000000001,0.8674698795180723,0.5220125786163522,166
bge-reranker,webis-touche2020,raw,0.8400000000000001,0.8650306748466258,0.5125786163522013,163
bge-reranker,webis-touche2020,raw,0.85,0.8679245283018868,0.5,159
bge-reranker,webis-touche2020,raw,0.86,0.8734177215189873,0.4968553459119497,158
bge-reranker,webis-touche2020,raw,0.87,0.8726114649681529,0.4937106918238994,157
bge-reranker,webis-touche2020,raw,0.88,0.869281045751634,0.4811320754716981,153
bge-reranker,webis-touche2020,raw,0.89,0.868421052631579,0.4779874213836478,152
bge-reranker,webis-touche2020,raw,0.9,0.8675496688741722,0.4748427672955975,151
bge-reranker,webis-touche2020,raw,0.91,0.863013698630137,0.4591194968553459,146
bge-reranker,webis-touche2020,raw,0.92,0.8601398601398601,0.449685534591195,143
bge-reranker,webis-touche2020,raw,0.93,0.8561151079136691,0.4371069182389937,139
bge-reranker,webis-touche2020,raw,0.9400000000000001,0.855072463768116,0.4339622641509434,138
bge-reranker,webis-touche2020,raw,0.9500000000000001,0.8571428571428571,0.41823899371069184,133
bge-reranker,webis-touche2020,raw,0.9600000000000001,0.8549618320610687,0.4119496855345912,131
bge-reranker,webis-touche2020,raw,0.97,0.8524590163934426,0.3836477987421384,122
bge-reranker,webis-touche2020,raw,0.98,0.8468468468468469,0.3490566037735849,111
bge-reranker,webis-touche2020,raw,0.99,0.8222222222222222,0.2830188679245283,90
bge-reranker,webis-touche2020,temp,0.01,0.779874213836478,1.0,318
bge-reranker,webis-touche2020,temp,0.02,0.779874213836478,1.0,318
bge-reranker,webis-touche2020,temp,0.03,0.779874213836478,1.0,318
bge-reranker,webis-touche2020,temp,0.04,0.779874213836478,1.0,318
bge-reranker,webis-touche2020,temp,0.05,0.779874213836478,1.0,318
bge-reranker,webis-touche2020,temp,0.060000000000000005,0.779874213836478,1.0,318
bge-reranker,webis-touche2020,temp,0.06999999999999999,0.779874213836478,1.0,318
bge-reranker,webis-touche2020,temp,0.08,0.779874213836478,1.0,318
bge-reranker,webis-touche2020,temp,0.09,0.779874213836478,1.0,318
bge-reranker,webis-touche2020,temp,0.09999999999999999,0.779874213836478,1.0,318
bge-reranker,webis-touche2020,temp,0.11,0.779874213836478,1.0,318
bge-reranker,webis-touche2020,temp,0.12,0.779874213836478,1.0,318
bge-reranker,webis-touche2020,temp,0.13,0.779874213836478,1.0,318
bge-reranker,webis-touche2020,temp,0.14,0.779874213836478,1.0,318
bge-reranker,webis-touche2020,temp,0.15000000000000002,0.779874213836478,1.0,318
bge-reranker,webis-touche2020,temp,0.16,0.779874213836478,1.0,318
bge-reranker,webis-touche2020,temp,0.17,0.779874213836478,1.0,318
bge-reranker,webis-touche2020,temp,0.18000000000000002,0.779874213836478,1.0,318
bge-reranker,webis-touche2020,temp,0.19,0.7784810126582279,0.9937106918238994,316
bge-reranker,webis-touche2020,temp,0.2,0.7784810126582279,0.9937106918238994,316
bge-reranker,webis-touche2020,temp,0.21000000000000002,0.7827476038338658,0.9842767295597484,313
bge-reranker,webis-touche2020,temp,0.22,0.7827476038338658,0.9842767295597484,313
bge-reranker,webis-touche2020,temp,0.23,0.7852564102564102,0.9811320754716981,312
bge-reranker,webis-touche2020,temp,0.24000000000000002,0.7852564102564102,0.9811320754716981,312
bge-reranker,webis-touche2020,temp,0.25,0.7928802588996764,0.9716981132075472,309
bge-reranker,webis-touche2020,temp,0.26,0.7947882736156352,0.9654088050314465,307
bge-reranker,webis-touche2020,temp,0.27,0.7947882736156352,0.9654088050314465,307
bge-reranker,webis-touche2020,temp,0.28,0.7934426229508197,0.9591194968553459,305
bge-reranker,webis-touche2020,temp,0.29000000000000004,0.8066666666666666,0.9433962264150944,300
bge-reranker,webis-touche2020,temp,0.3,0.8114478114478114,0.9339622641509434,297
bge-reranker,webis-touche2020,temp,0.31,0.8101694915254237,0.9276729559748428,295
bge-reranker,webis-touche2020,temp,0.32,0.8144329896907216,0.9150943396226415,291
bge-reranker,webis-touche2020,temp,0.33,0.8210526315789474,0.8962264150943396,285
bge-reranker,webis-touche2020,temp,0.34,0.823943661971831,0.8930817610062893,284
bge-reranker,webis-touche2020,temp,0.35000000000000003,0.8309352517985612,0.8742138364779874,278
bge-reranker,webis-touche2020,temp,0.36000000000000004,0.8308823529411765,0.8553459119496856,272
bge-reranker,webis-touche2020,temp,0.37,0.8314606741573034,0.839622641509434,267
bge-reranker,webis-touche2020,temp,0.38,0.8275862068965517,0.8207547169811321,261
bge-reranker,webis-touche2020,temp,0.39,0.8359375,0.8050314465408805,256
bge-reranker,webis-touche2020,temp,0.4,0.8508064516129032,0.779874213836478,248
bge-reranker,webis-touche2020,temp,0.41000000000000003,0.8547717842323651,0.7578616352201258,241
bge-reranker,webis-touche2020,temp,0.42000000000000004,0.8559322033898306,0.7421383647798742,236
bge-reranker,webis-touche2020,temp,0.43,0.8596491228070176,0.7169811320754716,228
bge-reranker,webis-touche2020,temp,0.44,0.8609865470852018,0.7012578616352201,223
bge-reranker,webis-touche2020,temp,0.45,0.8651162790697674,0.6761006289308176,215
bge-reranker,webis-touche2020,temp,0.46,0.8679245283018868,0.6666666666666666,212
bge-reranker,webis-touche2020,temp,0.47000000000000003,0.8743961352657005,0.6509433962264151,207
bge-reranker,webis-touche2020,temp,0.48000000000000004,0.8725490196078431,0.6415094339622641,204
bge-reranker,webis-touche2020,temp,0.49,0.87,0.6289308176100629,200
bge-reranker,webis-touche2020,temp,0.5,0.8693467336683417,0.6257861635220126,199
bge-reranker,webis-touche2020,temp,0.51,0.8652849740932642,0.6069182389937107,193
bge-reranker,webis-touche2020,temp,0.52,0.8617021276595744,0.5911949685534591,188
bge-reranker,webis-touche2020,temp,0.53,0.8594594594594595,0.5817610062893082,185
bge-reranker,webis-touche2020,temp,0.54,0.8757062146892656,0.5566037735849056,177
bge-reranker,webis-touche2020,temp,0.55,0.872093023255814,0.5408805031446541,172
bge-reranker,webis-touche2020,temp,0.56,0.8650306748466258,0.5125786163522013,163
bge-reranker,webis-touche2020,temp,0.5700000000000001,0.8726114649681529,0.4937106918238994,157
bge-reranker,webis-touche2020,temp,0.5800000000000001,0.8675496688741722,0.4748427672955975,151
bge-reranker,webis-touche2020,temp,0.59,0.8591549295774648,0.44654088050314467,142
bge-reranker,webis-touche2020,temp,0.6,0.855072463768116,0.4339622641509434,138
bge-reranker,webis-touche2020,temp,0.61,0.8571428571428571,0.41823899371069184,133
bge-reranker,webis-touche2020,temp,0.62,0.8548387096774194,0.389937106918239,124
bge-reranker,webis-touche2020,temp,0.63,0.8547008547008547,0.36792452830188677,117
bge-reranker,webis-touche2020,temp,0.64,0.8468468468468469,0.3490566037735849,111
bge-reranker,webis-touche2020,temp,0.65,0.83,0.31446540880503143,100
bge-reranker,webis-touche2020,temp,0.66,0.8191489361702128,0.29559748427672955,94
bge-reranker,webis-touche2020,temp,0.67,0.813953488372093,0.27044025157232704,86
bge-reranker,webis-touche2020,temp,0.68,0.8205128205128205,0.24528301886792453,78
bge-reranker,webis-touche2020,temp,0.6900000000000001,0.8,0.22012578616352202,70
bge-reranker,webis-touche2020,temp,0.7000000000000001,0.7833333333333333,0.18867924528301888,60
bge-reranker,webis-touche2020,temp,0.7100000000000001,0.7647058823529411,0.16037735849056603,51
bge-reranker,webis-touche2020,temp,0.72,0.7555555555555555,0.14150943396226415,45
bge-reranker,webis-touche2020,temp,0.73,0.7948717948717948,0.12264150943396226,39
bge-reranker,webis-touche2020,temp,0.74,,0.07547169811320754,24
bge-reranker,webis-touche2020,temp,0.75,,0.050314465408805034,16
bge-reranker,webis-touche2020,temp,0.76,,0.02830188679245283,9
bge-reranker,webis-touche2020,temp,0.77,,0.015723270440251572,5
bge-reranker,webis-touche2020,temp,0.78,,0.006289308176100629,2
bge-reranker,webis-touche2020,temp,0.79,,0.0031446540880503146,1
bge-reranker,webis-touche2020,temp,0.8,,0.0,0
bge-reranker,webis-touche2020,temp,0.81,,0.0,0
bge-reranker,webis-touche2020,temp,0.8200000000000001,,0.0,0
bge-reranker,webis-touche2020,temp,0.8300000000000001,,0.0,0
bge-reranker,webis-touche2020,temp,0.8400000000000001,,0.0,0
bge-reranker,webis-touche2020,temp,0.85,,0.0,0
bge-reranker,webis-touche2020,temp,0.86,,0.0,0
bge-reranker,webis-touche2020,temp,0.87,,0.0,0
bge-reranker,webis-touche2020,temp,0.88,,0.0,0
bge-reranker,webis-touche2020,temp,0.89,,0.0,0
bge-reranker,webis-touche2020,temp,0.9,,0.0,0
bge-reranker,webis-touche2020,temp,0.91,,0.0,0
bge-reranker,webis-touche2020,temp,0.92,,0.0,0
bge-reranker,webis-touche2020,temp,0.93,,0.0,0
bge-reranker,webis-touche2020,temp,0.9400000000000001,,0.0,0
bge-reranker,webis-touche2020,temp,0.9500000000000001,,0.0,0
bge-reranker,webis-touche2020,temp,0.9600000000000001,,0.0,0
bge-reranker,webis-touche2020,temp,0.97,,0.0,0
bge-reranker,webis-touche2020,temp,0.98,,0.0,0
bge-reranker,webis-touche2020,temp,0.99,,0.0,0
bge-reranker,webis-touche2020,platt,0.01,0.779874213836478,1.0,318
bge-reranker,webis-touche2020,platt,0.02,0.779874213836478,1.0,318
bge-reranker,webis-touche2020,platt,0.03,0.779874213836478,1.0,318
bge-reranker,webis-touche2020,platt,0.04,0.779874213836478,1.0,318
bge-reranker,webis-touche2020,platt,0.05,0.779874213836478,1.0,318
bge-reranker,webis-touche2020,platt,0.060000000000000005,0.779874213836478,1.0,318
bge-reranker,webis-touche2020,platt,0.06999999999999999,0.779874213836478,1.0,318
bge-reranker,webis-touche2020,platt,0.08,0.779874213836478,1.0,318
bge-reranker,webis-touche2020,platt,0.09,0.779874213836478,1.0,318
bge-reranker,webis-touche2020,platt,0.09999999999999999,0.779874213836478,1.0,318
bge-reranker,webis-touche2020,platt,0.11,0.779874213836478,1.0,318
bge-reranker,webis-touche2020,platt,0.12,0.779874213836478,1.0,318
bge-reranker,webis-touche2020,platt,0.13,0.779874213836478,1.0,318
bge-reranker,webis-touche2020,platt,0.14,0.779874213836478,1.0,318
bge-reranker,webis-touche2020,platt,0.15000000000000002,0.779874213836478,1.0,318
bge-reranker,webis-touche2020,platt,0.16,0.779874213836478,1.0,318
bge-reranker,webis-touche2020,platt,0.17,0.779874213836478,1.0,318
bge-reranker,webis-touche2020,platt,0.18000000000000002,0.779874213836478,1.0,318
bge-reranker,webis-touche2020,platt,0.19,0.779874213836478,1.0,318
bge-reranker,webis-touche2020,platt,0.2,0.779874213836478,1.0,318
bge-reranker,webis-touche2020,platt,0.21000000000000002,0.779874213836478,1.0,318
bge-reranker,webis-touche2020,platt,0.22,0.779874213836478,1.0,318
bge-reranker,webis-touche2020,platt,0.23,0.779874213836478,1.0,318
bge-reranker,webis-touche2020,platt,0.24000000000000002,0.779874213836478,1.0,318
bge-reranker,webis-touche2020,platt,0.25,0.779874213836478,1.0,318
bge-reranker,webis-touche2020,platt,0.26,0.779874213836478,1.0,318
bge-reranker,webis-touche2020,platt,0.27,0.779874213836478,1.0,318
bge-reranker,webis-touche2020,platt,0.28,0.779874213836478,1.0,318
bge-reranker,webis-touche2020,platt,0.29000000000000004,0.779874213836478,1.0,318
bge-reranker,webis-touche2020,platt,0.3,0.779874213836478,1.0,318
bge-reranker,webis-touche2020,platt,0.31,0.779874213836478,1.0,318
bge-reranker,webis-touche2020,platt,0.32,0.779874213836478,1.0,318
bge-reranker,webis-touche2020,platt,0.33,0.779874213836478,1.0,318
bge-reranker,webis-touche2020,platt,0.34,0.779874213836478,1.0,318
bge-reranker,webis-touche2020,platt,0.35000000000000003,0.779874213836478,1.0,318
bge-reranker,webis-touche2020,platt,0.36000000000000004,0.779874213836478,1.0,318
bge-reranker,webis-touche2020,platt,0.37,0.779874213836478,1.0,318
bge-reranker,webis-touche2020,platt,0.38,0.779874213836478,1.0,318
bge-reranker,webis-touche2020,platt,0.39,0.779874213836478,1.0,318
bge-reranker,webis-touche2020,platt,0.4,0.779874213836478,1.0,318
bge-reranker,webis-touche2020,platt,0.41000000000000003,0.779874213836478,1.0,318
bge-reranker,webis-touche2020,platt,0.42000000000000004,0.779874213836478,1.0,318
bge-reranker,webis-touche2020,platt,0.43,0.779874213836478,1.0,318
bge-reranker,webis-touche2020,platt,0.44,0.7791798107255521,0.9968553459119497,317
bge-reranker,webis-touche2020,platt,0.45,0.7784810126582279,0.9937106918238994,316
bge-reranker,webis-touche2020,platt,0.46,0.7784810126582279,0.9937106918238994,316
bge-reranker,webis-touche2020,platt,0.47000000000000003,0.780952380952381,0.9905660377358491,315
bge-reranker,webis-touche2020,platt,0.48000000000000004,0.7827476038338658,0.9842767295597484,313
bge-reranker,webis-touche2020,platt,0.49,0.7827476038338658,0.9842767295597484,313
bge-reranker,webis-touche2020,platt,0.5,0.7827476038338658,0.9842767295597484,313
bge-reranker,webis-touche2020,platt,0.51,0.7852564102564102,0.9811320754716981,312
bge-reranker,webis-touche2020,platt,0.52,0.7852564102564102,0.9811320754716981,312
bge-reranker,webis-touche2020,platt,0.53,0.7877813504823151,0.9779874213836478,311
bge-reranker,webis-touche2020,platt,0.54,0.7928802588996764,0.9716981132075472,309
bge-reranker,webis-touche2020,platt,0.55,0.7947882736156352,0.9654088050314465,307
bge-reranker,webis-touche2020,platt,0.56,0.7947882736156352,0.9654088050314465,307
bge-reranker,webis-touche2020,platt,0.5700000000000001,0.7934426229508197,0.9591194968553459,305
bge-reranker,webis-touche2020,platt,0.5800000000000001,0.7960526315789473,0.9559748427672956,304
bge-reranker,webis-touche2020,platt,0.59,0.8066666666666666,0.9433962264150944,300
bge-reranker,webis-touche2020,platt,0.6,0.8114478114478114,0.9339622641509434,297
bge-reranker,webis-touche2020,platt,0.61,0.8101694915254237,0.9276729559748428,295
bge-reranker,webis-touche2020,platt,0.62,0.815068493150685,0.9182389937106918,292
bge-reranker,webis-touche2020,platt,0.63,0.8194444444444444,0.9056603773584906,288
bge-reranker,webis-touche2020,platt,0.64,0.823943661971831,0.8930817610062893,284
bge-reranker,webis-touche2020,platt,0.65,0.8220640569395018,0.8836477987421384,281
bge-reranker,webis-touche2020,platt,0.66,0.8315018315018315,0.8584905660377359,273
bge-reranker,webis-touche2020,platt,0.67,0.8327137546468402,0.8459119496855346,269
bge-reranker,webis-touche2020,platt,0.68,0.8282442748091603,0.8238993710691824,262
bge-reranker,webis-touche2020,platt,0.6900000000000001,0.8301158301158301,0.8144654088050315,259
bge-reranker,webis-touche2020,platt,0.7000000000000001,0.852,0.7861635220125787,250
bge-reranker,webis-touche2020,platt,0.7100000000000001,0.8547717842323651,0.7578616352201258,241
bge-reranker,webis-touche2020,platt,0.72,0.8565400843881856,0.7452830188679245,237
bge-reranker,webis-touche2020,platt,0.73,0.8628318584070797,0.710691823899371,226
bge-reranker,webis-touche2020,platt,0.74,0.867579908675799,0.6886792452830188,219
bge-reranker,webis-touche2020,platt,0.75,0.863849765258216,0.6698113207547169,213
bge-reranker,webis-touche2020,platt,0.76,0.8743961352657005,0.6509433962264151,207
bge-reranker,webis-touche2020,platt,0.77,0.8719211822660099,0.6383647798742138,203
bge-reranker,webis-touche2020,platt,0.78,0.8693467336683417,0.6257861635220126,199
bge-reranker,webis-touche2020,platt,0.79,0.8645833333333334,0.6037735849056604,192
bge-reranker,webis-touche2020,platt,0.8,0.8594594594594595,0.5817610062893082,185
bge-reranker,webis-touche2020,platt,0.81,0.875,0.5534591194968553,176
bge-reranker,webis-touche2020,platt,0.8200000000000001,0.8682634730538922,0.5251572327044025,167
bge-reranker,webis-touche2020,platt,0.8300000000000001,0.868421052631579,0.4779874213836478,152
bge-reranker,webis-touche2020,platt,0.8400000000000001,0.8581560283687943,0.44339622641509435,141
bge-reranker,webis-touche2020,platt,0.85,0.8571428571428571,0.41823899371069184,133
bge-reranker,webis-touche2020,platt,0.86,0.8512396694214877,0.3805031446540881,121
bge-reranker,webis-touche2020,platt,0.87,0.8333333333333334,0.32075471698113206,102
bge-reranker,webis-touche2020,platt,0.88,0.8181818181818182,0.27672955974842767,88
bge-reranker,webis-touche2020,platt,0.89,0.8,0.22012578616352202,70
bge-reranker,webis-touche2020,platt,0.9,0.7647058823529411,0.16037735849056603,51
bge-reranker,webis-touche2020,platt,0.91,0.8,0.11006289308176101,35
bge-reranker,webis-touche2020,platt,0.92,,0.031446540880503145,10
bge-reranker,webis-touche2020,platt,0.93,,0.006289308176100629,2
bge-reranker,webis-touche2020,platt,0.9400000000000001,,0.0,0
bge-reranker,webis-touche2020,platt,0.9500000000000001,,0.0,0
bge-reranker,webis-touche2020,platt,0.9600000000000001,,0.0,0
bge-reranker,webis-touche2020,platt,0.97,,0.0,0
bge-reranker,webis-touche2020,platt,0.98,,0.0,0
bge-reranker,webis-touche2020,platt,0.99,,0.0,0
bge-reranker,webis-touche2020,iso,0.01,0.779874213836478,1.0,318
bge-reranker,webis-touche2020,iso,0.02,0.779874213836478,1.0,318
bge-reranker,webis-touche2020,iso,0.03,0.779874213836478,1.0,318
bge-reranker,webis-touche2020,iso,0.04,0.779874213836478,1.0,318
bge-reranker,webis-touche2020,iso,0.05,0.779874213836478,1.0,318
bge-reranker,webis-touche2020,iso,0.060000000000000005,0.779874213836478,1.0,318
bge-reranker,webis-touche2020,iso,0.06999999999999999,0.779874213836478,1.0,318
bge-reranker,webis-touche2020,iso,0.08,0.779874213836478,1.0,318
bge-reranker,webis-touche2020,iso,0.09,0.779874213836478,1.0,318
bge-reranker,webis-touche2020,iso,0.09999999999999999,0.779874213836478,1.0,318
bge-reranker,webis-touche2020,iso,0.11,0.779874213836478,1.0,318
bge-reranker,webis-touche2020,iso,0.12,0.779874213836478,1.0,318
bge-reranker,webis-touche2020,iso,0.13,0.779874213836478,1.0,318
bge-reranker,webis-touche2020,iso,0.14,0.779874213836478,1.0,318
bge-reranker,webis-touche2020,iso,0.15000000000000002,0.779874213836478,1.0,318
bge-reranker,webis-touche2020,iso,0.16,0.779874213836478,1.0,318
bge-reranker,webis-touche2020,iso,0.17,0.779874213836478,1.0,318
bge-reranker,webis-touche2020,iso,0.18000000000000002,0.779874213836478,1.0,318
bge-reranker,webis-touche2020,iso,0.19,0.779874213836478,1.0,318
bge-reranker,webis-touche2020,iso,0.2,0.779874213836478,1.0,318
bge-reranker,webis-touche2020,iso,0.21000000000000002,0.779874213836478,1.0,318
bge-reranker,webis-touche2020,iso,0.22,0.779874213836478,1.0,318
bge-reranker,webis-touche2020,iso,0.23,0.779874213836478,1.0,318
bge-reranker,webis-touche2020,iso,0.24000000000000002,0.779874213836478,1.0,318
bge-reranker,webis-touche2020,iso,0.25,0.779874213836478,1.0,318
bge-reranker,webis-touche2020,iso,0.26,0.779874213836478,1.0,318
bge-reranker,webis-touche2020,iso,0.27,0.779874213836478,1.0,318
bge-reranker,webis-touche2020,iso,0.28,0.779874213836478,1.0,318
bge-reranker,webis-touche2020,iso,0.29000000000000004,0.779874213836478,1.0,318
bge-reranker,webis-touche2020,iso,0.3,0.779874213836478,1.0,318
bge-reranker,webis-touche2020,iso,0.31,0.779874213836478,1.0,318
bge-reranker,webis-touche2020,iso,0.32,0.779874213836478,1.0,318
bge-reranker,webis-touche2020,iso,0.33,0.779874213836478,1.0,318
bge-reranker,webis-touche2020,iso,0.34,0.779874213836478,1.0,318
bge-reranker,webis-touche2020,iso,0.35000000000000003,0.779874213836478,1.0,318
bge-reranker,webis-touche2020,iso,0.36000000000000004,0.779874213836478,1.0,318
bge-reranker,webis-touche2020,iso,0.37,0.779874213836478,1.0,318
bge-reranker,webis-touche2020,iso,0.38,0.779874213836478,1.0,318
bge-reranker,webis-touche2020,iso,0.39,0.779874213836478,1.0,318
bge-reranker,webis-touche2020,iso,0.4,0.779874213836478,1.0,318
bge-reranker,webis-touche2020,iso,0.41000000000000003,0.779874213836478,1.0,318
bge-reranker,webis-touche2020,iso,0.42000000000000004,0.779874213836478,1.0,318
bge-reranker,webis-touche2020,iso,0.43,0.7947882736156352,0.9654088050314465,307
bge-reranker,webis-touche2020,iso,0.44,0.7947882736156352,0.9654088050314465,307
bge-reranker,webis-touche2020,iso,0.45,0.7947882736156352,0.9654088050314465,307
bge-reranker,webis-touche2020,iso,0.46,0.7947882736156352,0.9654088050314465,307
bge-reranker,webis-touche2020,iso,0.47000000000000003,0.7947882736156352,0.9654088050314465,307
bge-reranker,webis-touche2020,iso,0.48000000000000004,0.7947882736156352,0.9654088050314465,307
bge-reranker,webis-touche2020,iso,0.49,0.7947882736156352,0.9654088050314465,307
bge-reranker,webis-touche2020,iso,0.5,0.7947882736156352,0.9654088050314465,307
bge-reranker,webis-touche2020,iso,0.51,0.8108108108108109,0.9308176100628931,296
bge-reranker,webis-touche2020,iso,0.52,0.8108108108108109,0.9308176100628931,296
bge-reranker,webis-touche2020,iso,0.53,0.8108108108108109,0.9308176100628931,296
bge-reranker,webis-touche2020,iso,0.54,0.8108108108108109,0.9308176100628931,296
bge-reranker,webis-touche2020,iso,0.55,0.8108108108108109,0.9308176100628931,296
bge-reranker,webis-touche2020,iso,0.56,0.8108108108108109,0.9308176100628931,296
bge-reranker,webis-touche2020,iso,0.5700000000000001,0.8108108108108109,0.9308176100628931,296
bge-reranker,webis-touche2020,iso,0.5800000000000001,0.8108108108108109,0.9308176100628931,296
bge-reranker,webis-touche2020,iso,0.59,0.8108108108108109,0.9308176100628931,296
bge-reranker,webis-touche2020,iso,0.6,0.8108108108108109,0.9308176100628931,296
bge-reranker,webis-touche2020,iso,0.61,0.8108108108108109,0.9308176100628931,296
bge-reranker,webis-touche2020,iso,0.62,0.8108108108108109,0.9308176100628931,296
bge-reranker,webis-touche2020,iso,0.63,0.8108108108108109,0.9308176100628931,296
bge-reranker,webis-touche2020,iso,0.64,0.8108108108108109,0.9308176100628931,296
bge-reranker,webis-touche2020,iso,0.65,0.8628318584070797,0.710691823899371,226
bge-reranker,webis-touche2020,iso,0.66,0.8628318584070797,0.710691823899371,226
bge-reranker,webis-touche2020,iso,0.67,0.8628318584070797,0.710691823899371,226
bge-reranker,webis-touche2020,iso,0.68,0.8628318584070797,0.710691823899371,226
bge-reranker,webis-touche2020,iso,0.6900000000000001,0.8628318584070797,0.710691823899371,226
bge-reranker,webis-touche2020,iso,0.7000000000000001,0.8628318584070797,0.710691823899371,226
bge-reranker,webis-touche2020,iso,0.7100000000000001,0.8628318584070797,0.710691823899371,226
bge-reranker,webis-touche2020,iso,0.72,0.8628318584070797,0.710691823899371,226
bge-reranker,webis-touche2020,iso,0.73,0.8628318584070797,0.710691823899371,226
bge-reranker,webis-touche2020,iso,0.74,0.8622222222222222,0.7075471698113207,225
bge-reranker,webis-touche2020,iso,0.75,0.8622222222222222,0.7075471698113207,225
bge-reranker,webis-touche2020,iso,0.76,0.8622222222222222,0.7075471698113207,225
bge-reranker,webis-touche2020,iso,0.77,0.8622222222222222,0.7075471698113207,225
bge-reranker,webis-touche2020,iso,0.78,0.8743961352657005,0.6509433962264151,207
bge-reranker,webis-touche2020,iso,0.79,0.8743961352657005,0.6509433962264151,207
bge-reranker,webis-touche2020,iso,0.8,0.8743961352657005,0.6509433962264151,207
bge-reranker,webis-touche2020,iso,0.81,0.8743961352657005,0.6509433962264151,207
bge-reranker,webis-touche2020,iso,0.8200000000000001,0.8693467336683417,0.6257861635220126,199
bge-reranker,webis-touche2020,iso,0.8300000000000001,0.8693467336683417,0.6257861635220126,199
bge-reranker,webis-touche2020,iso,0.8400000000000001,0.8686868686868687,0.6226415094339622,198
bge-reranker,webis-touche2020,iso,0.85,0.8686868686868687,0.6226415094339622,198
bge-reranker,webis-touche2020,iso,0.86,0.868020304568528,0.6194968553459119,197
bge-reranker,webis-touche2020,iso,0.87,0.8742857142857143,0.550314465408805,175
bge-reranker,webis-touche2020,iso,0.88,0.7547169811320755,0.16666666666666666,53
bge-reranker,webis-touche2020,iso,0.89,0.75,0.16352201257861634,52
bge-reranker,webis-touche2020,iso,0.9,0.75,0.16352201257861634,52
bge-reranker,webis-touche2020,iso,0.91,0.75,0.16352201257861634,52
bge-reranker,webis-touche2020,iso,0.92,,0.0,0
bge-reranker,webis-touche2020,iso,0.93,,0.0,0
bge-reranker,webis-touche2020,iso,0.9400000000000001,,0.0,0
bge-reranker,webis-touche2020,iso,0.9500000000000001,,0.0,0
bge-reranker,webis-touche2020,iso,0.9600000000000001,,0.0,0
bge-reranker,webis-touche2020,iso,0.97,,0.0,0
bge-reranker,webis-touche2020,iso,0.98,,0.0,0
bge-reranker,webis-touche2020,iso,0.99,,0.0,0
bge-reranker,webis-touche2020,temp_lodo,0.01,0.779874213836478,1.0,318
bge-reranker,webis-touche2020,temp_lodo,0.02,0.779874213836478,1.0,318
bge-reranker,webis-touche2020,temp_lodo,0.03,0.779874213836478,1.0,318
bge-reranker,webis-touche2020,temp_lodo,0.04,0.779874213836478,1.0,318
bge-reranker,webis-touche2020,temp_lodo,0.05,0.7791798107255521,0.9968553459119497,317
bge-reranker,webis-touche2020,temp_lodo,0.060000000000000005,0.7834394904458599,0.9874213836477987,314
bge-reranker,webis-touche2020,temp_lodo,0.06999999999999999,0.7827476038338658,0.9842767295597484,313
bge-reranker,webis-touche2020,temp_lodo,0.08,0.7852564102564102,0.9811320754716981,312
bge-reranker,webis-touche2020,temp_lodo,0.09,0.7877813504823151,0.9779874213836478,311
bge-reranker,webis-touche2020,temp_lodo,0.09999999999999999,0.7928802588996764,0.9716981132075472,309
bge-reranker,webis-touche2020,temp_lodo,0.11,0.7947882736156352,0.9654088050314465,307
bge-reranker,webis-touche2020,temp_lodo,0.12,0.7947882736156352,0.9654088050314465,307
bge-reranker,webis-touche2020,temp_lodo,0.13,0.7960526315789473,0.9559748427672956,304
bge-reranker,webis-touche2020,temp_lodo,0.14,0.8066666666666666,0.9433962264150944,300
bge-reranker,webis-touche2020,temp_lodo,0.15000000000000002,0.8114478114478114,0.9339622641509434,297
bge-reranker,webis-touche2020,temp_lodo,0.16,0.8108108108108109,0.9308176100628931,296
bge-reranker,webis-touche2020,temp_lodo,0.17,0.815068493150685,0.9182389937106918,292
bge-reranker,webis-touche2020,temp_lodo,0.18000000000000002,0.8144329896907216,0.9150943396226415,291
bge-reranker,webis-touche2020,temp_lodo,0.19,0.8216783216783217,0.89937106918239,286
bge-reranker,webis-touche2020,temp_lodo,0.2,0.823943661971831,0.8930817610062893,284
bge-reranker,webis-touche2020,temp_lodo,0.21000000000000002,0.8226950354609929,0.8867924528301887,282
bge-reranker,webis-touche2020,temp_lodo,0.22,0.8309352517985612,0.8742138364779874,278
bge-reranker,webis-touche2020,temp_lodo,0.23,0.8315018315018315,0.8584905660377359,273
bge-reranker,webis-touche2020,temp_lodo,0.24000000000000002,0.8308823529411765,0.8553459119496856,272
bge-reranker,webis-touche2020,temp_lodo,0.25,0.832089552238806,0.8427672955974843,268
bge-reranker,webis-touche2020,temp_lodo,0.26,0.8282442748091603,0.8238993710691824,262
bge-reranker,webis-touche2020,temp_lodo,0.27,0.8275862068965517,0.8207547169811321,261
bge-reranker,webis-touche2020,temp_lodo,0.28,0.8301158301158301,0.8144654088050315,259
bge-reranker,webis-touche2020,temp_lodo,0.29000000000000004,0.8392156862745098,0.8018867924528302,255
bge-reranker,webis-touche2020,temp_lodo,0.3,0.852,0.7861635220125787,250
bge-reranker,webis-touche2020,temp_lodo,0.31,0.8530612244897959,0.7704402515723271,245
bge-reranker,webis-touche2020,temp_lodo,0.32,0.8547717842323651,0.7578616352201258,241
bge-reranker,webis-touche2020,temp_lodo,0.33,0.8577405857740585,0.7515723270440252,239
bge-reranker,webis-touche2020,temp_lodo,0.34,0.8571428571428571,0.7484276729559748,238
bge-reranker,webis-touche2020,temp_lodo,0.35000000000000003,0.8583690987124464,0.7327044025157232,233
bge-reranker,webis-touche2020,temp_lodo,0.36000000000000004,0.8596491228070176,0.7169811320754716,228
bge-reranker,webis-touche2020,temp_lodo,0.37,0.8628318584070797,0.710691823899371,226
bge-reranker,webis-touche2020,temp_lodo,0.38,0.8609865470852018,0.7012578616352201,223
bge-reranker,webis-touche2020,temp_lodo,0.39,0.8669724770642202,0.6855345911949685,218
bge-reranker,webis-touche2020,temp_lodo,0.4,0.8651162790697674,0.6761006289308176,215
bge-reranker,webis-touche2020,temp_lodo,0.41000000000000003,0.8644859813084113,0.6729559748427673,214
bge-reranker,webis-touche2020,temp_lodo,0.42000000000000004,0.8679245283018868,0.6666666666666666,212
bge-reranker,webis-touche2020,temp_lodo,0.43,0.8666666666666667,0.660377358490566,210
bge-reranker,webis-touche2020,temp_lodo,0.44,0.8743961352657005,0.6509433962264151,207
bge-reranker,webis-touche2020,temp_lodo,0.45,0.8737864077669902,0.6477987421383647,206
bge-reranker,webis-touche2020,temp_lodo,0.46,0.8725490196078431,0.6415094339622641,204
bge-reranker,webis-touche2020,temp_lodo,0.47000000000000003,0.8712871287128713,0.6352201257861635,202
bge-reranker,webis-touche2020,temp_lodo,0.48000000000000004,0.87,0.6289308176100629,200
bge-reranker,webis-touche2020,temp_lodo,0.49,0.8693467336683417,0.6257861635220126,199
bge-reranker,webis-touche2020,temp_lodo,0.5,0.8693467336683417,0.6257861635220126,199
bge-reranker,webis-touche2020,temp_lodo,0.51,0.868020304568528,0.6194968553459119,197
bge-reranker,webis-touche2020,temp_lodo,0.52,0.8652849740932642,0.6069182389937107,193
bge-reranker,webis-touche2020,temp_lodo,0.53,0.8645833333333334,0.6037735849056604,192
bge-reranker,webis-touche2020,temp_lodo,0.54,0.8617021276595744,0.5911949685534591,188
bge-reranker,webis-touche2020,temp_lodo,0.55,0.8594594594594595,0.5817610062893082,185
bge-reranker,webis-touche2020,temp_lodo,0.56,0.8594594594594595,0.5817610062893082,185
bge-reranker,webis-touche2020,temp_lodo,0.5700000000000001,0.8674033149171271,0.5691823899371069,181
bge-reranker,webis-touche2020,temp_lodo,0.5800000000000001,0.8757062146892656,0.5566037735849056,177
bge-reranker,webis-touche2020,temp_lodo,0.59,0.875,0.5534591194968553,176
bge-reranker,webis-touche2020,temp_lodo,0.6,0.872093023255814,0.5408805031446541,172
bge-reranker,webis-touche2020,temp_lodo,0.61,0.8690476190476191,0.5283018867924528,168
bge-reranker,webis-touche2020,temp_lodo,0.62,0.8650306748466258,0.5125786163522013,163
bge-reranker,webis-touche2020,temp_lodo,0.63,0.8679245283018868,0.5,159
bge-reranker,webis-touche2020,temp_lodo,0.64,0.8717948717948718,0.49056603773584906,156
bge-reranker,webis-touche2020,temp_lodo,0.65,0.868421052631579,0.4779874213836478,152
bge-reranker,webis-touche2020,temp_lodo,0.66,0.8666666666666667,0.4716981132075472,150
bge-reranker,webis-touche2020,temp_lodo,0.67,0.8620689655172413,0.4559748427672956,145
bge-reranker,webis-touche2020,temp_lodo,0.68,0.8581560283687943,0.44339622641509435,141
bge-reranker,webis-touche2020,temp_lodo,0.6900000000000001,0.8561151079136691,0.4371069182389937,139
bge-reranker,webis-touche2020,temp_lodo,0.7000000000000001,0.855072463768116,0.4339622641509434,138
bge-reranker,webis-touche2020,temp_lodo,0.7100000000000001,0.8571428571428571,0.41823899371069184,133
bge-reranker,webis-touche2020,temp_lodo,0.72,0.8560606060606061,0.41509433962264153,132
bge-reranker,webis-touche2020,temp_lodo,0.73,0.8548387096774194,0.389937106918239,124
bge-reranker,webis-touche2020,temp_lodo,0.74,0.8524590163934426,0.3836477987421384,122
bge-reranker,webis-touche2020,temp_lodo,0.75,0.8521739130434782,0.36163522012578614,115
bge-reranker,webis-touche2020,temp_lodo,0.76,0.8482142857142857,0.3522012578616352,112
bge-reranker,webis-touche2020,temp_lodo,0.77,0.8425925925925926,0.33962264150943394,108
bge-reranker,webis-touche2020,temp_lodo,0.78,0.83,0.31446540880503143,100
bge-reranker,webis-touche2020,temp_lodo,0.79,0.8210526315789474,0.29874213836477986,95
bge-reranker,webis-touche2020,temp_lodo,0.8,0.8181818181818182,0.27672955974842767,88
bge-reranker,webis-touche2020,temp_lodo,0.81,0.8117647058823529,0.2672955974842767,85
bge-reranker,webis-touche2020,temp_lodo,0.8200000000000001,0.8205128205128205,0.24528301886792453,78
bge-reranker,webis-touche2020,temp_lodo,0.8300000000000001,0.8028169014084507,0.22327044025157233,71
bge-reranker,webis-touche2020,temp_lodo,0.8400000000000001,0.7910447761194029,0.21069182389937108,67
bge-reranker,webis-touche2020,temp_lodo,0.85,0.7678571428571429,0.1761006289308176,56
bge-reranker,webis-touche2020,temp_lodo,0.86,0.7647058823529411,0.16037735849056603,51
bge-reranker,webis-touche2020,temp_lodo,0.87,0.7555555555555555,0.14150943396226415,45
bge-reranker,webis-touche2020,temp_lodo,0.88,0.7857142857142857,0.1320754716981132,42
bge-reranker,webis-touche2020,temp_lodo,0.89,0.7666666666666667,0.09433962264150944,30
bge-reranker,webis-touche2020,temp_lodo,0.9,,0.05660377358490566,18
bge-reranker,webis-touche2020,temp_lodo,0.91,,0.031446540880503145,10
bge-reranker,webis-touche2020,temp_lodo,0.92,,0.015723270440251572,5
bge-reranker,webis-touche2020,temp_lodo,0.93,,0.006289308176100629,2
bge-reranker,webis-touche2020,temp_lodo,0.9400000000000001,,0.0031446540880503146,1
bge-reranker,webis-touche2020,temp_lodo,0.9500000000000001,,0.0,0
bge-reranker,webis-touche2020,temp_lodo,0.9600000000000001,,0.0,0
bge-reranker,webis-touche2020,temp_lodo,0.97,,0.0,0
bge-reranker,webis-touche2020,temp_lodo,0.98,,0.0,0
bge-reranker,webis-touche2020,temp_lodo,0.99,,0.0,0
electra-base,dbpedia-entity,raw,0.01,0.36980773795395205,0.9176649967327379,4213
electra-base,dbpedia-entity,raw,0.02,0.3810468866286281,0.8780222173818341,4031
electra-base,dbpedia-entity,raw,0.03,0.3916192446973616,0.8420823350032672,3866
electra-base,dbpedia-entity,raw,0.04,0.3981283422459893,0.8146373339141799,3740
electra-base,dbpedia-entity,raw,0.05,0.40383036935704514,0.796122849052494,3655
electra-base,dbpedia-entity,raw,0.060000000000000005,0.4092827004219409,0.774341102156393,3555
electra-base,dbpedia-entity,raw,0.06999999999999999,0.4148446490218642,0.7571335221084731,3476
electra-base,dbpedia-entity,raw,0.08,0.41791483113069017,0.7416684818122413,3405
electra-base,dbpedia-entity,raw,0.09,0.42054958183990443,0.7292528860814638,3348
electra-base,dbpedia-entity,raw,0.09999999999999999,0.4233687405159332,0.7177085602265302,3295
electra-base,dbpedia-entity,raw,0.11,0.4249614791987673,0.7068176867784797,3245
electra-base,dbpedia-entity,raw,0.12,0.42700844013754297,0.6967980832062731,3199
electra-base,dbpedia-entity,raw,0.13,0.4299332697807436,0.6854715748203006,3147
electra-base,dbpedia-entity,raw,0.14,0.4323453608247423,0.6761054236549772,3104
electra-base,dbpedia-entity,raw,0.15000000000000002,0.43122555410691005,0.6682639947723807,3068
electra-base,dbpedia-entity,raw,0.16,0.4317209608423824,0.6619472881725115,3039
electra-base,dbpedia-entity,raw,0.17,0.4311774461028192,0.6567196689174472,3015
electra-base,dbpedia-entity,raw,0.18000000000000002,0.4327212020033389,0.652363319538227,2995
electra-base,dbpedia-entity,raw,0.19,0.4343298622774605,0.6484426050969287,2977
electra-base,dbpedia-entity,raw,0.2,0.43534190927555855,0.6434328033108255,2954
electra-base,dbpedia-entity,raw,0.21000000000000002,0.43592365371506475,0.6390764539316053,2934
electra-base,dbpedia-entity,raw,0.22,0.43561643835616437,0.6360270093661512,2920
electra-base,dbpedia-entity,raw,0.23,0.4350515463917526,0.6338488346765411,2910
electra-base,dbpedia-entity,raw,0.24000000000000002,0.4349775784753363,0.63145284251797,2899
electra-base,dbpedia-entity,raw,0.25,0.4359861591695502,0.6294924852973208,2890
electra-base,dbpedia-entity,raw,0.26,0.43680555555555556,0.6273143106077107,2880
electra-base,dbpedia-entity,raw,0.27,0.43699825479930193,0.6240470485732956,2865
electra-base,dbpedia-entity,raw,0.28,0.43688639551192143,0.6212154214768024,2852
electra-base,dbpedia-entity,raw,0.29000000000000004,0.4364660330869412,0.6188194293182313,2841
electra-base,dbpedia-entity,raw,0.3,0.43564356435643564,0.6159878022217382,2828
electra-base,dbpedia-entity,raw,0.31,0.43617021276595747,0.6142452624700501,2820
electra-base,dbpedia-entity,raw,0.32,0.43603411513859275,0.612938357656284,2814
electra-base,dbpedia-entity,raw,0.33,0.43585174625801854,0.611195817904596,2806
electra-base,dbpedia-entity,raw,0.34,0.4355126831011075,0.6096710956218688,2799
electra-base,dbpedia-entity,raw,0.35000000000000003,0.43564001434205807,0.6074929209322588,2789
electra-base,dbpedia-entity,raw,0.36000000000000004,0.435501257635645,0.6061860161184927,2783
electra-base,dbpedia-entity,raw,0.37,0.4359251259899208,0.6050969287736877,2778
electra-base,dbpedia-entity,raw,0.38,0.43610108303249095,0.6033543890219996,2770
electra-base,dbpedia-entity,raw,0.39,0.4356936416184971,0.6029187540840776,2768
electra-base,dbpedia-entity,raw,0.4,0.4359623733719247,0.6020474842082335,2764
electra-base,dbpedia-entity,raw,0.41000000000000003,0.435934664246824,0.6000871269875844,2755
electra-base,dbpedia-entity,raw,0.42000000000000004,0.43506729719898146,0.5987802221738183,2749
electra-base,dbpedia-entity,raw,0.43,0.43633710324699015,0.5970376824221303,2741
electra-base,dbpedia-entity,raw,0.44,0.4368151935719503,0.5963842300152472,2738
electra-base,dbpedia-entity,raw,0.45,0.43656307129798905,0.5957307776083642,2735
electra-base,dbpedia-entity,raw,0.46,0.43663003663003663,0.5946416902635592,2730
electra-base,dbpedia-entity,raw,0.47000000000000003,0.4363302752293578,0.5935526029187541,2725
electra-base,dbpedia-entity,raw,0.48000000000000004,0.4360764144011756,0.592899150511871,2722
electra-base,dbpedia-entity,raw,0.49,0.4361897756528135,0.5922456981049881,2719
electra-base,dbpedia-entity,raw,0.5,0.4363033873343152,0.591592245698105,2716
electra-base,dbpedia-entity,raw,0.51,0.43662490788504055,0.591156610760183,2714
electra-base,dbpedia-entity,raw,0.52,0.4363233665559247,0.5900675234153779,2709
electra-base,dbpedia-entity,raw,0.53,0.43692193858675543,0.5887606186016119,2703
electra-base,dbpedia-entity,raw,0.54,0.4371523915461624,0.5874537137878458,2697
electra-base,dbpedia-entity,raw,0.55,0.43668770887486075,0.5865824439120018,2693
electra-base,dbpedia-entity,raw,0.56,0.4367559523809524,0.5854933565671967,2688
electra-base,dbpedia-entity,raw,0.5700000000000001,0.4366616989567809,0.5846220866913526,2684
electra-base,dbpedia-entity,raw,0.5800000000000001,0.43651979088872295,0.5833151818775866,2678
electra-base,dbpedia-entity,raw,0.59,0.43642483171278984,0.5824439120017425,2674
electra-base,dbpedia-entity,raw,0.6,0.4370786516853933,0.5815726421258985,2670
electra-base,dbpedia-entity,raw,0.61,0.4380630630630631,0.5802657373121324,2664
electra-base,dbpedia-entity,raw,0.62,0.43834586466165415,0.5793944674362884,2660
electra-base,dbpedia-entity,raw,0.63,0.4372408594044478,0.5778697451535613,2653
electra-base,dbpedia-entity,raw,0.64,0.4369556985990155,0.5752559355260292,2641
electra-base,dbpedia-entity,raw,0.65,0.4362875618105744,0.5726421258984971,2629
electra-base,dbpedia-entity,raw,0.66,0.4360442917143948,0.5704639512088869,2619
electra-base,dbpedia-entity,raw,0.67,0.43704554152315345,0.5691570463951209,2613
electra-base,dbpedia-entity,raw,0.68,0.43740399385560674,0.5671966891744717,2604
electra-base,dbpedia-entity,raw,0.6900000000000001,0.43721109399075503,0.5654541494227837,2596
electra-base,dbpedia-entity,raw,0.7000000000000001,0.43653250773993807,0.5628403397952516,2584
electra-base,dbpedia-entity,raw,0.7100000000000001,0.43662519440124414,0.5602265301677195,2572
electra-base,dbpedia-entity,raw,0.72,0.43684004692999606,0.5569592681333043,2557
electra-base,dbpedia-entity,raw,0.73,0.4381139489194499,0.5543454585057722,2545
electra-base,dbpedia-entity,raw,0.74,0.43843725335438044,0.5519494663472011,2534
electra-base,dbpedia-entity,raw,0.75,0.4407319013524264,0.5475931169679809,2514
electra-base,dbpedia-entity,raw,0.76,0.4412354592860008,0.5430189501197996,2493
electra-base,dbpedia-entity,raw,0.77,0.4419733117670845,0.5386626007405794,2473
electra-base,dbpedia-entity,raw,0.78,0.4401307723743359,0.5329993465475931,2447
electra-base,dbpedia-entity,raw,0.79,0.43981863149216816,0.5284251796994119,2426
electra-base,dbpedia-entity,raw,0.8,0.4426229508196721,0.5181877586582444,2379
electra-base,dbpedia-entity,raw,0.81,0.4416524701873935,0.511435417120453,2348
electra-base,dbpedia-entity,raw,0.8200000000000001,0.44142980189491815,0.5057721629274667,2322
electra-base,dbpedia-entity,raw,0.8300000000000001,0.4417069951605807,0.4950991069483773,2273
electra-base,dbpedia-entity,raw,0.8400000000000001,0.4415992812219227,0.48486168590720974,2226
electra-base,dbpedia-entity,raw,0.85,0.4424047728315741,0.47462426486604226,2179
electra-base,dbpedia-entity,raw,0.86,0.4461319411485524,0.45894140710084946,2107
electra-base,dbpedia-entity,raw,0.87,0.4506353861192571,0.44565454149422784,2046
electra-base,dbpedia-entity,raw,0.88,0.4532447623914154,0.4262687867566979,1957
electra-base,dbpedia-entity,raw,0.89,0.46008629989212513,0.4038335874537138,1854
electra-base,dbpedia-entity,raw,0.9,0.4619718309859155,0.38662600740579395,1775
electra-base,dbpedia-entity,raw,0.91,0.4700181708055724,0.3596166412546286,1651
electra-base,dbpedia-entity,raw,0.92,0.4773635153129161,0.327161838379438,1502
electra-base,dbpedia-entity,raw,0.93,0.48368382886149386,0.3003702896972337,1379
electra-base,dbpedia-entity,raw,0.9400000000000001,0.49437299035369775,0.2709649313874973,1244
electra-base,dbpedia-entity,raw,0.9500000000000001,0.49579045837231056,0.2328468743193204,1069
electra-base,dbpedia-entity,raw,0.9600000000000001,0.5146396396396397,0.19342191243737747,888
electra-base,dbpedia-entity,raw,0.97,0.5329428989751098,0.1487693313003703,683
electra-base,dbpedia-entity,raw,0.98,0.5474137931034483,0.10106730559790895,464
electra-base,dbpedia-entity,raw,0.99,0.5919540229885057,0.03790023959921586,174
electra-base,dbpedia-entity,temp,0.01,0.34698322805489,1.0,4591
electra-base,dbpedia-entity,temp,0.02,0.34698322805489,1.0,4591
electra-base,dbpedia-entity,temp,0.03,0.34698322805489,1.0,4591
electra-base,dbpedia-entity,temp,0.04,0.34698322805489,1.0,4591
electra-base,dbpedia-entity,temp,0.05,0.34698322805489,1.0,4591
electra-base,dbpedia-entity,temp,0.060000000000000005,0.34698322805489,1.0,4591
electra-base,dbpedia-entity,temp,0.06999999999999999,0.34698322805489,1.0,4591
electra-base,dbpedia-entity,temp,0.08,0.34698322805489,1.0,4591
electra-base,dbpedia-entity,temp,0.09,0.34698322805489,1.0,4591
electra-base,dbpedia-entity,temp,0.09999999999999999,0.34698322805489,1.0,4591
electra-base,dbpedia-entity,temp,0.11,0.34698322805489,1.0,4591
electra-base,dbpedia-entity,temp,0.12,0.34698322805489,1.0,4591
electra-base,dbpedia-entity,temp,0.13,0.34698322805489,1.0,4591
electra-base,dbpedia-entity,temp,0.14,0.34698322805489,1.0,4591
electra-base,dbpedia-entity,temp,0.15000000000000002,0.34698322805489,1.0,4591
electra-base,dbpedia-entity,temp,0.16,0.34698322805489,1.0,4591
electra-base,dbpedia-entity,temp,0.17,0.34698322805489,1.0,4591
electra-base,dbpedia-entity,temp,0.18000000000000002,0.34698322805489,1.0,4591
electra-base,dbpedia-entity,temp,0.19,0.34698322805489,1.0,4591
electra-base,dbpedia-entity,temp,0.2,0.3470678003052104,0.9991287301241559,4587
electra-base,dbpedia-entity,temp,0.21000000000000002,0.3471434801569996,0.9989109126551949,4586
electra-base,dbpedia-entity,temp,0.22,0.34746503496503495,0.9967327379655848,4576
electra-base,dbpedia-entity,temp,0.23,0.34808324205914565,0.9943367458070137,4565
electra-base,dbpedia-entity,temp,0.24000000000000002,0.34885764499121263,0.9915051187105206,4552
electra-base,dbpedia-entity,temp,0.25,0.3490877115849637,0.9908516663036375,4549
electra-base,dbpedia-entity,temp,0.26,0.3500220555800618,0.9875844042692223,4534
electra-base,dbpedia-entity,temp,0.27,0.3509626023456517,0.9843171422348073,4519
electra-base,dbpedia-entity,temp,0.28,0.35260115606936415,0.979742975386626,4498
electra-base,dbpedia-entity,temp,0.29000000000000004,0.35474485228290065,0.9732084513177957,4468
electra-base,dbpedia-entity,temp,0.3,0.3576428087604425,0.9647135700283163,4429
electra-base,dbpedia-entity,temp,0.31,0.3598907352606419,0.9568721411457198,4393
electra-base,dbpedia-entity,temp,0.32,0.3630705394190871,0.9448921803528643,4338
electra-base,dbpedia-entity,temp,0.33,0.36736127370639193,0.9302984099324766,4271
electra-base,dbpedia-entity,temp,0.34,0.3700618752974774,0.9152690045741668,4202
electra-base,dbpedia-entity,temp,0.35000000000000003,0.37424498671176615,0.9015465040296232,4139
electra-base,dbpedia-entity,temp,0.36000000000000004,0.38031651829871416,0.8808538444783272,4044
electra-base,dbpedia-entity,temp,0.37,0.3877447241291635,0.856676105423655,3933
electra-base,dbpedia-entity,temp,0.38,0.39412227761742324,0.8301023742104117,3811
electra-base,dbpedia-entity,temp,0.39,0.40129799891833423,0.8054890002178174,3698
electra-base,dbpedia-entity,temp,0.4,0.40875912408759124,0.77586582443912,3562
electra-base,dbpedia-entity,temp,0.41000000000000003,0.41635036496350364,0.7460248311914616,3425
electra-base,dbpedia-entity,temp,0.42000000000000004,0.42303030303030303,0.7187976475713352,3300
electra-base,dbpedia-entity,temp,0.43,0.42920353982300885,0.6891744717926378,3164
electra-base,dbpedia-entity,temp,0.44,0.43148880105401843,0.6612938357656284,3036
electra-base,dbpedia-entity,temp,0.45,0.43487109905020355,0.6421258984970595,2948
electra-base,dbpedia-entity,temp,0.46,0.4362880886426593,0.6290568503593988,2888
electra-base,dbpedia-entity,temp,0.47000000000000003,0.43626062322946174,0.6151165323458941,2824
electra-base,dbpedia-entity,temp,0.48000000000000004,0.4359251259899208,0.6050969287736877,2778
electra-base,dbpedia-entity,temp,0.49,0.4364963503649635,0.5968198649531693,2740
electra-base,dbpedia-entity,temp,0.5,0.4363033873343152,0.591592245698105,2716
electra-base,dbpedia-entity,temp,0.51,0.4366616989567809,0.5846220866913526,2684
electra-base,dbpedia-entity,temp,0.52,0.43672081601813373,0.5765628403397952,2647
electra-base,dbpedia-entity,temp,0.53,0.43689695098417597,0.5643650620779787,2591
electra-base,dbpedia-entity,temp,0.54,0.4405566600397614,0.5478109344369418,2515
electra-base,dbpedia-entity,temp,0.55,0.44271926143516577,0.5190590285340885,2383
electra-base,dbpedia-entity,temp,0.56,0.4414535666218035,0.48551513831409276,2229
electra-base,dbpedia-entity,temp,0.5700000000000001,0.45351137487636006,0.4404269222391636,2022
electra-base,dbpedia-entity,temp,0.5800000000000001,0.4625,0.38335874537137876,1760
electra-base,dbpedia-entity,temp,0.59,0.4790665751544269,0.3173600522761926,1457
electra-base,dbpedia-entity,temp,0.6,0.4946938775510204,0.2668263994772381,1225
electra-base,dbpedia-entity,temp,0.61,0.5040650406504065,0.2143323894576345,984
electra-base,dbpedia-entity,temp,0.62,0.5270805812417437,0.1648878240034851,757
electra-base,dbpedia-entity,temp,0.63,0.5409556313993175,0.12764103681115224,586
electra-base,dbpedia-entity,temp,0.64,0.5409090909090909,0.09583968634284469,440
electra-base,dbpedia-entity,temp,0.65,0.5858585858585859,0.06469178828142017,297
electra-base,dbpedia-entity,temp,0.66,0.5792079207920792,0.043999128730124154,202
electra-base,dbpedia-entity,temp,0.67,0.6049382716049383,0.017643214985841864,81
electra-base,dbpedia-entity,temp,0.68,,0.0,0
electra-base,dbpedia-entity,temp,0.6900000000000001,,0.0,0
electra-base,dbpedia-entity,temp,0.7000000000000001,,0.0,0
electra-base,dbpedia-entity,temp,0.7100000000000001,,0.0,0
electra-base,dbpedia-entity,temp,0.72,,0.0,0
electra-base,dbpedia-entity,temp,0.73,,0.0,0
electra-base,dbpedia-entity,temp,0.74,,0.0,0
electra-base,dbpedia-entity,temp,0.75,,0.0,0
electra-base,dbpedia-entity,temp,0.76,,0.0,0
electra-base,dbpedia-entity,temp,0.77,,0.0,0
electra-base,dbpedia-entity,temp,0.78,,0.0,0
electra-base,dbpedia-entity,temp,0.79,,0.0,0
electra-base,dbpedia-entity,temp,0.8,,0.0,0
electra-base,dbpedia-entity,temp,0.81,,0.0,0
electra-base,dbpedia-entity,temp,0.8200000000000001,,0.0,0
electra-base,dbpedia-entity,temp,0.8300000000000001,,0.0,0
electra-base,dbpedia-entity,temp,0.8400000000000001,,0.0,0
electra-base,dbpedia-entity,temp,0.85,,0.0,0
electra-base,dbpedia-entity,temp,0.86,,0.0,0
electra-base,dbpedia-entity,temp,0.87,,0.0,0
electra-base,dbpedia-entity,temp,0.88,,0.0,0
electra-base,dbpedia-entity,temp,0.89,,0.0,0
electra-base,dbpedia-entity,temp,0.9,,0.0,0
electra-base,dbpedia-entity,temp,0.91,,0.0,0
electra-base,dbpedia-entity,temp,0.92,,0.0,0
electra-base,dbpedia-entity,temp,0.93,,0.0,0
electra-base,dbpedia-entity,temp,0.9400000000000001,,0.0,0
electra-base,dbpedia-entity,temp,0.9500000000000001,,0.0,0
electra-base,dbpedia-entity,temp,0.9600000000000001,,0.0,0
electra-base,dbpedia-entity,temp,0.97,,0.0,0
electra-base,dbpedia-entity,temp,0.98,,0.0,0
electra-base,dbpedia-entity,temp,0.99,,0.0,0
electra-base,dbpedia-entity,platt,0.01,0.34698322805489,1.0,4591
electra-base,dbpedia-entity,platt,0.02,0.34698322805489,1.0,4591
electra-base,dbpedia-entity,platt,0.03,0.34698322805489,1.0,4591
electra-base,dbpedia-entity,platt,0.04,0.34698322805489,1.0,4591
electra-base,dbpedia-entity,platt,0.05,0.34698322805489,1.0,4591
electra-base,dbpedia-entity,platt,0.060000000000000005,0.34698322805489,1.0,4591
electra-base,dbpedia-entity,platt,0.06999999999999999,0.34705882352941175,0.999782182531039,4590
electra-base,dbpedia-entity,platt,0.08,0.34721919302071974,0.998693095186234,4585
electra-base,dbpedia-entity,platt,0.09,0.34808324205914565,0.9943367458070137,4565
electra-base,dbpedia-entity,platt,0.09999999999999999,0.3489343001538123,0.9912873012415596,4551
electra-base,dbpedia-entity,platt,0.11,0.350253807106599,0.9869309518623394,4531
electra-base,dbpedia-entity,platt,0.12,0.3519751442521083,0.9814855151383141,4506
electra-base,dbpedia-entity,platt,0.13,0.35498320268757,0.9725549989109127,4465
electra-base,dbpedia-entity,platt,0.14,0.35887553842666065,0.9607928555870181,4411
electra-base,dbpedia-entity,platt,0.15000000000000002,0.36267524706963916,0.9477238074493575,4351
electra-base,dbpedia-entity,platt,0.16,0.3673851921274602,0.9296449575255935,4268
electra-base,dbpedia-entity,platt,0.17,0.3712918660287081,0.9104770202570246,4180
electra-base,dbpedia-entity,platt,0.18000000000000002,0.3769249572231728,0.8910912655194947,4091
electra-base,dbpedia-entity,platt,0.19,0.38457673951268523,0.8671313439337834,3981
electra-base,dbpedia-entity,platt,0.2,0.3930530164533821,0.8340230886517098,3829
electra-base,dbpedia-entity,platt,0.21000000000000002,0.4007561436672968,0.8065780875626225,3703
electra-base,dbpedia-entity,platt,0.22,0.40898876404494383,0.775430189501198,3560
electra-base,dbpedia-entity,platt,0.23,0.41705744431418523,0.7431932040949684,3412
electra-base,dbpedia-entity,platt,0.24000000000000002,0.4238733252131547,0.7153125680679591,3284
electra-base,dbpedia-entity,platt,0.25,0.4303435114503817,0.6848181224134176,3144
electra-base,dbpedia-entity,platt,0.26,0.4317355371900826,0.6588978436070573,3025
electra-base,dbpedia-entity,platt,0.27,0.43518203470568223,0.6401655412764103,2939
electra-base,dbpedia-entity,platt,0.28,0.4363951473136915,0.6284033979525158,2885
electra-base,dbpedia-entity,platt,0.29000000000000004,0.43626062322946174,0.6151165323458941,2824
electra-base,dbpedia-entity,platt,0.3,0.43581445523193096,0.6057503811805707,2781
electra-base,dbpedia-entity,platt,0.31,0.43506729719898146,0.5987802221738183,2749
electra-base,dbpedia-entity,platt,0.32,0.4360764144011756,0.592899150511871,2722
electra-base,dbpedia-entity,platt,0.33,0.4371523915461624,0.5874537137878458,2697
electra-base,dbpedia-entity,platt,0.34,0.43691501310370645,0.5817904595948595,2671
electra-base,dbpedia-entity,platt,0.35000000000000003,0.4362875618105744,0.5726421258984971,2629
electra-base,dbpedia-entity,platt,0.36000000000000004,0.4367015098722416,0.5626225223262906,2583
electra-base,dbpedia-entity,platt,0.37,0.4399524375743163,0.5495534741886299,2523
electra-base,dbpedia-entity,platt,0.38,0.44042728019720623,0.5301677194511,2434
electra-base,dbpedia-entity,platt,0.39,0.44190064794816414,0.5042474406447397,2315
electra-base,dbpedia-entity,platt,0.4,0.4431608133086876,0.47135700283162707,2164
electra-base,dbpedia-entity,platt,0.41000000000000003,0.45229681978798586,0.43149640601176215,1981
electra-base,dbpedia-entity,platt,0.42000000000000004,0.46192609182530797,0.38902199956436506,1786
electra-base,dbpedia-entity,platt,0.43,0.4755784061696658,0.3389239817033326,1556
electra-base,dbpedia-entity,platt,0.44,0.4871039056742815,0.2955783053800915,1357
electra-base,dbpedia-entity,platt,0.45,0.4945054945054945,0.25767806578087565,1183
electra-base,dbpedia-entity,platt,0.46,0.5039920159680639,0.21825310389893268,1002
electra-base,dbpedia-entity,platt,0.47000000000000003,0.5172004744958482,0.183620126334132,843
electra-base,dbpedia-entity,platt,0.48000000000000004,0.5317919075144508,0.1507296885210194,692
electra-base,dbpedia-entity,platt,0.49,0.5416666666666666,0.12546286212154215,576
electra-base,dbpedia-entity,platt,0.5,0.5506329113924051,0.10324548028751906,474
electra-base,dbpedia-entity,platt,0.51,0.559228650137741,0.07906774123284688,363
electra-base,dbpedia-entity,platt,0.52,0.5901060070671378,0.06164234371596602,283
electra-base,dbpedia-entity,platt,0.53,0.589622641509434,0.046177303419734264,212
electra-base,dbpedia-entity,platt,0.54,0.6030534351145038,0.028534088433892397,131
electra-base,dbpedia-entity,platt,0.55,0.5333333333333333,0.00980178610324548,45
electra-base,dbpedia-entity,platt,0.56,,0.0,0
electra-base,dbpedia-entity,platt,0.5700000000000001,,0.0,0
electra-base,dbpedia-entity,platt,0.5800000000000001,,0.0,0
electra-base,dbpedia-entity,platt,0.59,,0.0,0
electra-base,dbpedia-entity,platt,0.6,,0.0,0
electra-base,dbpedia-entity,platt,0.61,,0.0,0
electra-base,dbpedia-entity,platt,0.62,,0.0,0
electra-base,dbpedia-entity,platt,0.63,,0.0,0
electra-base,dbpedia-entity,platt,0.64,,0.0,0
electra-base,dbpedia-entity,platt,0.65,,0.0,0
electra-base,dbpedia-entity,platt,0.66,,0.0,0
electra-base,dbpedia-entity,platt,0.67,,0.0,0
electra-base,dbpedia-entity,platt,0.68,,0.0,0
electra-base,dbpedia-entity,platt,0.6900000000000001,,0.0,0
electra-base,dbpedia-entity,platt,0.7000000000000001,,0.0,0
electra-base,dbpedia-entity,platt,0.7100000000000001,,0.0,0
electra-base,dbpedia-entity,platt,0.72,,0.0,0
electra-base,dbpedia-entity,platt,0.73,,0.0,0
electra-base,dbpedia-entity,platt,0.74,,0.0,0
electra-base,dbpedia-entity,platt,0.75,,0.0,0
electra-base,dbpedia-entity,platt,0.76,,0.0,0
electra-base,dbpedia-entity,platt,0.77,,0.0,0
electra-base,dbpedia-entity,platt,0.78,,0.0,0
electra-base,dbpedia-entity,platt,0.79,,0.0,0
electra-base,dbpedia-entity,platt,0.8,,0.0,0
electra-base,dbpedia-entity,platt,0.81,,0.0,0
electra-base,dbpedia-entity,platt,0.8200000000000001,,0.0,0
electra-base,dbpedia-entity,platt,0.8300000000000001,,0.0,0
electra-base,dbpedia-entity,platt,0.8400000000000001,,0.0,0
electra-base,dbpedia-entity,platt,0.85,,0.0,0
electra-base,dbpedia-entity,platt,0.86,,0.0,0
electra-base,dbpedia-entity,platt,0.87,,0.0,0
electra-base,dbpedia-entity,platt,0.88,,0.0,0
electra-base,dbpedia-entity,platt,0.89,,0.0,0
electra-base,dbpedia-entity,platt,0.9,,0.0,0
electra-base,dbpedia-entity,platt,0.91,,0.0,0
electra-base,dbpedia-entity,platt,0.92,,0.0,0
electra-base,dbpedia-entity,platt,0.93,,0.0,0
electra-base,dbpedia-entity,platt,0.9400000000000001,,0.0,0
electra-base,dbpedia-entity,platt,0.9500000000000001,,0.0,0
electra-base,dbpedia-entity,platt,0.9600000000000001,,0.0,0
electra-base,dbpedia-entity,platt,0.97,,0.0,0
electra-base,dbpedia-entity,platt,0.98,,0.0,0
electra-base,dbpedia-entity,platt,0.99,,0.0,0
electra-base,dbpedia-entity,iso,0.01,0.34698322805489,1.0,4591
electra-base,dbpedia-entity,iso,0.02,0.34698322805489,1.0,4591
electra-base,dbpedia-entity,iso,0.03,0.34931808183018037,0.9901982138967546,4546
electra-base,dbpedia-entity,iso,0.04,0.34931808183018037,0.9901982138967546,4546
electra-base,dbpedia-entity,iso,0.05,0.34931808183018037,0.9901982138967546,4546
electra-base,dbpedia-entity,iso,0.060000000000000005,0.34931808183018037,0.9901982138967546,4546
electra-base,dbpedia-entity,iso,0.06999999999999999,0.34931808183018037,0.9901982138967546,4546
electra-base,dbpedia-entity,iso,0.08,0.3507297655904467,0.9849705946416902,4522
electra-base,dbpedia-entity,iso,0.09,0.3507297655904467,0.9849705946416902,4522
electra-base,dbpedia-entity,iso,0.09999999999999999,0.3507297655904467,0.9849705946416902,4522
electra-base,dbpedia-entity,iso,0.11,0.3507297655904467,0.9849705946416902,4522
electra-base,dbpedia-entity,iso,0.12,0.3507297655904467,0.9849705946416902,4522
electra-base,dbpedia-entity,iso,0.13,0.3630089717046239,0.9468525375735134,4347
electra-base,dbpedia-entity,iso,0.14,0.38913099205331964,0.8497059464169027,3901
electra-base,dbpedia-entity,iso,0.15000000000000002,0.38913099205331964,0.8497059464169027,3901
electra-base,dbpedia-entity,iso,0.16,0.38913099205331964,0.8497059464169027,3901
electra-base,dbpedia-entity,iso,0.17,0.38913099205331964,0.8497059464169027,3901
electra-base,dbpedia-entity,iso,0.18000000000000002,0.38913099205331964,0.8497059464169027,3901
electra-base,dbpedia-entity,iso,0.19,0.3892307692307692,0.8494881289479417,3900
electra-base,dbpedia-entity,iso,0.2,0.3892307692307692,0.8494881289479417,3900
electra-base,dbpedia-entity,iso,0.21000000000000002,0.4006479481641469,0.8067959050315835,3704
electra-base,dbpedia-entity,iso,0.22,0.4006479481641469,0.8067959050315835,3704
electra-base,dbpedia-entity,iso,0.23,0.4006479481641469,0.8067959050315835,3704
electra-base,dbpedia-entity,iso,0.24000000000000002,0.40294438386041437,0.7989544761489872,3668
electra-base,dbpedia-entity,iso,0.25,0.4066390041493776,0.7874101502940536,3615
electra-base,dbpedia-entity,iso,0.26,0.40755136035535816,0.7845785231975605,3602
electra-base,dbpedia-entity,iso,0.27,0.42413162705667273,0.7148769331300371,3282
electra-base,dbpedia-entity,iso,0.28,0.434533826994278,0.6471357002831627,2971
electra-base,dbpedia-entity,iso,0.29000000000000004,0.434533826994278,0.6471357002831627,2971
electra-base,dbpedia-entity,iso,0.3,0.43468013468013467,0.6469178828142017,2970
electra-base,dbpedia-entity,iso,0.31,0.43468013468013467,0.6469178828142017,2970
electra-base,dbpedia-entity,iso,0.32,0.43482654092286965,0.6467000653452407,2969
electra-base,dbpedia-entity,iso,0.33,0.43482654092286965,0.6467000653452407,2969
electra-base,dbpedia-entity,iso,0.34,0.43482654092286965,0.6467000653452407,2969
electra-base,dbpedia-entity,iso,0.35000000000000003,0.43482654092286965,0.6467000653452407,2969
electra-base,dbpedia-entity,iso,0.36000000000000004,0.43553404770134807,0.6301459377042039,2893
electra-base,dbpedia-entity,iso,0.37,0.43553404770134807,0.6301459377042039,2893
electra-base,dbpedia-entity,iso,0.38,0.46508944027697635,0.37747767370943147,1733
electra-base,dbpedia-entity,iso,0.39,0.4727157360406091,0.34328033108255285,1576
electra-base,dbpedia-entity,iso,0.4,0.4723458359821996,0.34262687867566977,1573
electra-base,dbpedia-entity,iso,0.41000000000000003,0.5126436781609195,0.18950119799607928,870
electra-base,dbpedia-entity,iso,0.42000000000000004,0.5126436781609195,0.18950119799607928,870
electra-base,dbpedia-entity,iso,0.43,0.5126436781609195,0.18950119799607928,870
electra-base,dbpedia-entity,iso,0.44,0.5126436781609195,0.18950119799607928,870
electra-base,dbpedia-entity,iso,0.45,0.5126436781609195,0.18950119799607928,870
electra-base,dbpedia-entity,iso,0.46,0.5126436781609195,0.18950119799607928,870
electra-base,dbpedia-entity,iso,0.47000000000000003,0.5315568022440392,0.1553038553692006,713
electra-base,dbpedia-entity,iso,0.48000000000000004,0.5315568022440392,0.1553038553692006,713
electra-base,dbpedia-entity,iso,0.49,0.5315568022440392,0.1553038553692006,713
electra-base,dbpedia-entity,iso,0.5,0.5315568022440392,0.1553038553692006,713
electra-base,dbpedia-entity,iso,0.51,0.5437062937062938,0.1245915922456981,572
electra-base,dbpedia-entity,iso,0.52,0.5437062937062938,0.1245915922456981,572
electra-base,dbpedia-entity,iso,0.53,0.5437062937062938,0.1245915922456981,572
electra-base,dbpedia-entity,iso,0.54,0.5849673202614379,0.06665214550206927,306
electra-base,dbpedia-entity,iso,0.55,0.5836065573770491,0.06643432803310825,305
electra-base,dbpedia-entity,iso,0.56,0.5877192982456141,0.04966238292311043,228
electra-base,dbpedia-entity,iso,0.5700000000000001,0.5877192982456141,0.04966238292311043,228
electra-base,dbpedia-entity,iso,0.5800000000000001,0.5903083700440529,0.04944456545414942,227
electra-base,dbpedia-entity,iso,0.59,0.5894736842105263,0.04138531910259203,190
electra-base,dbpedia-entity,iso,0.6,0.5894736842105263,0.04138531910259203,190
electra-base,dbpedia-entity,iso,0.61,0.5894736842105263,0.04138531910259203,190
electra-base,dbpedia-entity,iso,0.62,0.5894736842105263,0.04138531910259203,190
electra-base,dbpedia-entity,iso,0.63,,0.004574166848181224,21
electra-base,dbpedia-entity,iso,0.64,,0.004574166848181224,21
electra-base,dbpedia-entity,iso,0.65,,0.004574166848181224,21
electra-base,dbpedia-entity,iso,0.66,,0.004574166848181224,21
electra-base,dbpedia-entity,iso,0.67,,0.004574166848181224,21
electra-base,dbpedia-entity,iso,0.68,,0.004574166848181224,21
electra-base,dbpedia-entity,iso,0.6900000000000001,,0.004574166848181224,21
electra-base,dbpedia-entity,iso,0.7000000000000001,,0.004574166848181224,21
electra-base,dbpedia-entity,iso,0.7100000000000001,,0.004574166848181224,21
electra-base,dbpedia-entity,iso,0.72,,0.004574166848181224,21
electra-base,dbpedia-entity,iso,0.73,,0.004574166848181224,21
electra-base,dbpedia-entity,iso,0.74,,0.004574166848181224,21
electra-base,dbpedia-entity,iso,0.75,,0.004574166848181224,21
electra-base,dbpedia-entity,iso,0.76,,0.004574166848181224,21
electra-base,dbpedia-entity,iso,0.77,,0.004574166848181224,21
electra-base,dbpedia-entity,iso,0.78,,0.004574166848181224,21
electra-base,dbpedia-entity,iso,0.79,,0.004574166848181224,21
electra-base,dbpedia-entity,iso,0.8,,0.004574166848181224,21
electra-base,dbpedia-entity,iso,0.81,,0.00326726203441516,15
electra-base,dbpedia-entity,iso,0.8200000000000001,,0.0030494445654541493,14
electra-base,dbpedia-entity,iso,0.8300000000000001,,0.0030494445654541493,14
electra-base,dbpedia-entity,iso,0.8400000000000001,,0.0021781746896101066,10
electra-base,dbpedia-entity,iso,0.85,,0.0021781746896101066,10
electra-base,dbpedia-entity,iso,0.86,,0.001960357220649096,9
electra-base,dbpedia-entity,iso,0.87,,0.001960357220649096,9
electra-base,dbpedia-entity,iso,0.88,,0.001960357220649096,9
electra-base,dbpedia-entity,iso,0.89,,0.001960357220649096,9
electra-base,dbpedia-entity,iso,0.9,,0.001960357220649096,9
electra-base,dbpedia-entity,iso,0.91,,0.001960357220649096,9
electra-base,dbpedia-entity,iso,0.92,,0.001960357220649096,9
electra-base,dbpedia-entity,iso,0.93,,0.001960357220649096,9
electra-base,dbpedia-entity,iso,0.9400000000000001,,0.001960357220649096,9
electra-base,dbpedia-entity,iso,0.9500000000000001,,0.001960357220649096,9
electra-base,dbpedia-entity,iso,0.9600000000000001,,0.001960357220649096,9
electra-base,dbpedia-entity,iso,0.97,,0.0017425397516880855,8
electra-base,dbpedia-entity,iso,0.98,,0.0017425397516880855,8
electra-base,dbpedia-entity,iso,0.99,,0.0017425397516880855,8
electra-base,dbpedia-entity,temp_lodo,0.01,0.34698322805489,1.0,4591
electra-base,dbpedia-entity,temp_lodo,0.02,0.34698322805489,1.0,4591
electra-base,dbpedia-entity,temp_lodo,0.03,0.34698322805489,1.0,4591
electra-base,dbpedia-entity,temp_lodo,0.04,0.34698322805489,1.0,4591
electra-base,dbpedia-entity,temp_lodo,0.05,0.34698322805489,1.0,4591
electra-base,dbpedia-entity,temp_lodo,0.060000000000000005,0.34698322805489,1.0,4591
electra-base,dbpedia-entity,temp_lodo,0.06999999999999999,0.34698322805489,1.0,4591
electra-base,dbpedia-entity,temp_lodo,0.08,0.34698322805489,1.0,4591
electra-base,dbpedia-entity,temp_lodo,0.09,0.34705882352941175,0.999782182531039,4590
electra-base,dbpedia-entity,temp_lodo,0.09999999999999999,0.3471434801569996,0.9989109126551949,4586
electra-base,dbpedia-entity,temp_lodo,0.11,0.3470767888307155,0.998475277717273,4584
electra-base,dbpedia-entity,temp_lodo,0.12,0.3480735551663748,0.9949901982138968,4568
electra-base,dbpedia-entity,temp_lodo,0.13,0.34839842035980695,0.9928120235242867,4558
electra-base,dbpedia-entity,temp_lodo,0.14,0.3489343001538123,0.9912873012415596,4551
electra-base,dbpedia-entity,temp_lodo,0.15000000000000002,0.34931808183018037,0.9901982138967546,4546
electra-base,dbpedia-entity,temp_lodo,0.16,0.3504084786928682,0.9864953169244174,4529
electra-base,dbpedia-entity,temp_lodo,0.17,0.3511957484499557,0.9836636898279242,4516
electra-base,dbpedia-entity,temp_lodo,0.18000000000000002,0.3526140155728587,0.9790895229797429,4495
electra-base,dbpedia-entity,temp_lodo,0.19,0.354586129753915,0.9736440862557177,4470
electra-base,dbpedia-entity,temp_lodo,0.2,0.356981981981982,0.9671095621868874,4440
electra-base,dbpedia-entity,temp_lodo,0.21000000000000002,0.3591197822141561,0.960139403180135,4408
electra-base,dbpedia-entity,temp_lodo,0.22,0.3609142857142857,0.9529514267044217,4375
electra-base,dbpedia-entity,temp_lodo,0.23,0.3636573539598245,0.9433674580701372,4331
electra-base,dbpedia-entity,temp_lodo,0.24000000000000002,0.36656549147793605,0.9329122195600087,4283
electra-base,dbpedia-entity,temp_lodo,0.25,0.3687071614275585,0.9215857111740362,4231
electra-base,dbpedia-entity,temp_lodo,0.26,0.3714696026807085,0.9100413853191026,4178
electra-base,dbpedia-entity,temp_lodo,0.27,0.3742746615087041,0.9008930516227401,4136
electra-base,dbpedia-entity,temp_lodo,0.28,0.379123584441162,0.8847745589196253,4062
electra-base,dbpedia-entity,temp_lodo,0.29000000000000004,0.38315421144713824,0.8714876933130037,4001
electra-base,dbpedia-entity,temp_lodo,0.3,0.38805208067398517,0.8531910259202788,3917
electra-base,dbpedia-entity,temp_lodo,0.31,0.3928944618599791,0.8338052711827488,3828
electra-base,dbpedia-entity,temp_lodo,0.32,0.39749400159957343,0.817033326072751,3751
electra-base,dbpedia-entity,temp_lodo,0.33,0.40310288513881326,0.8002613809627532,3674
electra-base,dbpedia-entity,temp_lodo,0.34,0.4073558094176651,0.7817468961010673,3589
electra-base,dbpedia-entity,temp_lodo,0.35000000000000003,0.41263940520446096,0.7617076889566543,3497
electra-base,dbpedia-entity,temp_lodo,0.36000000000000004,0.4180376028202115,0.7414506643432803,3404
electra-base,dbpedia-entity,temp_lodo,0.37,0.42276422764227645,0.7233718144195165,3321
electra-base,dbpedia-entity,temp_lodo,0.38,0.42543995060203765,0.7055107819647136,3239
electra-base,dbpedia-entity,temp_lodo,0.39,0.43006993006993005,0.6852537573513395,3146
electra-base,dbpedia-entity,temp_lodo,0.4,0.4310907903331156,0.6669570899586147,3062
electra-base,dbpedia-entity,temp_lodo,0.41000000000000003,0.4319014319014319,0.654105859289915,3003
electra-base,dbpedia-entity,temp_lodo,0.42000000000000004,0.434826883910387,0.6416902635591375,2946
electra-base,dbpedia-entity,temp_lodo,0.43,0.4349621472814866,0.632977564800697,2906
electra-base,dbpedia-entity,temp_lodo,0.44,0.43697771587743733,0.6255717708560227,2872
electra-base,dbpedia-entity,temp_lodo,0.45,0.43564356435643564,0.6159878022217382,2828
electra-base,dbpedia-entity,temp_lodo,0.46,0.4356047092400999,0.6105423654977129,2803
electra-base,dbpedia-entity,temp_lodo,0.47000000000000003,0.435943702634428,0.6035722064909605,2771
electra-base,dbpedia-entity,temp_lodo,0.48000000000000004,0.43547800799709196,0.5992158571117404,2751
electra-base,dbpedia-entity,temp_lodo,0.49,0.43651664837175264,0.5952951426704421,2733
electra-base,dbpedia-entity,temp_lodo,0.5,0.4363033873343152,0.591592245698105,2716
electra-base,dbpedia-entity,temp_lodo,0.51,0.4371523915461624,0.5874537137878458,2697
electra-base,dbpedia-entity,temp_lodo,0.52,0.4366355140186916,0.5826617294707036,2675
electra-base,dbpedia-entity,temp_lodo,0.53,0.4377117049303726,0.5787410150294053,2657
electra-base,dbpedia-entity,temp_lodo,0.54,0.4360442917143948,0.5704639512088869,2619
electra-base,dbpedia-entity,temp_lodo,0.55,0.43653250773993807,0.5628403397952516,2584
electra-base,dbpedia-entity,temp_lodo,0.56,0.4385342789598109,0.5528207362230451,2538
electra-base,dbpedia-entity,temp_lodo,0.5700000000000001,0.44188861985472155,0.5397516880853844,2478
electra-base,dbpedia-entity,temp_lodo,0.5800000000000001,0.4425335570469799,0.5192768460030495,2384
electra-base,dbpedia-entity,temp_lodo,0.59,0.44193127446715963,0.5007623611413635,2299
electra-base,dbpedia-entity,temp_lodo,0.6,0.44175422567382366,0.4768024395556524,2189
electra-base,dbpedia-entity,temp_lodo,0.61,0.4501953125,0.4460901764321499,2048
electra-base,dbpedia-entity,temp_lodo,0.62,0.4579989299090423,0.40710084948812897,1869
electra-base,dbpedia-entity,temp_lodo,0.63,0.4674486803519062,0.3713787845785232,1705
electra-base,dbpedia-entity,temp_lodo,0.64,0.47644326476443266,0.3282509257242431,1507
electra-base,dbpedia-entity,temp_lodo,0.65,0.48622486969471335,0.29252886081463736,1343
electra-base,dbpedia-entity,temp_lodo,0.66,0.4941077441077441,0.25876715312568066,1188
electra-base,dbpedia-entity,temp_lodo,0.67,0.505859375,0.22304508821607494,1024
electra-base,dbpedia-entity,temp_lodo,0.68,0.5125284738041003,0.19124373774776737,878
electra-base,dbpedia-entity,temp_lodo,0.6900000000000001,0.5294924554183813,0.15878893487257678,729
electra-base,dbpedia-entity,temp_lodo,0.7000000000000001,0.5365853658536586,0.13395774341102157,615
electra-base,dbpedia-entity,temp_lodo,0.7100000000000001,0.5454545454545454,0.1102156392942714,506
electra-base,dbpedia-entity,temp_lodo,0.72,0.550251256281407,0.08669135264648224,398
electra-base,dbpedia-entity,temp_lodo,0.73,0.5860927152317881,0.06578087562622523,302
electra-base,dbpedia-entity,temp_lodo,0.74,0.5932203389830508,0.05140492267479852,236
electra-base,dbpedia-entity,temp_lodo,0.75,0.5866666666666667,0.0326726203441516,150
electra-base,dbpedia-entity,temp_lodo,0.76,0.5757575757575758,0.014375952951426704,66
electra-base,dbpedia-entity,temp_lodo,0.77,,0.0,0
electra-base,dbpedia-entity,temp_lodo,0.78,,0.0,0
electra-base,dbpedia-entity,temp_lodo,0.79,,0.0,0
electra-base,dbpedia-entity,temp_lodo,0.8,,0.0,0
electra-base,dbpedia-entity,temp_lodo,0.81,,0.0,0
electra-base,dbpedia-entity,temp_lodo,0.8200000000000001,,0.0,0
electra-base,dbpedia-entity,temp_lodo,0.8300000000000001,,0.0,0
electra-base,dbpedia-entity,temp_lodo,0.8400000000000001,,0.0,0
electra-base,dbpedia-entity,temp_lodo,0.85,,0.0,0
electra-base,dbpedia-entity,temp_lodo,0.86,,0.0,0
electra-base,dbpedia-entity,temp_lodo,0.87,,0.0,0
electra-base,dbpedia-entity,temp_lodo,0.88,,0.0,0
electra-base,dbpedia-entity,temp_lodo,0.89,,0.0,0
electra-base,dbpedia-entity,temp_lodo,0.9,,0.0,0
electra-base,dbpedia-entity,temp_lodo,0.91,,0.0,0
electra-base,dbpedia-entity,temp_lodo,0.92,,0.0,0
electra-base,dbpedia-entity,temp_lodo,0.93,,0.0,0
electra-base,dbpedia-entity,temp_lodo,0.9400000000000001,,0.0,0
electra-base,dbpedia-entity,temp_lodo,0.9500000000000001,,0.0,0
electra-base,dbpedia-entity,temp_lodo,0.9600000000000001,,0.0,0
electra-base,dbpedia-entity,temp_lodo,0.97,,0.0,0
electra-base,dbpedia-entity,temp_lodo,0.98,,0.0,0
electra-base,dbpedia-entity,temp_lodo,0.99,,0.0,0
electra-base,trec-covid,raw,0.01,0.6551724137931034,0.9177215189873418,1595
electra-base,trec-covid,raw,0.02,0.6601141407736208,0.9073647871116226,1577
electra-base,trec-covid,raw,0.03,0.6636828644501279,0.8998849252013809,1564
electra-base,trec-covid,raw,0.04,0.6653821451509313,0.8958573072497124,1557
electra-base,trec-covid,raw,0.05,0.6688227684346701,0.8895281933256617,1546
electra-base,trec-covid,raw,0.060000000000000005,0.6701366297983083,0.8843498273878021,1537
electra-base,trec-covid,raw,0.06999999999999999,0.6714659685863874,0.8791714614499425,1528
electra-base,trec-covid,raw,0.08,0.6723571897570584,0.8762945914844649,1523
electra-base,trec-covid,raw,0.09,0.6736842105263158,0.8745684695051784,1520
electra-base,trec-covid,raw,0.09999999999999999,0.6746189529489728,0.8682393555811277,1509
electra-base,trec-covid,raw,0.11,0.6746189529489728,0.8682393555811277,1509
electra-base,trec-covid,raw,0.12,0.6753160345974717,0.8647871116225546,1503
electra-base,trec-covid,raw,0.13,0.675783855903936,0.8624856156501726,1499
electra-base,trec-covid,raw,0.14,0.6760187040748163,0.8613348676639816,1497
electra-base,trec-covid,raw,0.15000000000000002,0.677376171352075,0.859608745684695,1494
electra-base,trec-covid,raw,0.16,0.67828418230563,0.8584579976985041,1492
electra-base,trec-covid,raw,0.17,0.6780684104627767,0.8578826237054085,1491
electra-base,trec-covid,raw,0.18000000000000002,0.6783075889858966,0.8567318757192175,1489
electra-base,trec-covid,raw,0.19,0.678763440860215,0.856156501726122,1488
electra-base,trec-covid,raw,0.2,0.6790040376850606,0.8550057537399309,1486
electra-base,trec-covid,raw,0.21000000000000002,0.6790040376850606,0.8550057537399309,1486
electra-base,trec-covid,raw,0.22,0.6787878787878788,0.8544303797468354,1485
electra-base,trec-covid,raw,0.23,0.6787878787878788,0.8544303797468354,1485
electra-base,trec-covid,raw,0.24000000000000002,0.6787878787878788,0.8544303797468354,1485
electra-base,trec-covid,raw,0.25,0.6797033041132838,0.8532796317606444,1483
electra-base,trec-covid,raw,0.26,0.6797033041132838,0.8532796317606444,1483
electra-base,trec-covid,raw,0.27,0.6794871794871795,0.8527042577675489,1482
electra-base,trec-covid,raw,0.28,0.6794871794871795,0.8527042577675489,1482
electra-base,trec-covid,raw,0.29000000000000004,0.6799459824442944,0.8521288837744534,1481
electra-base,trec-covid,raw,0.3,0.6799459824442944,0.8521288837744534,1481
electra-base,trec-covid,raw,0.31,0.6808654496281271,0.8509781357882624,1479
electra-base,trec-covid,raw,0.32,0.6808654496281271,0.8509781357882624,1479
electra-base,trec-covid,raw,0.33,0.6808654496281271,0.8509781357882624,1479
electra-base,trec-covid,raw,0.34,0.6815718157181572,0.8492520138089759,1476
electra-base,trec-covid,raw,0.35000000000000003,0.6815718157181572,0.8492520138089759,1476
electra-base,trec-covid,raw,0.36000000000000004,0.6815718157181572,0.8492520138089759,1476
electra-base,trec-covid,raw,0.37,0.6815718157181572,0.8492520138089759,1476
electra-base,trec-covid,raw,0.38,0.6815718157181572,0.8492520138089759,1476
electra-base,trec-covid,raw,0.39,0.6815718157181572,0.8492520138089759,1476
electra-base,trec-covid,raw,0.4,0.681602172437203,0.8475258918296893,1473
electra-base,trec-covid,raw,0.41000000000000003,0.681602172437203,0.8475258918296893,1473
electra-base,trec-covid,raw,0.42000000000000004,0.6820652173913043,0.8469505178365938,1472
electra-base,trec-covid,raw,0.43,0.681849082256968,0.8463751438434983,1471
electra-base,trec-covid,raw,0.44,0.681849082256968,0.8463751438434983,1471
electra-base,trec-covid,raw,0.45,0.681849082256968,0.8463751438434983,1471
electra-base,trec-covid,raw,0.46,0.681849082256968,0.8463751438434983,1471
electra-base,trec-covid,raw,0.47000000000000003,0.682312925170068,0.8457997698504027,1470
electra-base,trec-covid,raw,0.48000000000000004,0.6827773995915589,0.8452243958573072,1469
electra-base,trec-covid,raw,0.49,0.6827773995915589,0.8452243958573072,1469
electra-base,trec-covid,raw,0.5,0.6827773995915589,0.8452243958573072,1469
electra-base,trec-covid,raw,0.51,0.6827773995915589,0.8452243958573072,1469
electra-base,trec-covid,raw,0.52,0.6827773995915589,0.8452243958573072,1469
electra-base,trec-covid,raw,0.53,0.6827773995915589,0.8452243958573072,1469
electra-base,trec-covid,raw,0.54,0.6834924965893588,0.8434982738780207,1466
electra-base,trec-covid,raw,0.55,0.6834924965893588,0.8434982738780207,1466
electra-base,trec-covid,raw,0.56,0.6832764505119454,0.8429228998849252,1465
electra-base,trec-covid,raw,0.5700000000000001,0.6832764505119454,0.8429228998849252,1465
electra-base,trec-covid,raw,0.5800000000000001,0.6832764505119454,0.8429228998849252,1465
electra-base,trec-covid,raw,0.59,0.6832764505119454,0.8429228998849252,1465
electra-base,trec-covid,raw,0.6,0.6837431693989071,0.8423475258918297,1464
electra-base,trec-covid,raw,0.61,0.6837431693989071,0.8423475258918297,1464
electra-base,trec-covid,raw,0.62,0.6846785225718194,0.8411967779056386,1462
electra-base,trec-covid,raw,0.63,0.6842465753424658,0.8400460299194477,1460
electra-base,trec-covid,raw,0.64,0.6842465753424658,0.8400460299194477,1460
electra-base,trec-covid,raw,0.65,0.6842465753424658,0.8400460299194477,1460
electra-base,trec-covid,raw,0.66,0.6840301576422207,0.8394706559263522,1459
electra-base,trec-covid,raw,0.67,0.6840301576422207,0.8394706559263522,1459
electra-base,trec-covid,raw,0.68,0.6849691146190803,0.8383199079401611,1457
electra-base,trec-covid,raw,0.6900000000000001,0.6849691146190803,0.8383199079401611,1457
electra-base,trec-covid,raw,0.7000000000000001,0.6849691146190803,0.8383199079401611,1457
electra-base,trec-covid,raw,0.7100000000000001,0.6849691146190803,0.8383199079401611,1457
electra-base,trec-covid,raw,0.72,0.6849691146190803,0.8383199079401611,1457
electra-base,trec-covid,raw,0.73,0.6849691146190803,0.8383199079401611,1457
electra-base,trec-covid,raw,0.74,0.6852233676975945,0.8371691599539701,1455
electra-base,trec-covid,raw,0.75,0.6850068775790922,0.8365937859608745,1454
electra-base,trec-covid,raw,0.76,0.6859504132231405,0.8354430379746836,1452
electra-base,trec-covid,raw,0.77,0.6864231564438319,0.8348676639815881,1451
electra-base,trec-covid,raw,0.78,0.6868965517241379,0.8342922899884925,1450
electra-base,trec-covid,raw,0.79,0.6866804692891649,0.833716915995397,1449
electra-base,trec-covid,raw,0.8,0.6869384934346925,0.832566168009206,1447
electra-base,trec-covid,raw,0.81,0.6869384934346925,0.832566168009206,1447
electra-base,trec-covid,raw,0.8200000000000001,0.6869384934346925,0.832566168009206,1447
electra-base,trec-covid,raw,0.8300000000000001,0.688626907073509,0.8296892980437284,1442
electra-base,trec-covid,raw,0.8400000000000001,0.6901114206128134,0.8262370540851554,1436
electra-base,trec-covid,raw,0.85,0.6916083916083916,0.8227848101265823,1430
electra-base,trec-covid,raw,0.86,0.6943078004216444,0.8187571921749137,1423
electra-base,trec-covid,raw,0.87,0.6965419901199718,0.8153049482163406,1417
electra-base,trec-covid,raw,0.88,0.6984352773826458,0.80897583429229,1406
electra-base,trec-covid,raw,0.89,0.6997855611150822,0.8049482163406214,1399
electra-base,trec-covid,raw,0.9,0.7026049204052098,0.7951668584579977,1382
electra-base,trec-covid,raw,0.91,0.7029992684711046,0.786536248561565,1367
electra-base,trec-covid,raw,0.92,0.7064492216456635,0.7761795166858458,1349
electra-base,trec-covid,raw,0.93,0.7095310136157338,0.760644418872267,1322
electra-base,trec-covid,raw,0.9400000000000001,0.7156177156177156,0.740506329113924,1287
electra-base,trec-covid,raw,0.9500000000000001,0.7266129032258064,0.713463751438435,1240
electra-base,trec-covid,raw,0.9600000000000001,0.7417162276975361,0.6772151898734177,1177
electra-base,trec-covid,raw,0.97,0.7574931880108992,0.6334867663981588,1101
electra-base,trec-covid,raw,0.98,0.7740932642487046,0.5552359033371692,965
electra-base,trec-covid,raw,0.99,0.8006379585326954,0.36075949367088606,627
electra-base,trec-covid,temp,0.01,0.6242807825086306,1.0,1738
electra-base,trec-covid,temp,0.02,0.6242807825086306,1.0,1738
electra-base,trec-covid,temp,0.03,0.6242807825086306,1.0,1738
electra-base,trec-covid,temp,0.04,0.6242807825086306,1.0,1738
electra-base,trec-covid,temp,0.05,0.6242807825086306,1.0,1738
electra-base,trec-covid,temp,0.060000000000000005,0.6242807825086306,1.0,1738
electra-base,trec-covid,temp,0.06999999999999999,0.6242807825086306,1.0,1738
electra-base,trec-covid,temp,0.08,0.6242807825086306,1.0,1738
electra-base,trec-covid,temp,0.09,0.6242807825086306,1.0,1738
electra-base,trec-covid,temp,0.09999999999999999,0.6270990156340475,0.9936708860759493,1727
electra-base,trec-covid,temp,0.11,0.6306253652834599,0.9844649021864211,1711
electra-base,trec-covid,temp,0.12,0.6339022954679223,0.977560414269275,1699
electra-base,trec-covid,temp,0.13,0.6353982300884956,0.9752589182968929,1695
electra-base,trec-covid,temp,0.14,0.6387403446226976,0.9683544303797469,1683
electra-base,trec-covid,temp,0.15000000000000002,0.639618138424821,0.9643268124280783,1676
electra-base,trec-covid,temp,0.16,0.6407185628742516,0.9608745684695051,1670
electra-base,trec-covid,temp,0.17,0.6424278846153846,0.9574223245109321,1664
electra-base,trec-covid,temp,0.18000000000000002,0.6454930429522081,0.9510932105868815,1653
electra-base,trec-covid,temp,0.19,0.6470588235294118,0.9487917146144994,1649
electra-base,trec-covid,temp,0.2,0.6476306196840826,0.9470655926352128,1646
electra-base,trec-covid,temp,0.21000000000000002,0.6479560707748627,0.9430379746835443,1639
electra-base,trec-covid,temp,0.22,0.647887323943662,0.9395857307249712,1633
electra-base,trec-covid,temp,0.23,0.6506765067650676,0.9355581127733027,1626
electra-base,trec-covid,temp,0.24000000000000002,0.6512345679012346,0.9321058688147296,1620
electra-base,trec-covid,temp,0.25,0.652605459057072,0.9275028768699655,1612
electra-base,trec-covid,temp,0.26,0.654398003742982,0.9223245109321059,1603
electra-base,trec-covid,temp,0.27,0.654375,0.9205983889528193,1600
electra-base,trec-covid,temp,0.28,0.6551507537688442,0.9159953970080552,1592
electra-base,trec-covid,temp,0.29000000000000004,0.6574132492113565,0.9119677790563866,1585
electra-base,trec-covid,temp,0.3,0.6588607594936708,0.9090909090909091,1580
electra-base,trec-covid,temp,0.31,0.6607369758576874,0.905638665132336,1574
electra-base,trec-covid,temp,0.32,0.6624122527121888,0.9016110471806674,1567
electra-base,trec-covid,temp,0.33,0.6647435897435897,0.8975834292289988,1560
electra-base,trec-covid,temp,0.34,0.6653821451509313,0.8958573072497124,1557
electra-base,trec-covid,temp,0.35000000000000003,0.6688227684346701,0.8895281933256617,1546
electra-base,trec-covid,temp,0.36000000000000004,0.6701366297983083,0.8843498273878021,1537
electra-base,trec-covid,temp,0.37,0.6714754098360656,0.877445339470656,1525
electra-base,trec-covid,temp,0.38,0.673241288625904,0.8751438434982739,1521
electra-base,trec-covid,temp,0.39,0.6746189529489728,0.8682393555811277,1509
electra-base,trec-covid,temp,0.4,0.676,0.8630609896432682,1500
electra-base,trec-covid,temp,0.41000000000000003,0.677376171352075,0.859608745684695,1494
electra-base,trec-covid,temp,0.42000000000000004,0.6778523489932886,0.857307249712313,1490
electra-base,trec-covid,temp,0.43,0.6790040376850606,0.8550057537399309,1486
electra-base,trec-covid,temp,0.44,0.6787878787878788,0.8544303797468354,1485
electra-base,trec-covid,temp,0.45,0.6794871794871795,0.8527042577675489,1482
electra-base,trec-covid,temp,0.46,0.6808654496281271,0.8509781357882624,1479
electra-base,trec-covid,temp,0.47000000000000003,0.6815718157181572,0.8492520138089759,1476
electra-base,trec-covid,temp,0.48000000000000004,0.681602172437203,0.8475258918296893,1473
electra-base,trec-covid,temp,0.49,0.681849082256968,0.8463751438434983,1471
electra-base,trec-covid,temp,0.5,0.6827773995915589,0.8452243958573072,1469
electra-base,trec-covid,temp,0.51,0.6834924965893588,0.8434982738780207,1466
electra-base,trec-covid,temp,0.52,0.6832764505119454,0.8429228998849252,1465
electra-base,trec-covid,temp,0.53,0.6842465753424658,0.8400460299194477,1460
electra-base,trec-covid,temp,0.54,0.6849691146190803,0.8383199079401611,1457
electra-base,trec-covid,temp,0.55,0.6849691146190803,0.8383199079401611,1457
electra-base,trec-covid,temp,0.56,0.6854783207157605,0.836018411967779,1453
electra-base,trec-covid,temp,0.5700000000000001,0.6866804692891649,0.833716915995397,1449
electra-base,trec-covid,temp,0.5800000000000001,0.6869384934346925,0.832566168009206,1447
electra-base,trec-covid,temp,0.59,0.6916083916083916,0.8227848101265823,1430
electra-base,trec-covid,temp,0.6,0.697098372257608,0.8130034522439585,1413
electra-base,trec-covid,temp,0.61,0.6996415770609319,0.8026467203682394,1395
electra-base,trec-covid,temp,0.62,0.7035139092240117,0.7859608745684695,1366
electra-base,trec-covid,temp,0.63,0.7083958020989505,0.7675489067894131,1334
electra-base,trec-covid,temp,0.64,0.7152831652443755,0.7416570771001151,1289
electra-base,trec-covid,temp,0.65,0.7266129032258064,0.713463751438435,1240
electra-base,trec-covid,temp,0.66,0.7408975444538527,0.6795166858457997,1181
electra-base,trec-covid,temp,0.67,0.7533274179236912,0.6484464902186421,1127
electra-base,trec-covid,temp,0.68,0.76109537299339,0.6093210586881473,1059
electra-base,trec-covid,temp,0.6900000000000001,0.7720883534136547,0.57307249712313,996
electra-base,trec-covid,temp,0.7000000000000001,0.7831325301204819,0.5253164556962026,913
electra-base,trec-covid,temp,0.7100000000000001,0.7905824039653035,0.4643268124280783,807
electra-base,trec-covid,temp,0.72,0.7913043478260869,0.3970080552359033,690
electra-base,trec-covid,temp,0.73,0.8271844660194175,0.2963176064441887,515
electra-base,trec-covid,temp,0.74,0.8558558558558559,0.1277330264672037,222
electra-base,trec-covid,temp,0.75,,0.0,0
electra-base,trec-covid,temp,0.76,,0.0,0
electra-base,trec-covid,temp,0.77,,0.0,0
electra-base,trec-covid,temp,0.78,,0.0,0
electra-base,trec-covid,temp,0.79,,0.0,0
electra-base,trec-covid,temp,0.8,,0.0,0
electra-base,trec-covid,temp,0.81,,0.0,0
electra-base,trec-covid,temp,0.8200000000000001,,0.0,0
electra-base,trec-covid,temp,0.8300000000000001,,0.0,0
electra-base,trec-covid,temp,0.8400000000000001,,0.0,0
electra-base,trec-covid,temp,0.85,,0.0,0
electra-base,trec-covid,temp,0.86,,0.0,0
electra-base,trec-covid,temp,0.87,,0.0,0
electra-base,trec-covid,temp,0.88,,0.0,0
electra-base,trec-covid,temp,0.89,,0.0,0
electra-base,trec-covid,temp,0.9,,0.0,0
electra-base,trec-covid,temp,0.91,,0.0,0
electra-base,trec-covid,temp,0.92,,0.0,0
electra-base,trec-covid,temp,0.93,,0.0,0
electra-base,trec-covid,temp,0.9400000000000001,,0.0,0
electra-base,trec-covid,temp,0.9500000000000001,,0.0,0
electra-base,trec-covid,temp,0.9600000000000001,,0.0,0
electra-base,trec-covid,temp,0.97,,0.0,0
electra-base,trec-covid,temp,0.98,,0.0,0
electra-base,trec-covid,temp,0.99,,0.0,0
electra-base,trec-covid,platt,0.01,0.6242807825086306,1.0,1738
electra-base,trec-covid,platt,0.02,0.6242807825086306,1.0,1738
electra-base,trec-covid,platt,0.03,0.6242807825086306,1.0,1738
electra-base,trec-covid,platt,0.04,0.6242807825086306,1.0,1738
electra-base,trec-covid,platt,0.05,0.6242807825086306,1.0,1738
electra-base,trec-covid,platt,0.060000000000000005,0.6242807825086306,1.0,1738
electra-base,trec-covid,platt,0.06999999999999999,0.6242807825086306,1.0,1738
electra-base,trec-covid,platt,0.08,0.6242807825086306,1.0,1738
electra-base,trec-covid,platt,0.09,0.6242807825086306,1.0,1738
electra-base,trec-covid,platt,0.09999999999999999,0.6270990156340475,0.9936708860759493,1727
electra-base,trec-covid,platt,0.11,0.6302570093457944,0.9850402761795167,1712
electra-base,trec-covid,platt,0.12,0.6339022954679223,0.977560414269275,1699
electra-base,trec-covid,platt,0.13,0.6353982300884956,0.9752589182968929,1695
electra-base,trec-covid,platt,0.14,0.6387403446226976,0.9683544303797469,1683
electra-base,trec-covid,platt,0.15000000000000002,0.639618138424821,0.9643268124280783,1676
electra-base,trec-covid,platt,0.16,0.6407185628742516,0.9608745684695051,1670
electra-base,trec-covid,platt,0.17,0.6424278846153846,0.9574223245109321,1664
electra-base,trec-covid,platt,0.18000000000000002,0.6454930429522081,0.9510932105868815,1653
electra-base,trec-covid,platt,0.19,0.6470588235294118,0.9487917146144994,1649
electra-base,trec-covid,platt,0.2,0.6476306196840826,0.9470655926352128,1646
electra-base,trec-covid,platt,0.21000000000000002,0.6479560707748627,0.9430379746835443,1639
electra-base,trec-covid,platt,0.22,0.647887323943662,0.9395857307249712,1633
electra-base,trec-covid,platt,0.23,0.6506765067650676,0.9355581127733027,1626
electra-base,trec-covid,platt,0.24000000000000002,0.6512345679012346,0.9321058688147296,1620
electra-base,trec-covid,platt,0.25,0.652605459057072,0.9275028768699655,1612
electra-base,trec-covid,platt,0.26,0.654398003742982,0.9223245109321059,1603
electra-base,trec-covid,platt,0.27,0.654375,0.9205983889528193,1600
electra-base,trec-covid,platt,0.28,0.6551507537688442,0.9159953970080552,1592
electra-base,trec-covid,platt,0.29000000000000004,0.6574132492113565,0.9119677790563866,1585
electra-base,trec-covid,platt,0.3,0.6588607594936708,0.9090909090909091,1580
electra-base,trec-covid,platt,0.31,0.6607369758576874,0.905638665132336,1574
electra-base,trec-covid,platt,0.32,0.6624122527121888,0.9016110471806674,1567
electra-base,trec-covid,platt,0.33,0.6647435897435897,0.8975834292289988,1560
electra-base,trec-covid,platt,0.34,0.6653821451509313,0.8958573072497124,1557
electra-base,trec-covid,platt,0.35000000000000003,0.6688227684346701,0.8895281933256617,1546
electra-base,trec-covid,platt,0.36000000000000004,0.6701366297983083,0.8843498273878021,1537
electra-base,trec-covid,platt,0.37,0.6714754098360656,0.877445339470656,1525
electra-base,trec-covid,platt,0.38,0.673241288625904,0.8751438434982739,1521
electra-base,trec-covid,platt,0.39,0.6746189529489728,0.8682393555811277,1509
electra-base,trec-covid,platt,0.4,0.676,0.8630609896432682,1500
electra-base,trec-covid,platt,0.41000000000000003,0.677376171352075,0.859608745684695,1494
electra-base,trec-covid,platt,0.42000000000000004,0.6778523489932886,0.857307249712313,1490
electra-base,trec-covid,platt,0.43,0.6790040376850606,0.8550057537399309,1486
electra-base,trec-covid,platt,0.44,0.6787878787878788,0.8544303797468354,1485
electra-base,trec-covid,platt,0.45,0.6794871794871795,0.8527042577675489,1482
electra-base,trec-covid,platt,0.46,0.6808654496281271,0.8509781357882624,1479
electra-base,trec-covid,platt,0.47000000000000003,0.6815718157181572,0.8492520138089759,1476
electra-base,trec-covid,platt,0.48000000000000004,0.681602172437203,0.8475258918296893,1473
electra-base,trec-covid,platt,0.49,0.681849082256968,0.8463751438434983,1471
electra-base,trec-covid,platt,0.5,0.6827773995915589,0.8452243958573072,1469
electra-base,trec-covid,platt,0.51,0.6834924965893588,0.8434982738780207,1466
electra-base,trec-covid,platt,0.52,0.6832764505119454,0.8429228998849252,1465
electra-base,trec-covid,platt,0.53,0.6842465753424658,0.8400460299194477,1460
electra-base,trec-covid,platt,0.54,0.6849691146190803,0.8383199079401611,1457
electra-base,trec-covid,platt,0.55,0.6849691146190803,0.8383199079401611,1457
electra-base,trec-covid,platt,0.56,0.6854783207157605,0.836018411967779,1453
electra-base,trec-covid,platt,0.5700000000000001,0.6866804692891649,0.833716915995397,1449
electra-base,trec-covid,platt,0.5800000000000001,0.6869384934346925,0.832566168009206,1447
electra-base,trec-covid,platt,0.59,0.6916083916083916,0.8227848101265823,1430
electra-base,trec-covid,platt,0.6,0.697098372257608,0.8130034522439585,1413
electra-base,trec-covid,platt,0.61,0.6996415770609319,0.8026467203682394,1395
electra-base,trec-covid,platt,0.62,0.7035139092240117,0.7859608745684695,1366
electra-base,trec-covid,platt,0.63,0.7083958020989505,0.7675489067894131,1334
electra-base,trec-covid,platt,0.64,0.7152831652443755,0.7416570771001151,1289
electra-base,trec-covid,platt,0.65,0.7266129032258064,0.713463751438435,1240
electra-base,trec-covid,platt,0.66,0.7408975444538527,0.6795166858457997,1181
electra-base,trec-covid,platt,0.67,0.7533274179236912,0.6484464902186421,1127
electra-base,trec-covid,platt,0.68,0.76109537299339,0.6093210586881473,1059
electra-base,trec-covid,platt,0.6900000000000001,0.7720883534136547,0.57307249712313,996
electra-base,trec-covid,platt,0.7000000000000001,0.7831325301204819,0.5253164556962026,913
electra-base,trec-covid,platt,0.7100000000000001,0.7905824039653035,0.4643268124280783,807
electra-base,trec-covid,platt,0.72,0.7913043478260869,0.3970080552359033,690
electra-base,trec-covid,platt,0.73,0.8271844660194175,0.2963176064441887,515
electra-base,trec-covid,platt,0.74,0.8558558558558559,0.1277330264672037,222
electra-base,trec-covid,platt,0.75,,0.0,0
electra-base,trec-covid,platt,0.76,,0.0,0
electra-base,trec-covid,platt,0.77,,0.0,0
electra-base,trec-covid,platt,0.78,,0.0,0
electra-base,trec-covid,platt,0.79,,0.0,0
electra-base,trec-covid,platt,0.8,,0.0,0
electra-base,trec-covid,platt,0.81,,0.0,0
electra-base,trec-covid,platt,0.8200000000000001,,0.0,0
electra-base,trec-covid,platt,0.8300000000000001,,0.0,0
electra-base,trec-covid,platt,0.8400000000000001,,0.0,0
electra-base,trec-covid,platt,0.85,,0.0,0
electra-base,trec-covid,platt,0.86,,0.0,0
electra-base,trec-covid,platt,0.87,,0.0,0
electra-base,trec-covid,platt,0.88,,0.0,0
electra-base,trec-covid,platt,0.89,,0.0,0
electra-base,trec-covid,platt,0.9,,0.0,0
electra-base,trec-covid,platt,0.91,,0.0,0
electra-base,trec-covid,platt,0.92,,0.0,0
electra-base,trec-covid,platt,0.93,,0.0,0
electra-base,trec-covid,platt,0.9400000000000001,,0.0,0
electra-base,trec-covid,platt,0.9500000000000001,,0.0,0
electra-base,trec-covid,platt,0.9600000000000001,,0.0,0
electra-base,trec-covid,platt,0.97,,0.0,0
electra-base,trec-covid,platt,0.98,,0.0,0
electra-base,trec-covid,platt,0.99,,0.0,0
electra-base,trec-covid,iso,0.01,0.6242807825086306,1.0,1738
electra-base,trec-covid,iso,0.02,0.6242807825086306,1.0,1738
electra-base,trec-covid,iso,0.03,0.6242807825086306,1.0,1738
electra-base,trec-covid,iso,0.04,0.6242807825086306,1.0,1738
electra-base,trec-covid,iso,0.05,0.6242807825086306,1.0,1738
electra-base,trec-covid,iso,0.060000000000000005,0.6242807825086306,1.0,1738
electra-base,trec-covid,iso,0.06999999999999999,0.6242807825086306,1.0,1738
electra-base,trec-covid,iso,0.08,0.6242807825086306,1.0,1738
electra-base,trec-covid,iso,0.09,0.6242807825086306,1.0,1738
electra-base,trec-covid,iso,0.09999999999999999,0.6242807825086306,1.0,1738
electra-base,trec-covid,iso,0.11,0.6246401842256765,0.9994246260069045,1737
electra-base,trec-covid,iso,0.12,0.6246401842256765,0.9994246260069045,1737
electra-base,trec-covid,iso,0.13,0.6246401842256765,0.9994246260069045,1737
electra-base,trec-covid,iso,0.14,0.641656662665066,0.9585730724971231,1666
electra-base,trec-covid,iso,0.15000000000000002,0.641656662665066,0.9585730724971231,1666
electra-base,trec-covid,iso,0.16,0.641656662665066,0.9585730724971231,1666
electra-base,trec-covid,iso,0.17,0.641656662665066,0.9585730724971231,1666
electra-base,trec-covid,iso,0.18000000000000002,0.6420420420420421,0.9579976985040276,1665
electra-base,trec-covid,iso,0.19,0.6420420420420421,0.9579976985040276,1665
electra-base,trec-covid,iso,0.2,0.6424278846153846,0.9574223245109321,1664
electra-base,trec-covid,iso,0.21000000000000002,0.6424278846153846,0.9574223245109321,1664
electra-base,trec-covid,iso,0.22,0.6424278846153846,0.9574223245109321,1664
electra-base,trec-covid,iso,0.23,0.6424278846153846,0.9574223245109321,1664
electra-base,trec-covid,iso,0.24000000000000002,0.6424278846153846,0.9574223245109321,1664
electra-base,trec-covid,iso,0.25,0.6424278846153846,0.9574223245109321,1664
electra-base,trec-covid,iso,0.26,0.6424278846153846,0.9574223245109321,1664
electra-base,trec-covid,iso,0.27,0.6424278846153846,0.9574223245109321,1664
electra-base,trec-covid,iso,0.28,0.6424278846153846,0.9574223245109321,1664
electra-base,trec-covid,iso,0.29000000000000004,0.6422128683102826,0.9568469505178366,1663
electra-base,trec-covid,iso,0.3,0.6425992779783394,0.956271576524741,1662
electra-base,trec-covid,iso,0.31,0.6425992779783394,0.956271576524741,1662
electra-base,trec-covid,iso,0.32,0.6601141407736208,0.9073647871116226,1577
electra-base,trec-covid,iso,0.33,0.6601141407736208,0.9073647871116226,1577
electra-base,trec-covid,iso,0.34,0.6705729166666666,0.8837744533947065,1536
electra-base,trec-covid,iso,0.35000000000000003,0.6705729166666666,0.8837744533947065,1536
electra-base,trec-covid,iso,0.36000000000000004,0.6705729166666666,0.8837744533947065,1536
electra-base,trec-covid,iso,0.37,0.6710097719869706,0.883199079401611,1535
electra-base,trec-covid,iso,0.38,0.6787878787878788,0.8544303797468354,1485
electra-base,trec-covid,iso,0.39,0.6992857142857143,0.8055235903337169,1400
electra-base,trec-covid,iso,0.4,0.6992857142857143,0.8055235903337169,1400
electra-base,trec-covid,iso,0.41000000000000003,0.6992857142857143,0.8055235903337169,1400
electra-base,trec-covid,iso,0.42000000000000004,0.6992857142857143,0.8055235903337169,1400
electra-base,trec-covid,iso,0.43,0.6992857142857143,0.8055235903337169,1400
electra-base,trec-covid,iso,0.44,0.6992857142857143,0.8055235903337169,1400
electra-base,trec-covid,iso,0.45,0.6997855611150822,0.8049482163406214,1399
electra-base,trec-covid,iso,0.46,0.6997855611150822,0.8049482163406214,1399
electra-base,trec-covid,iso,0.47000000000000003,0.6997855611150822,0.8049482163406214,1399
electra-base,trec-covid,iso,0.48000000000000004,0.6997855611150822,0.8049482163406214,1399
electra-base,trec-covid,iso,0.49,0.6997855611150822,0.8049482163406214,1399
electra-base,trec-covid,iso,0.5,0.6997855611150822,0.8049482163406214,1399
electra-base,trec-covid,iso,0.51,0.6997855611150822,0.8049482163406214,1399
electra-base,trec-covid,iso,0.52,0.6997855611150822,0.8049482163406214,1399
electra-base,trec-covid,iso,0.53,0.7442258340461934,0.6726121979286537,1169
electra-base,trec-covid,iso,0.54,0.7448630136986302,0.6720368239355581,1168
electra-base,trec-covid,iso,0.55,0.7478336221837089,0.663981588032221,1154
electra-base,trec-covid,iso,0.56,0.7478336221837089,0.663981588032221,1154
electra-base,trec-covid,iso,0.5700000000000001,0.7478336221837089,0.663981588032221,1154
electra-base,trec-covid,iso,0.5800000000000001,0.7478336221837089,0.663981588032221,1154
electra-base,trec-covid,iso,0.59,0.7478336221837089,0.663981588032221,1154
electra-base,trec-covid,iso,0.6,0.7478336221837089,0.663981588032221,1154
electra-base,trec-covid,iso,0.61,0.7465156794425087,0.6605293440736478,1148
electra-base,trec-covid,iso,0.62,0.7465156794425087,0.6605293440736478,1148
electra-base,trec-covid,iso,0.63,0.7465156794425087,0.6605293440736478,1148
electra-base,trec-covid,iso,0.64,0.7465156794425087,0.6605293440736478,1148
electra-base,trec-covid,iso,0.65,0.7760252365930599,0.547180667433832,951
electra-base,trec-covid,iso,0.66,0.7757894736842105,0.5466052934407365,950
electra-base,trec-covid,iso,0.67,0.7757894736842105,0.5466052934407365,950
electra-base,trec-covid,iso,0.68,0.791907514450867,0.39815880322209435,692
electra-base,trec-covid,iso,0.6900000000000001,0.791907514450867,0.39815880322209435,692
electra-base,trec-covid,iso,0.7000000000000001,0.8015873015873016,0.3624856156501726,630
electra-base,trec-covid,iso,0.7100000000000001,0.8012718600953895,0.3619102416570771,629
electra-base,trec-covid,iso,0.72,0.8012718600953895,0.3619102416570771,629
electra-base,trec-covid,iso,0.73,0.8532731376975169,0.25489067894131184,443
electra-base,trec-covid,iso,0.74,0.8532731376975169,0.25489067894131184,443
electra-base,trec-covid,iso,0.75,0.8529411764705882,0.25431530494821636,442
electra-base,trec-covid,iso,0.76,0.8529411764705882,0.25431530494821636,442
electra-base,trec-covid,iso,0.77,0.8529411764705882,0.25431530494821636,442
electra-base,trec-covid,iso,0.78,0.8529411764705882,0.25431530494821636,442
electra-base,trec-covid,iso,0.79,0.8529411764705882,0.25431530494821636,442
electra-base,trec-covid,iso,0.8,0.8529411764705882,0.25431530494821636,442
electra-base,trec-covid,iso,0.81,0.8453333333333334,0.21576524741081704,375
electra-base,trec-covid,iso,0.8200000000000001,0.8449197860962567,0.21518987341772153,374
electra-base,trec-covid,iso,0.8300000000000001,0.8440860215053764,0.2140391254315305,372
electra-base,trec-covid,iso,0.8400000000000001,0.8397435897435898,0.17951668584579977,312
electra-base,trec-covid,iso,0.85,0.8551401869158879,0.12313003452243959,214
electra-base,trec-covid,iso,0.86,0.8551401869158879,0.12313003452243959,214
electra-base,trec-covid,iso,0.87,0.875,0.08285385500575373,144
electra-base,trec-covid,iso,0.88,0.875,0.08285385500575373,144
electra-base,trec-covid,iso,0.89,0.875,0.08285385500575373,144
electra-base,trec-covid,iso,0.9,0.875,0.08285385500575373,144
electra-base,trec-covid,iso,0.91,,0.006329113924050633,11
electra-base,trec-covid,iso,0.92,,0.006329113924050633,11
electra-base,trec-covid,iso,0.93,,0.005753739930955121,10
electra-base,trec-covid,iso,0.9400000000000001,,0.005178365937859608,9
electra-base,trec-covid,iso,0.9500000000000001,,0.005178365937859608,9
electra-base,trec-covid,iso,0.9600000000000001,,0.005178365937859608,9
electra-base,trec-covid,iso,0.97,,0.005178365937859608,9
electra-base,trec-covid,iso,0.98,,0.005178365937859608,9
electra-base,trec-covid,iso,0.99,,0.005178365937859608,9
electra-base,trec-covid,temp_lodo,0.01,0.6242807825086306,1.0,1738
electra-base,trec-covid,temp_lodo,0.02,0.6242807825086306,1.0,1738
electra-base,trec-covid,temp_lodo,0.03,0.6242807825086306,1.0,1738
electra-base,trec-covid,temp_lodo,0.04,0.6242807825086306,1.0,1738
electra-base,trec-covid,temp_lodo,0.05,0.6242807825086306,1.0,1738
electra-base,trec-covid,temp_lodo,0.060000000000000005,0.6242807825086306,1.0,1738
electra-base,trec-covid,temp_lodo,0.06999999999999999,0.6242807825086306,1.0,1738
electra-base,trec-covid,temp_lodo,0.08,0.6242807825086306,1.0,1738
electra-base,trec-covid,temp_lodo,0.09,0.6247838616714697,0.9982738780207134,1735
electra-base,trec-covid,temp_lodo,0.09999999999999999,0.6292200232828871,0.9884925201380897,1718
electra-base,trec-covid,temp_lodo,0.11,0.6328445747800586,0.9810126582278481,1705
electra-base,trec-covid,temp_lodo,0.12,0.6342756183745583,0.9769850402761795,1698
electra-base,trec-covid,temp_lodo,0.13,0.6385756676557863,0.9695051783659379,1685
electra-base,trec-covid,temp_lodo,0.14,0.6392367322599881,0.9649021864211738,1677
electra-base,trec-covid,temp_lodo,0.15000000000000002,0.6403351286654698,0.9614499424626007,1671
electra-base,trec-covid,temp_lodo,0.16,0.641656662665066,0.9585730724971231,1666
electra-base,trec-covid,temp_lodo,0.17,0.6431585292344786,0.9545454545454546,1659
electra-base,trec-covid,temp_lodo,0.18000000000000002,0.6466666666666666,0.9493670886075949,1650
electra-base,trec-covid,temp_lodo,0.19,0.6476306196840826,0.9470655926352128,1646
electra-base,trec-covid,temp_lodo,0.2,0.6482045039561777,0.9453394706559264,1643
electra-base,trec-covid,temp_lodo,0.21000000000000002,0.647887323943662,0.9395857307249712,1633
electra-base,trec-covid,temp_lodo,0.22,0.6486817903126916,0.9384349827387802,1631
electra-base,trec-covid,temp_lodo,0.23,0.6508328192473781,0.932681242807825,1621
electra-base,trec-covid,temp_lodo,0.24000000000000002,0.6516089108910891,0.9298043728423475,1616
electra-base,trec-covid,temp_lodo,0.25,0.6529850746268657,0.9252013808975834,1608
electra-base,trec-covid,temp_lodo,0.26,0.6541822721598003,0.9217491369390104,1602
electra-base,trec-covid,temp_lodo,0.27,0.6547619047619048,0.9182968929804373,1596
electra-base,trec-covid,temp_lodo,0.28,0.6565847511027095,0.9131185270425777,1587
electra-base,trec-covid,temp_lodo,0.29000000000000004,0.6586599241466498,0.9102416570771001,1582
electra-base,trec-covid,temp_lodo,0.3,0.6601141407736208,0.9073647871116226,1577
electra-base,trec-covid,temp_lodo,0.31,0.6619987269255252,0.9039125431530495,1571
electra-base,trec-covid,temp_lodo,0.32,0.663258785942492,0.9004602991944765,1565
electra-base,trec-covid,temp_lodo,0.33,0.665596919127086,0.8964326812428078,1558
electra-base,trec-covid,temp_lodo,0.34,0.6670967741935484,0.8918296892980437,1550
electra-base,trec-covid,temp_lodo,0.35000000000000003,0.6696950032446464,0.8866513233601842,1541
electra-base,trec-covid,temp_lodo,0.36000000000000004,0.6707953063885267,0.8826237054085155,1534
electra-base,trec-covid,temp_lodo,0.37,0.6723571897570584,0.8762945914844649,1523
electra-base,trec-covid,temp_lodo,0.38,0.6741424802110818,0.8722669735327964,1516
electra-base,trec-covid,temp_lodo,0.39,0.6744031830238727,0.8676639815880323,1508
electra-base,trec-covid,temp_lodo,0.4,0.675783855903936,0.8624856156501726,1499
electra-base,trec-covid,temp_lodo,0.41000000000000003,0.6778298727394507,0.8590333716915995,1493
electra-base,trec-covid,temp_lodo,0.42000000000000004,0.6783075889858966,0.8567318757192175,1489
electra-base,trec-covid,temp_lodo,0.43,0.6790040376850606,0.8550057537399309,1486
electra-base,trec-covid,temp_lodo,0.44,0.6792452830188679,0.85385500575374,1484
electra-base,trec-covid,temp_lodo,0.45,0.6794871794871795,0.8527042577675489,1482
electra-base,trec-covid,temp_lodo,0.46,0.6808654496281271,0.8509781357882624,1479
electra-base,trec-covid,temp_lodo,0.47000000000000003,0.6815718157181572,0.8492520138089759,1476
electra-base,trec-covid,temp_lodo,0.48000000000000004,0.681602172437203,0.8475258918296893,1473
electra-base,trec-covid,temp_lodo,0.49,0.681849082256968,0.8463751438434983,1471
electra-base,trec-covid,temp_lodo,0.5,0.6827773995915589,0.8452243958573072,1469
electra-base,trec-covid,temp_lodo,0.51,0.6834924965893588,0.8434982738780207,1466
electra-base,trec-covid,temp_lodo,0.52,0.6832764505119454,0.8429228998849252,1465
electra-base,trec-covid,temp_lodo,0.53,0.6842465753424658,0.8400460299194477,1460
electra-base,trec-covid,temp_lodo,0.54,0.6844993141289437,0.8388952819332566,1458
electra-base,trec-covid,temp_lodo,0.55,0.6849691146190803,0.8383199079401611,1457
electra-base,trec-covid,temp_lodo,0.56,0.6850068775790922,0.8365937859608745,1454
electra-base,trec-covid,temp_lodo,0.5700000000000001,0.6866804692891649,0.833716915995397,1449
electra-base,trec-covid,temp_lodo,0.5800000000000001,0.6869384934346925,0.832566168009206,1447
electra-base,trec-covid,temp_lodo,0.59,0.69155617585485,0.8245109321058688,1433
electra-base,trec-covid,temp_lodo,0.6,0.6955602536997886,0.8164556962025317,1419
electra-base,trec-covid,temp_lodo,0.61,0.6992857142857143,0.8055235903337169,1400
electra-base,trec-covid,temp_lodo,0.62,0.7025454545454546,0.7911392405063291,1375
electra-base,trec-covid,temp_lodo,0.63,0.7080237741456167,0.7744533947065593,1346
electra-base,trec-covid,temp_lodo,0.64,0.7142857142857143,0.7491369390103567,1302
electra-base,trec-covid,temp_lodo,0.65,0.7219123505976096,0.7220943613348677,1255
electra-base,trec-covid,temp_lodo,0.66,0.7350498338870431,0.6927502876869965,1204
electra-base,trec-covid,temp_lodo,0.67,0.7473958333333334,0.6628308400460299,1152
electra-base,trec-covid,temp_lodo,0.68,0.7572992700729927,0.6306098964326813,1096
electra-base,trec-covid,temp_lodo,0.6900000000000001,0.7636186770428015,0.5914844649021864,1028
electra-base,trec-covid,temp_lodo,0.7000000000000001,0.776495278069255,0.5483314154200231,953
electra-base,trec-covid,temp_lodo,0.7100000000000001,0.7867902665121669,0.4965477560414269,863
electra-base,trec-covid,temp_lodo,0.72,0.7978723404255319,0.4326812428078251,752
electra-base,trec-covid,temp_lodo,0.73,0.8101472995090017,0.3515535097813579,611
electra-base,trec-covid,temp_lodo,0.74,0.8495145631067961,0.23705408515535098,412
electra-base,trec-covid,temp_lodo,0.75,,0.0,0
electra-base,trec-covid,temp_lodo,0.76,,0.0,0
electra-base,trec-covid,temp_lodo,0.77,,0.0,0
electra-base,trec-covid,temp_lodo,0.78,,0.0,0
electra-base,trec-covid,temp_lodo,0.79,,0.0,0
electra-base,trec-covid,temp_lodo,0.8,,0.0,0
electra-base,trec-covid,temp_lodo,0.81,,0.0,0
electra-base,trec-covid,temp_lodo,0.8200000000000001,,0.0,0
electra-base,trec-covid,temp_lodo,0.8300000000000001,,0.0,0
electra-base,trec-covid,temp_lodo,0.8400000000000001,,0.0,0
electra-base,trec-covid,temp_lodo,0.85,,0.0,0
electra-base,trec-covid,temp_lodo,0.86,,0.0,0
electra-base,trec-covid,temp_lodo,0.87,,0.0,0
electra-base,trec-covid,temp_lodo,0.88,,0.0,0
electra-base,trec-covid,temp_lodo,0.89,,0.0,0
electra-base,trec-covid,temp_lodo,0.9,,0.0,0
electra-base,trec-covid,temp_lodo,0.91,,0.0,0
electra-base,trec-covid,temp_lodo,0.92,,0.0,0
electra-base,trec-covid,temp_lodo,0.93,,0.0,0
electra-base,trec-covid,temp_lodo,0.9400000000000001,,0.0,0
electra-base,trec-covid,temp_lodo,0.9500000000000001,,0.0,0
electra-base,trec-covid,temp_lodo,0.9600000000000001,,0.0,0
electra-base,trec-covid,temp_lodo,0.97,,0.0,0
electra-base,trec-covid,temp_lodo,0.98,,0.0,0
electra-base,trec-covid,temp_lodo,0.99,,0.0,0
electra-base,trec-dl-2019,raw,0.01,0.5068093385214008,0.4457935819601041,1028
electra-base,trec-dl-2019,raw,0.02,0.5294759825327511,0.39722463139635733,916
electra-base,trec-dl-2019,raw,0.03,0.5473053892215569,0.36209887250650474,835
electra-base,trec-dl-2019,raw,0.04,0.5548549810844893,0.34388551604509976,793
electra-base,trec-dl-2019,raw,0.05,0.5633245382585752,0.32870771899392887,758
electra-base,trec-dl-2019,raw,0.060000000000000005,0.5684931506849316,0.3165654813529922,730
electra-base,trec-dl-2019,raw,0.06999999999999999,0.5750708215297451,0.3061578490893322,706
electra-base,trec-dl-2019,raw,0.08,0.5759768451519537,0.2996530789245447,691
electra-base,trec-dl-2019,raw,0.09,0.5829596412556054,0.29011274934952297,669
electra-base,trec-dl-2019,raw,0.09999999999999999,0.5904907975460123,0.28274067649609713,652
electra-base,trec-dl-2019,raw,0.11,0.5934065934065934,0.2762359063313096,637
electra-base,trec-dl-2019,raw,0.12,0.5968253968253968,0.2732003469210755,630
electra-base,trec-dl-2019,raw,0.13,0.6,0.2688638334778838,620
electra-base,trec-dl-2019,raw,0.14,0.6029411764705882,0.2653946227233304,612
electra-base,trec-dl-2019,raw,0.15000000000000002,0.6016666666666667,0.26019080659150046,600
electra-base,trec-dl-2019,raw,0.16,0.6053962900505903,0.25715524718126626,593
electra-base,trec-dl-2019,raw,0.17,0.611965811965812,0.25368603642671295,585
electra-base,trec-dl-2019,raw,0.18000000000000002,0.6113989637305699,0.2510841283607979,579
electra-base,trec-dl-2019,raw,0.19,0.6132404181184669,0.2489158716392021,574
electra-base,trec-dl-2019,raw,0.2,0.6144366197183099,0.24631396357328708,568
electra-base,trec-dl-2019,raw,0.21000000000000002,0.6145648312611013,0.24414570685169124,563
electra-base,trec-dl-2019,raw,0.22,0.6157989228007181,0.24154379878577623,557
electra-base,trec-dl-2019,raw,0.23,0.6173285198555957,0.24024284475281873,554
electra-base,trec-dl-2019,raw,0.24000000000000002,0.6181818181818182,0.23850823937554205,550
electra-base,trec-dl-2019,raw,0.25,0.6194852941176471,0.23590633130962707,544
electra-base,trec-dl-2019,raw,0.26,0.6180811808118081,0.23503902862098872,542
electra-base,trec-dl-2019,raw,0.27,0.6219739292364991,0.2328707718993929,537
electra-base,trec-dl-2019,raw,0.28,0.6191369606003753,0.23113616652211622,533
electra-base,trec-dl-2019,raw,0.29000000000000004,0.6181474480151229,0.22940156114483956,529
electra-base,trec-dl-2019,raw,0.3,0.6190476190476191,0.22766695576756288,525
electra-base,trec-dl-2019,raw,0.31,0.6226053639846744,0.2263660017346054,522
electra-base,trec-dl-2019,raw,0.32,0.6235521235521235,0.2246313963573287,518
electra-base,trec-dl-2019,raw,0.33,0.625242718446602,0.22333044232437121,515
electra-base,trec-dl-2019,raw,0.34,0.626953125,0.2220294882914137,512
electra-base,trec-dl-2019,raw,0.35000000000000003,0.6281800391389433,0.22159583694709453,511
electra-base,trec-dl-2019,raw,0.36000000000000004,0.6274509803921569,0.22116218560277537,510
electra-base,trec-dl-2019,raw,0.37,0.6286836935166994,0.2207285342584562,509
electra-base,trec-dl-2019,raw,0.38,0.6291913214990138,0.21986123156981788,507
electra-base,trec-dl-2019,raw,0.39,0.6284584980237155,0.2194275802254987,506
electra-base,trec-dl-2019,raw,0.4,0.6277227722772277,0.21899392888117952,505
electra-base,trec-dl-2019,raw,0.41000000000000003,0.6282306163021869,0.2181266261925412,503
electra-base,trec-dl-2019,raw,0.42000000000000004,0.6274900398406374,0.21769297484822203,502
electra-base,trec-dl-2019,raw,0.43,0.626,0.2168256721595837,500
electra-base,trec-dl-2019,raw,0.44,0.6244979919678715,0.21595836947094535,498
electra-base,trec-dl-2019,raw,0.45,0.625,0.21509106678230702,496
electra-base,trec-dl-2019,raw,0.46,0.6242424242424243,0.21465741543798786,495
electra-base,trec-dl-2019,raw,0.47000000000000003,0.6255060728744939,0.2142237640936687,494
electra-base,trec-dl-2019,raw,0.48000000000000004,0.6244897959183674,0.212489158716392,490
electra-base,trec-dl-2019,raw,0.49,0.6257668711656442,0.21205550737207285,489
electra-base,trec-dl-2019,raw,0.5,0.6242299794661191,0.21118820468343452,487
electra-base,trec-dl-2019,raw,0.51,0.6260330578512396,0.209887250650477,484
electra-base,trec-dl-2019,raw,0.52,0.6252587991718427,0.20945359930615784,483
electra-base,trec-dl-2019,raw,0.53,0.6265560165975104,0.20901994796183868,482
electra-base,trec-dl-2019,raw,0.54,0.6265560165975104,0.20901994796183868,482
electra-base,trec-dl-2019,raw,0.55,0.6278586278586279,0.2085862966175195,481
electra-base,trec-dl-2019,raw,0.56,0.6270833333333333,0.20815264527320035,480
electra-base,trec-dl-2019,raw,0.5700000000000001,0.6239495798319328,0.20641803989592367,476
electra-base,trec-dl-2019,raw,0.5800000000000001,0.6252631578947369,0.2059843885516045,475
electra-base,trec-dl-2019,raw,0.59,0.6236786469344608,0.20511708586296618,473
electra-base,trec-dl-2019,raw,0.6,0.6242038216560509,0.20424978317432785,471
electra-base,trec-dl-2019,raw,0.61,0.6239316239316239,0.20294882914137033,468
electra-base,trec-dl-2019,raw,0.62,0.6198704103671706,0.2007805724197745,463
electra-base,trec-dl-2019,raw,0.63,0.6200873362445415,0.19861231569817867,458
electra-base,trec-dl-2019,raw,0.64,0.6216814159292036,0.19601040763226366,452
electra-base,trec-dl-2019,raw,0.65,0.621380846325167,0.19470945359930616,449
electra-base,trec-dl-2019,raw,0.66,0.6233183856502242,0.19340849956634865,446
electra-base,trec-dl-2019,raw,0.67,0.6252821670428894,0.19210754553339116,443
electra-base,trec-dl-2019,raw,0.68,0.6241457858769932,0.19037294015611447,439
electra-base,trec-dl-2019,raw,0.6900000000000001,0.6284403669724771,0.18907198612315698,436
electra-base,trec-dl-2019,raw,0.7000000000000001,0.628175519630485,0.1877710320901995,433
electra-base,trec-dl-2019,raw,0.7100000000000001,0.6276346604215457,0.18516912402428448,427
electra-base,trec-dl-2019,raw,0.72,0.6273584905660378,0.18386816999132696,424
electra-base,trec-dl-2019,raw,0.73,0.6270783847980997,0.18256721595836947,421
electra-base,trec-dl-2019,raw,0.74,0.6252983293556086,0.18169991326973114,419
electra-base,trec-dl-2019,raw,0.75,0.6271186440677966,0.17909800520381614,413
electra-base,trec-dl-2019,raw,0.76,0.6317073170731707,0.17779705117085862,410
electra-base,trec-dl-2019,raw,0.77,0.628992628992629,0.17649609713790113,407
electra-base,trec-dl-2019,raw,0.78,0.6287128712871287,0.17519514310494363,404
electra-base,trec-dl-2019,raw,0.79,0.6265664160401002,0.1730268863833478,399
electra-base,trec-dl-2019,raw,0.8,0.625,0.16999132697311362,392
electra-base,trec-dl-2019,raw,0.81,0.6217616580310881,0.1673894189071986,386
electra-base,trec-dl-2019,raw,0.8200000000000001,0.616,0.16261925411968778,375
electra-base,trec-dl-2019,raw,0.8300000000000001,0.6191780821917808,0.1582827406764961,365
electra-base,trec-dl-2019,raw,0.8400000000000001,0.6190476190476191,0.15481352992194275,357
electra-base,trec-dl-2019,raw,0.85,0.6115942028985507,0.14960971379011276,345
electra-base,trec-dl-2019,raw,0.86,0.6126126126126126,0.14440589765828274,333
electra-base,trec-dl-2019,raw,0.87,0.6080246913580247,0.14050303555941024,324
electra-base,trec-dl-2019,raw,0.88,0.6126984126984127,0.13660017346053774,315
electra-base,trec-dl-2019,raw,0.89,0.61,0.13009540329575023,300
electra-base,trec-dl-2019,raw,0.9,0.6145833333333334,0.12489158716392021,288
electra-base,trec-dl-2019,raw,0.91,0.6159695817490495,0.11405030355594102,263
electra-base,trec-dl-2019,raw,0.92,0.6218487394957983,0.10320901994796183,238
electra-base,trec-dl-2019,raw,0.93,0.6261261261261262,0.09627059843885516,222
electra-base,trec-dl-2019,raw,0.9400000000000001,0.6363636363636364,0.08586296617519515,198
electra-base,trec-dl-2019,raw,0.9500000000000001,0.64,0.07588898525585429,175
electra-base,trec-dl-2019,raw,0.9600000000000001,0.632258064516129,0.06721595836947095,155
electra-base,trec-dl-2019,raw,0.97,0.6304347826086957,0.0598438855160451,138
electra-base,trec-dl-2019,raw,0.98,0.6407766990291263,0.04466608846487424,103
electra-base,trec-dl-2019,raw,0.99,0.6739130434782609,0.0199479618386817,46
electra-base,trec-dl-2019,temp,0.01,0.34952298352124894,1.0,2306
electra-base,trec-dl-2019,temp,0.02,0.34952298352124894,1.0,2306
electra-base,trec-dl-2019,temp,0.03,0.34952298352124894,1.0,2306
electra-base,trec-dl-2019,temp,0.04,0.34952298352124894,1.0,2306
electra-base,trec-dl-2019,temp,0.05,0.34952298352124894,1.0,2306
electra-base,trec-dl-2019,temp,0.060000000000000005,0.34952298352124894,1.0,2306
electra-base,trec-dl-2019,temp,0.06999999999999999,0.34952298352124894,1.0,2306
electra-base,trec-dl-2019,temp,0.08,0.34952298352124894,1.0,2306
electra-base,trec-dl-2019,temp,0.09,0.34952298352124894,1.0,2306
electra-base,trec-dl-2019,temp,0.09999999999999999,0.34952298352124894,1.0,2306
electra-base,trec-dl-2019,temp,0.11,0.34952298352124894,1.0,2306
electra-base,trec-dl-2019,temp,0.12,0.34952298352124894,1.0,2306
electra-base,trec-dl-2019,temp,0.13,0.34952298352124894,1.0,2306
electra-base,trec-dl-2019,temp,0.14,0.36641929499072357,0.9349522983521249,2156
electra-base,trec-dl-2019,temp,0.15000000000000002,0.3844169246646027,0.8404163052905465,1938
electra-base,trec-dl-2019,temp,0.16,0.39505494505494504,0.7892454466608847,1820
electra-base,trec-dl-2019,temp,0.17,0.40298507462686567,0.7554206418039896,1742
electra-base,trec-dl-2019,temp,0.18000000000000002,0.40692124105011934,0.7267996530789246,1676
electra-base,trec-dl-2019,temp,0.19,0.4144981412639405,0.6999132697311362,1614
electra-base,trec-dl-2019,temp,0.2,0.4199743918053777,0.6773633998265395,1562
electra-base,trec-dl-2019,temp,0.21000000000000002,0.42659644502962474,0.6587163920208152,1519
electra-base,trec-dl-2019,temp,0.22,0.43204868154158216,0.6413703382480486,1479
electra-base,trec-dl-2019,temp,0.23,0.43890449438202245,0.6175195143104943,1424
electra-base,trec-dl-2019,temp,0.24000000000000002,0.4429920116194626,0.5971379011274935,1377
electra-base,trec-dl-2019,temp,0.25,0.45180722891566266,0.5758889852558543,1328
electra-base,trec-dl-2019,temp,0.26,0.45927075252133437,0.5589765828274068,1289
electra-base,trec-dl-2019,temp,0.27,0.46597277822257804,0.54163052905464,1249
electra-base,trec-dl-2019,temp,0.28,0.4700499168053245,0.5212489158716392,1202
electra-base,trec-dl-2019,temp,0.29000000000000004,0.4821583986074848,0.49826539462272335,1149
electra-base,trec-dl-2019,temp,0.3,0.49321266968325794,0.47918473547268,1105
electra-base,trec-dl-2019,temp,0.31,0.49952696310312206,0.45836947094535996,1057
electra-base,trec-dl-2019,temp,0.32,0.5109126984126984,0.4371205550737207,1008
electra-base,trec-dl-2019,temp,0.33,0.5217842323651453,0.41803989592367735,964
electra-base,trec-dl-2019,temp,0.34,0.5277475516866159,0.3985255854293148,919
electra-base,trec-dl-2019,temp,0.35000000000000003,0.5413793103448276,0.37727666955767564,870
electra-base,trec-dl-2019,temp,0.36000000000000004,0.5484261501210653,0.35819601040763227,826
electra-base,trec-dl-2019,temp,0.37,0.5565438373570522,0.3412836079791847,787
electra-base,trec-dl-2019,temp,0.38,0.5626666666666666,0.32523850823937556,750
electra-base,trec-dl-2019,temp,0.39,0.5712290502793296,0.3104943625325238,716
electra-base,trec-dl-2019,temp,0.4,0.5814977973568282,0.295316565481353,681
electra-base,trec-dl-2019,temp,0.41000000000000003,0.5909797822706065,0.2788378143972246,643
electra-base,trec-dl-2019,temp,0.42000000000000004,0.5990338164251208,0.26929748482220295,621
electra-base,trec-dl-2019,temp,0.43,0.6053962900505903,0.25715524718126626,593
electra-base,trec-dl-2019,temp,0.44,0.6136363636363636,0.24804856895056374,572
electra-base,trec-dl-2019,temp,0.45,0.6166365280289331,0.23980919340849957,553
electra-base,trec-dl-2019,temp,0.46,0.6191369606003753,0.23113616652211622,533
electra-base,trec-dl-2019,temp,0.47000000000000003,0.625242718446602,0.22333044232437121,515
electra-base,trec-dl-2019,temp,0.48000000000000004,0.6291913214990138,0.21986123156981788,507
electra-base,trec-dl-2019,temp,0.49,0.6244979919678715,0.21595836947094535,498
electra-base,trec-dl-2019,temp,0.5,0.6242299794661191,0.21118820468343452,487
electra-base,trec-dl-2019,temp,0.51,0.6270833333333333,0.20815264527320035,480
electra-base,trec-dl-2019,temp,0.52,0.6206896551724138,0.20121422376409367,464
electra-base,trec-dl-2019,temp,0.53,0.6252821670428894,0.19210754553339116,443
electra-base,trec-dl-2019,temp,0.54,0.6273584905660378,0.18386816999132696,424
electra-base,trec-dl-2019,temp,0.55,0.6299019607843137,0.1769297484822203,408
electra-base,trec-dl-2019,temp,0.56,0.6237113402061856,0.16825672159583693,388
electra-base,trec-dl-2019,temp,0.5700000000000001,0.6179775280898876,0.15437987857762359,356
electra-base,trec-dl-2019,temp,0.5800000000000001,0.6080246913580247,0.14050303555941024,324
electra-base,trec-dl-2019,temp,0.59,0.6109215017064846,0.12705984388551606,293
electra-base,trec-dl-2019,temp,0.6,0.608,0.10841283607979185,250
electra-base,trec-dl-2019,temp,0.61,0.6367924528301887,0.09193408499566348,212
electra-base,trec-dl-2019,temp,0.62,0.6284153005464481,0.07935819601040764,183
electra-base,trec-dl-2019,temp,0.63,0.6346153846153846,0.06764960971379011,156
electra-base,trec-dl-2019,temp,0.64,0.6357142857142857,0.060711188204683436,140
electra-base,trec-dl-2019,temp,0.65,0.6220472440944882,0.05507372072853426,127
electra-base,trec-dl-2019,temp,0.66,0.6597938144329897,0.04206418039895923,97
electra-base,trec-dl-2019,temp,0.67,0.6753246753246753,0.03339115351257589,77
electra-base,trec-dl-2019,temp,0.68,0.7017543859649122,0.024718126626192542,57
electra-base,trec-dl-2019,temp,0.6900000000000001,0.6944444444444444,0.015611448395490026,36
electra-base,trec-dl-2019,temp,0.7000000000000001,,0.0017346053772766695,4
electra-base,trec-dl-2019,temp,0.7100000000000001,,0.0,0
electra-base,trec-dl-2019,temp,0.72,,0.0,0
electra-base,trec-dl-2019,temp,0.73,,0.0,0
electra-base,trec-dl-2019,temp,0.74,,0.0,0
electra-base,trec-dl-2019,temp,0.75,,0.0,0
electra-base,trec-dl-2019,temp,0.76,,0.0,0
electra-base,trec-dl-2019,temp,0.77,,0.0,0
electra-base,trec-dl-2019,temp,0.78,,0.0,0
electra-base,trec-dl-2019,temp,0.79,,0.0,0
electra-base,trec-dl-2019,temp,0.8,,0.0,0
electra-base,trec-dl-2019,temp,0.81,,0.0,0
electra-base,trec-dl-2019,temp,0.8200000000000001,,0.0,0
electra-base,trec-dl-2019,temp,0.8300000000000001,,0.0,0
electra-base,trec-dl-2019,temp,0.8400000000000001,,0.0,0
electra-base,trec-dl-2019,temp,0.85,,0.0,0
electra-base,trec-dl-2019,temp,0.86,,0.0,0
electra-base,trec-dl-2019,temp,0.87,,0.0,0
electra-base,trec-dl-2019,temp,0.88,,0.0,0
electra-base,trec-dl-2019,temp,0.89,,0.0,0
electra-base,trec-dl-2019,temp,0.9,,0.0,0
electra-base,trec-dl-2019,temp,0.91,,0.0,0
electra-base,trec-dl-2019,temp,0.92,,0.0,0
electra-base,trec-dl-2019,temp,0.93,,0.0,0
electra-base,trec-dl-2019,temp,0.9400000000000001,,0.0,0
electra-base,trec-dl-2019,temp,0.9500000000000001,,0.0,0
electra-base,trec-dl-2019,temp,0.9600000000000001,,0.0,0
electra-base,trec-dl-2019,temp,0.97,,0.0,0
electra-base,trec-dl-2019,temp,0.98,,0.0,0
electra-base,trec-dl-2019,temp,0.99,,0.0,0
electra-base,trec-dl-2019,platt,0.01,0.34952298352124894,1.0,2306
electra-base,trec-dl-2019,platt,0.02,0.34952298352124894,1.0,2306
electra-base,trec-dl-2019,platt,0.03,0.34952298352124894,1.0,2306
electra-base,trec-dl-2019,platt,0.04,0.34952298352124894,1.0,2306
electra-base,trec-dl-2019,platt,0.05,0.34952298352124894,1.0,2306
electra-base,trec-dl-2019,platt,0.060000000000000005,0.34952298352124894,1.0,2306
electra-base,trec-dl-2019,platt,0.06999999999999999,0.34952298352124894,1.0,2306
electra-base,trec-dl-2019,platt,0.08,0.34952298352124894,1.0,2306
electra-base,trec-dl-2019,platt,0.09,0.34952298352124894,1.0,2306
electra-base,trec-dl-2019,platt,0.09999999999999999,0.34952298352124894,1.0,2306
electra-base,trec-dl-2019,platt,0.11,0.34952298352124894,1.0,2306
electra-base,trec-dl-2019,platt,0.12,0.34952298352124894,1.0,2306
electra-base,trec-dl-2019,platt,0.13,0.34952298352124894,1.0,2306
electra-base,trec-dl-2019,platt,0.14,0.3703349282296651,0.9063313096270599,2090
electra-base,trec-dl-2019,platt,0.15000000000000002,0.38557343020238716,0.8356461405030355,1927
electra-base,trec-dl-2019,platt,0.16,0.3952721275426058,0.7888117953165655,1819
electra-base,trec-dl-2019,platt,0.17,0.40263459335624285,0.7571552471812663,1746
electra-base,trec-dl-2019,platt,0.18000000000000002,0.4054696789536266,0.7294015611448396,1682
electra-base,trec-dl-2019,platt,0.19,0.41379310344827586,0.7042497831743278,1624
electra-base,trec-dl-2019,platt,0.2,0.41782553729456384,0.6860364267129229,1582
electra-base,trec-dl-2019,platt,0.21000000000000002,0.42503259452411996,0.6652211621856028,1534
electra-base,trec-dl-2019,platt,0.22,0.4274300932090546,0.6513443191673894,1502
electra-base,trec-dl-2019,platt,0.23,0.4333791208791209,0.6313963573287077,1456
electra-base,trec-dl-2019,platt,0.24000000000000002,0.4399717514124294,0.614050303555941,1416
electra-base,trec-dl-2019,platt,0.25,0.4451754385964912,0.593235039028621,1368
electra-base,trec-dl-2019,platt,0.26,0.45248868778280543,0.575021682567216,1326
electra-base,trec-dl-2019,platt,0.27,0.458559256390395,0.5598438855160451,1291
electra-base,trec-dl-2019,platt,0.28,0.4634920634920635,0.546400693842151,1260
electra-base,trec-dl-2019,platt,0.29000000000000004,0.4707818930041152,0.5268863833477884,1215
electra-base,trec-dl-2019,platt,0.3,0.47570332480818417,0.5086730268863834,1173
electra-base,trec-dl-2019,platt,0.31,0.4862710363153233,0.48959236773633996,1129
electra-base,trec-dl-2019,platt,0.32,0.4958371877890842,0.46877710320901994,1081
electra-base,trec-dl-2019,platt,0.33,0.5028790786948176,0.4518647007805724,1042
electra-base,trec-dl-2019,platt,0.34,0.5124875124875125,0.4340849956634866,1001
electra-base,trec-dl-2019,platt,0.35000000000000003,0.5234131113423517,0.41673894189071986,961
electra-base,trec-dl-2019,platt,0.36000000000000004,0.5280777537796977,0.401561144839549,926
electra-base,trec-dl-2019,platt,0.37,0.5393386545039909,0.3803122289679098,877
electra-base,trec-dl-2019,platt,0.38,0.5478468899521531,0.36253252385082396,836
electra-base,trec-dl-2019,platt,0.39,0.5522388059701493,0.34865568083261056,804
electra-base,trec-dl-2019,platt,0.4,0.5581395348837209,0.33564614050303554,774
electra-base,trec-dl-2019,platt,0.41000000000000003,0.5679347826086957,0.3191673894189072,736
electra-base,trec-dl-2019,platt,0.42000000000000004,0.5752840909090909,0.30529054640069386,704
electra-base,trec-dl-2019,platt,0.43,0.5807407407407408,0.292714657415438,675
electra-base,trec-dl-2019,platt,0.44,0.5909797822706065,0.2788378143972246,643
electra-base,trec-dl-2019,platt,0.45,0.5996784565916399,0.2697311361665221,622
electra-base,trec-dl-2019,platt,0.46,0.6050420168067226,0.2580225498699046,595
electra-base,trec-dl-2019,platt,0.47000000000000003,0.6117850953206239,0.2502168256721596,577
electra-base,trec-dl-2019,platt,0.48000000000000004,0.6157989228007181,0.24154379878577623,557
electra-base,trec-dl-2019,platt,0.49,0.6180811808118081,0.23503902862098872,542
electra-base,trec-dl-2019,platt,0.5,0.6202290076335878,0.22723330442324371,524
electra-base,trec-dl-2019,platt,0.51,0.6281800391389433,0.22159583694709453,511
electra-base,trec-dl-2019,platt,0.52,0.6277227722772277,0.21899392888117952,505
electra-base,trec-dl-2019,platt,0.53,0.625,0.21509106678230702,496
electra-base,trec-dl-2019,platt,0.54,0.6260330578512396,0.209887250650477,484
electra-base,trec-dl-2019,platt,0.55,0.6255230125523012,0.20728534258456202,478
electra-base,trec-dl-2019,platt,0.56,0.6206896551724138,0.20121422376409367,464
electra-base,trec-dl-2019,platt,0.5700000000000001,0.6252821670428894,0.19210754553339116,443
electra-base,trec-dl-2019,platt,0.5800000000000001,0.6267605633802817,0.18473547267996532,426
electra-base,trec-dl-2019,platt,0.59,0.6301703163017032,0.1782307025151778,411
electra-base,trec-dl-2019,platt,0.6,0.6253164556962025,0.1712922810060711,395
electra-base,trec-dl-2019,platt,0.61,0.6208791208791209,0.15784908933217692,364
electra-base,trec-dl-2019,platt,0.62,0.6126126126126126,0.14440589765828274,333
electra-base,trec-dl-2019,platt,0.63,0.6105610561056105,0.13139635732870772,303
electra-base,trec-dl-2019,platt,0.64,0.6162361623616236,0.11751951431049436,271
electra-base,trec-dl-2019,platt,0.65,0.6255506607929515,0.09843885516045099,227
electra-base,trec-dl-2019,platt,0.66,0.6363636363636364,0.08586296617519515,198
electra-base,trec-dl-2019,platt,0.67,0.6331360946745562,0.07328707718993929,169
electra-base,trec-dl-2019,platt,0.68,0.6266666666666667,0.06504770164787511,150
electra-base,trec-dl-2019,platt,0.6900000000000001,0.6304347826086957,0.0598438855160451,138
electra-base,trec-dl-2019,platt,0.7000000000000001,0.6495726495726496,0.05073720728534258,117
electra-base,trec-dl-2019,platt,0.7100000000000001,0.6555555555555556,0.03902862098872507,90
electra-base,trec-dl-2019,platt,0.72,0.6619718309859155,0.030789245446660885,71
electra-base,trec-dl-2019,platt,0.73,0.68,0.02168256721595837,50
electra-base,trec-dl-2019,platt,0.74,,0.011274934952298352,26
electra-base,trec-dl-2019,platt,0.75,,0.0,0
electra-base,trec-dl-2019,platt,0.76,,0.0,0
electra-base,trec-dl-2019,platt,0.77,,0.0,0
electra-base,trec-dl-2019,platt,0.78,,0.0,0
electra-base,trec-dl-2019,platt,0.79,,0.0,0
electra-base,trec-dl-2019,platt,0.8,,0.0,0
electra-base,trec-dl-2019,platt,0.81,,0.0,0
electra-base,trec-dl-2019,platt,0.8200000000000001,,0.0,0
electra-base,trec-dl-2019,platt,0.8300000000000001,,0.0,0
electra-base,trec-dl-2019,platt,0.8400000000000001,,0.0,0
electra-base,trec-dl-2019,platt,0.85,,0.0,0
electra-base,trec-dl-2019,platt,0.86,,0.0,0
electra-base,trec-dl-2019,platt,0.87,,0.0,0
electra-base,trec-dl-2019,platt,0.88,,0.0,0
electra-base,trec-dl-2019,platt,0.89,,0.0,0
electra-base,trec-dl-2019,platt,0.9,,0.0,0
electra-base,trec-dl-2019,platt,0.91,,0.0,0
electra-base,trec-dl-2019,platt,0.92,,0.0,0
electra-base,trec-dl-2019,platt,0.93,,0.0,0
electra-base,trec-dl-2019,platt,0.9400000000000001,,0.0,0
electra-base,trec-dl-2019,platt,0.9500000000000001,,0.0,0
electra-base,trec-dl-2019,platt,0.9600000000000001,,0.0,0
electra-base,trec-dl-2019,platt,0.97,,0.0,0
electra-base,trec-dl-2019,platt,0.98,,0.0,0
electra-base,trec-dl-2019,platt,0.99,,0.0,0
electra-base,trec-dl-2019,iso,0.01,0.34952298352124894,1.0,2306
electra-base,trec-dl-2019,iso,0.02,0.34952298352124894,1.0,2306
electra-base,trec-dl-2019,iso,0.03,0.34952298352124894,1.0,2306
electra-base,trec-dl-2019,iso,0.04,0.34952298352124894,1.0,2306
electra-base,trec-dl-2019,iso,0.05,0.34952298352124894,1.0,2306
electra-base,trec-dl-2019,iso,0.060000000000000005,0.34952298352124894,1.0,2306
electra-base,trec-dl-2019,iso,0.06999999999999999,0.34952298352124894,1.0,2306
electra-base,trec-dl-2019,iso,0.08,0.34952298352124894,1.0,2306
electra-base,trec-dl-2019,iso,0.09,0.34952298352124894,1.0,2306
electra-base,trec-dl-2019,iso,0.09999999999999999,0.3513749454386731,0.9934952298352124,2291
electra-base,trec-dl-2019,iso,0.11,0.3553976010661928,0.9761491760624458,2251
electra-base,trec-dl-2019,iso,0.12,0.3576544315129812,0.96877710320902,2234
electra-base,trec-dl-2019,iso,0.13,0.35962145110410093,0.9622723330442324,2219
electra-base,trec-dl-2019,iso,0.14,0.3610859728506787,0.95836947094536,2210
electra-base,trec-dl-2019,iso,0.15000000000000002,0.3622333182024512,0.9553339115351258,2203
electra-base,trec-dl-2019,iso,0.16,0.36342909256725947,0.9509973980919341,2193
electra-base,trec-dl-2019,iso,0.17,0.3646358222629409,0.9466608846487424,2183
electra-base,trec-dl-2019,iso,0.18000000000000002,0.366079703429101,0.9358196010407632,2158
electra-base,trec-dl-2019,iso,0.19,0.4397163120567376,0.611448395490026,1410
electra-base,trec-dl-2019,iso,0.2,0.4397163120567376,0.611448395490026,1410
electra-base,trec-dl-2019,iso,0.21000000000000002,0.4728813559322034,0.5117085862966175,1180
electra-base,trec-dl-2019,iso,0.22,0.4732824427480916,0.5112749349522984,1179
electra-base,trec-dl-2019,iso,0.23,0.4732824427480916,0.5112749349522984,1179
electra-base,trec-dl-2019,iso,0.24000000000000002,0.4732824427480916,0.5112749349522984,1179
electra-base,trec-dl-2019,iso,0.25,0.4732824427480916,0.5112749349522984,1179
electra-base,trec-dl-2019,iso,0.26,0.4732824427480916,0.5112749349522984,1179
electra-base,trec-dl-2019,iso,0.27,0.4732824427480916,0.5112749349522984,1179
electra-base,trec-dl-2019,iso,0.28,0.4744897959183674,0.5099739809193409,1176
electra-base,trec-dl-2019,iso,0.29000000000000004,0.4748936170212766,0.5095403295750217,1175
electra-base,trec-dl-2019,iso,0.3,0.4748936170212766,0.5095403295750217,1175
electra-base,trec-dl-2019,iso,0.31,0.5243128964059197,0.41023417172593235,946
electra-base,trec-dl-2019,iso,0.32,0.5642384105960265,0.3274067649609714,755
electra-base,trec-dl-2019,iso,0.33,0.5642384105960265,0.3274067649609714,755
electra-base,trec-dl-2019,iso,0.34,0.5642384105960265,0.3274067649609714,755
electra-base,trec-dl-2019,iso,0.35000000000000003,0.5642384105960265,0.3274067649609714,755
electra-base,trec-dl-2019,iso,0.36000000000000004,0.5642384105960265,0.3274067649609714,755
electra-base,trec-dl-2019,iso,0.37,0.5642384105960265,0.3274067649609714,755
electra-base,trec-dl-2019,iso,0.38,0.5642384105960265,0.3274067649609714,755
electra-base,trec-dl-2019,iso,0.39,0.5642384105960265,0.3274067649609714,755
electra-base,trec-dl-2019,iso,0.4,0.5642384105960265,0.3274067649609714,755
electra-base,trec-dl-2019,iso,0.41000000000000003,0.5642384105960265,0.3274067649609714,755
electra-base,trec-dl-2019,iso,0.42000000000000004,0.5642384105960265,0.3274067649609714,755
electra-base,trec-dl-2019,iso,0.43,0.5636604774535809,0.3269731136166522,754
electra-base,trec-dl-2019,iso,0.44,0.5636604774535809,0.3269731136166522,754
electra-base,trec-dl-2019,iso,0.45,0.5630810092961488,0.32653946227233305,753
electra-base,trec-dl-2019,iso,0.46,0.5630810092961488,0.32653946227233305,753
electra-base,trec-dl-2019,iso,0.47000000000000003,0.5625,0.3261058109280139,752
electra-base,trec-dl-2019,iso,0.48000000000000004,0.5625,0.3261058109280139,752
electra-base,trec-dl-2019,iso,0.49,0.5625,0.3261058109280139,752
electra-base,trec-dl-2019,iso,0.5,0.5625,0.3261058109280139,752
electra-base,trec-dl-2019,iso,0.51,0.5625,0.3261058109280139,752
electra-base,trec-dl-2019,iso,0.52,0.6233183856502242,0.19340849956634865,446
electra-base,trec-dl-2019,iso,0.53,0.6233183856502242,0.19340849956634865,446
electra-base,trec-dl-2019,iso,0.54,0.6233183856502242,0.19340849956634865,446
electra-base,trec-dl-2019,iso,0.55,0.6233183856502242,0.19340849956634865,446
electra-base,trec-dl-2019,iso,0.56,0.6233183856502242,0.19340849956634865,446
electra-base,trec-dl-2019,iso,0.5700000000000001,0.6233183856502242,0.19340849956634865,446
electra-base,trec-dl-2019,iso,0.5800000000000001,0.6233183856502242,0.19340849956634865,446
electra-base,trec-dl-2019,iso,0.59,0.6252983293556086,0.18169991326973114,419
electra-base,trec-dl-2019,iso,0.6,0.6252983293556086,0.18169991326973114,419
electra-base,trec-dl-2019,iso,0.61,0.6252983293556086,0.18169991326973114,419
electra-base,trec-dl-2019,iso,0.62,0.6252983293556086,0.18169991326973114,419
electra-base,trec-dl-2019,iso,0.63,0.6252983293556086,0.18169991326973114,419
electra-base,trec-dl-2019,iso,0.64,0.6252983293556086,0.18169991326973114,419
electra-base,trec-dl-2019,iso,0.65,0.6252983293556086,0.18169991326973114,419
electra-base,trec-dl-2019,iso,0.66,0.6252983293556086,0.18169991326973114,419
electra-base,trec-dl-2019,iso,0.67,0.6374269005847953,0.07415437987857762,171
electra-base,trec-dl-2019,iso,0.68,0.6352941176470588,0.07372072853425846,170
electra-base,trec-dl-2019,iso,0.6900000000000001,0.6344827586206897,0.06287944492627927,145
electra-base,trec-dl-2019,iso,0.7000000000000001,0.6666666666666666,0.03252385082393756,75
electra-base,trec-dl-2019,iso,0.7100000000000001,0.6712328767123288,0.03165654813529922,73
electra-base,trec-dl-2019,iso,0.72,0.6712328767123288,0.03165654813529922,73
electra-base,trec-dl-2019,iso,0.73,0.6714285714285714,0.030355594102341718,70
electra-base,trec-dl-2019,iso,0.74,,0.0,0
electra-base,trec-dl-2019,iso,0.75,,0.0,0
electra-base,trec-dl-2019,iso,0.76,,0.0,0
electra-base,trec-dl-2019,iso,0.77,,0.0,0
electra-base,trec-dl-2019,iso,0.78,,0.0,0
electra-base,trec-dl-2019,iso,0.79,,0.0,0
electra-base,trec-dl-2019,iso,0.8,,0.0,0
electra-base,trec-dl-2019,iso,0.81,,0.0,0
electra-base,trec-dl-2019,iso,0.8200000000000001,,0.0,0
electra-base,trec-dl-2019,iso,0.8300000000000001,,0.0,0
electra-base,trec-dl-2019,iso,0.8400000000000001,,0.0,0
electra-base,trec-dl-2019,iso,0.85,,0.0,0
electra-base,trec-dl-2019,iso,0.86,,0.0,0
electra-base,trec-dl-2019,iso,0.87,,0.0,0
electra-base,trec-dl-2019,iso,0.88,,0.0,0
electra-base,trec-dl-2019,iso,0.89,,0.0,0
electra-base,trec-dl-2019,iso,0.9,,0.0,0
electra-base,trec-dl-2019,iso,0.91,,0.0,0
electra-base,trec-dl-2019,iso,0.92,,0.0,0
electra-base,trec-dl-2019,iso,0.93,,0.0,0
electra-base,trec-dl-2019,iso,0.9400000000000001,,0.0,0
electra-base,trec-dl-2019,iso,0.9500000000000001,,0.0,0
electra-base,trec-dl-2019,iso,0.9600000000000001,,0.0,0
electra-base,trec-dl-2019,iso,0.97,,0.0,0
electra-base,trec-dl-2019,iso,0.98,,0.0,0
electra-base,trec-dl-2019,iso,0.99,,0.0,0
electra-base,trec-dl-2019,temp_lodo,0.01,0.34952298352124894,1.0,2306
electra-base,trec-dl-2019,temp_lodo,0.02,0.34952298352124894,1.0,2306
electra-base,trec-dl-2019,temp_lodo,0.03,0.34952298352124894,1.0,2306
electra-base,trec-dl-2019,temp_lodo,0.04,0.34952298352124894,1.0,2306
electra-base,trec-dl-2019,temp_lodo,0.05,0.34952298352124894,1.0,2306
electra-base,trec-dl-2019,temp_lodo,0.060000000000000005,0.34952298352124894,1.0,2306
electra-base,trec-dl-2019,temp_lodo,0.06999999999999999,0.34952298352124894,1.0,2306
electra-base,trec-dl-2019,temp_lodo,0.08,0.3799898938858009,0.8581960104076323,1979
electra-base,trec-dl-2019,temp_lodo,0.09,0.3949533735600658,0.7905464006938422,1823
electra-base,trec-dl-2019,temp_lodo,0.09999999999999999,0.4031141868512111,0.7519514310494363,1734
electra-base,trec-dl-2019,temp_lodo,0.11,0.4089264173703257,0.7189939288811795,1658
electra-base,trec-dl-2019,temp_lodo,0.12,0.41625,0.6938421509106678,1600
electra-base,trec-dl-2019,temp_lodo,0.13,0.4227537168713639,0.6708586296617519,1547
electra-base,trec-dl-2019,temp_lodo,0.14,0.42790697674418604,0.6526452732003469,1505
electra-base,trec-dl-2019,temp_lodo,0.15000000000000002,0.4333791208791209,0.6313963573287077,1456
electra-base,trec-dl-2019,temp_lodo,0.16,0.4405940594059406,0.6131830008673027,1414
electra-base,trec-dl-2019,temp_lodo,0.17,0.4456681350954479,0.590633130962706,1362
electra-base,trec-dl-2019,temp_lodo,0.18000000000000002,0.4523449319213313,0.5732870771899393,1322
electra-base,trec-dl-2019,temp_lodo,0.19,0.4603421461897356,0.5576756287944492,1286
electra-base,trec-dl-2019,temp_lodo,0.2,0.4664,0.5420641803989592,1250
electra-base,trec-dl-2019,temp_lodo,0.21000000000000002,0.47019867549668876,0.5238508239375542,1208
electra-base,trec-dl-2019,temp_lodo,0.22,0.4802065404475043,0.5039028620988725,1162
electra-base,trec-dl-2019,temp_lodo,0.23,0.4871111111111111,0.4878577623590633,1125
electra-base,trec-dl-2019,temp_lodo,0.24000000000000002,0.49537037037037035,0.4683434518647008,1080
electra-base,trec-dl-2019,temp_lodo,0.25,0.5014354066985646,0.45316565481352994,1045
electra-base,trec-dl-2019,temp_lodo,0.26,0.5114427860696518,0.4358196010407632,1005
electra-base,trec-dl-2019,temp_lodo,0.27,0.5217391304347826,0.4189071986123157,966
electra-base,trec-dl-2019,temp_lodo,0.28,0.5267665952890792,0.40503035559410233,934
electra-base,trec-dl-2019,temp_lodo,0.29000000000000004,0.5338512763596004,0.3907198612315698,901
electra-base,trec-dl-2019,temp_lodo,0.3,0.543757292882147,0.37163920208152645,857
electra-base,trec-dl-2019,temp_lodo,0.31,0.5484261501210653,0.35819601040763227,826
electra-base,trec-dl-2019,temp_lodo,0.32,0.5531914893617021,0.34648742411101474,799
electra-base,trec-dl-2019,temp_lodo,0.33,0.5575679172056921,0.3352124891587164,773
electra-base,trec-dl-2019,temp_lodo,0.34,0.5663956639566395,0.32003469210754554,738
electra-base,trec-dl-2019,temp_lodo,0.35000000000000003,0.5724331926863573,0.308326105810928,711
electra-base,trec-dl-2019,temp_lodo,0.36000000000000004,0.5759768451519537,0.2996530789245447,691
electra-base,trec-dl-2019,temp_lodo,0.37,0.5869894099848714,0.28664353859496966,661
electra-base,trec-dl-2019,temp_lodo,0.38,0.5934065934065934,0.2762359063313096,637
electra-base,trec-dl-2019,temp_lodo,0.39,0.6,0.2688638334778838,620
electra-base,trec-dl-2019,temp_lodo,0.4,0.6046901172529313,0.2588898525585429,597
electra-base,trec-dl-2019,temp_lodo,0.41000000000000003,0.6120689655172413,0.2515177797051171,580
electra-base,trec-dl-2019,temp_lodo,0.42000000000000004,0.6148409893992933,0.24544666088464875,566
electra-base,trec-dl-2019,temp_lodo,0.43,0.6166365280289331,0.23980919340849957,553
electra-base,trec-dl-2019,temp_lodo,0.44,0.6196660482374768,0.23373807458803122,539
electra-base,trec-dl-2019,temp_lodo,0.45,0.6190476190476191,0.22766695576756288,525
electra-base,trec-dl-2019,temp_lodo,0.46,0.6264591439688716,0.22289679098005205,514
electra-base,trec-dl-2019,temp_lodo,0.47000000000000003,0.6291913214990138,0.21986123156981788,507
electra-base,trec-dl-2019,temp_lodo,0.48000000000000004,0.6274900398406374,0.21769297484822203,502
electra-base,trec-dl-2019,temp_lodo,0.49,0.625,0.21509106678230702,496
electra-base,trec-dl-2019,temp_lodo,0.5,0.6242299794661191,0.21118820468343452,487
electra-base,trec-dl-2019,temp_lodo,0.51,0.6265560165975104,0.20901994796183868,482
electra-base,trec-dl-2019,temp_lodo,0.52,0.6244725738396625,0.20555073720728534,474
electra-base,trec-dl-2019,temp_lodo,0.53,0.6190476190476191,0.20034692107545535,462
electra-base,trec-dl-2019,temp_lodo,0.54,0.6247191011235955,0.19297484822202948,445
electra-base,trec-dl-2019,temp_lodo,0.55,0.6296296296296297,0.1873373807458803,432
electra-base,trec-dl-2019,temp_lodo,0.56,0.6252983293556086,0.18169991326973114,419
electra-base,trec-dl-2019,temp_lodo,0.5700000000000001,0.628992628992629,0.17649609713790113,407
electra-base,trec-dl-2019,temp_lodo,0.5800000000000001,0.6259541984732825,0.17042497831743278,393
electra-base,trec-dl-2019,temp_lodo,0.59,0.6155913978494624,0.16131830008673026,372
electra-base,trec-dl-2019,temp_lodo,0.6,0.6080691642651297,0.15047701647875109,347
electra-base,trec-dl-2019,temp_lodo,0.61,0.6080246913580247,0.14050303555941024,324
electra-base,trec-dl-2019,temp_lodo,0.62,0.6079734219269103,0.1305290546400694,301
electra-base,trec-dl-2019,temp_lodo,0.63,0.610909090909091,0.11925411968777103,275
electra-base,trec-dl-2019,temp_lodo,0.64,0.6218487394957983,0.10320901994796183,238
electra-base,trec-dl-2019,temp_lodo,0.65,0.6325581395348837,0.09323503902862099,215
electra-base,trec-dl-2019,temp_lodo,0.66,0.631578947368421,0.0823937554206418,190
electra-base,trec-dl-2019,temp_lodo,0.67,0.6331360946745562,0.07328707718993929,169
electra-base,trec-dl-2019,temp_lodo,0.68,0.6274509803921569,0.0663486556808326,153
electra-base,trec-dl-2019,temp_lodo,0.6900000000000001,0.6357142857142857,0.060711188204683436,140
electra-base,trec-dl-2019,temp_lodo,0.7000000000000001,0.6230769230769231,0.05637467476149176,130
electra-base,trec-dl-2019,temp_lodo,0.7100000000000001,0.6460176991150443,0.049002601908065914,113
electra-base,trec-dl-2019,temp_lodo,0.72,0.6555555555555556,0.03902862098872507,90
electra-base,trec-dl-2019,temp_lodo,0.73,0.6666666666666666,0.03252385082393756,75
electra-base,trec-dl-2019,temp_lodo,0.74,0.6949152542372882,0.025585429314830876,59
electra-base,trec-dl-2019,temp_lodo,0.75,0.6829268292682927,0.01777970511708586,41
electra-base,trec-dl-2019,temp_lodo,0.76,,0.00997398091934085,23
electra-base,trec-dl-2019,temp_lodo,0.77,,0.0,0
electra-base,trec-dl-2019,temp_lodo,0.78,,0.0,0
electra-base,trec-dl-2019,temp_lodo,0.79,,0.0,0
electra-base,trec-dl-2019,temp_lodo,0.8,,0.0,0
electra-base,trec-dl-2019,temp_lodo,0.81,,0.0,0
electra-base,trec-dl-2019,temp_lodo,0.8200000000000001,,0.0,0
electra-base,trec-dl-2019,temp_lodo,0.8300000000000001,,0.0,0
electra-base,trec-dl-2019,temp_lodo,0.8400000000000001,,0.0,0
electra-base,trec-dl-2019,temp_lodo,0.85,,0.0,0
electra-base,trec-dl-2019,temp_lodo,0.86,,0.0,0
electra-base,trec-dl-2019,temp_lodo,0.87,,0.0,0
electra-base,trec-dl-2019,temp_lodo,0.88,,0.0,0
electra-base,trec-dl-2019,temp_lodo,0.89,,0.0,0
electra-base,trec-dl-2019,temp_lodo,0.9,,0.0,0
electra-base,trec-dl-2019,temp_lodo,0.91,,0.0,0
electra-base,trec-dl-2019,temp_lodo,0.92,,0.0,0
electra-base,trec-dl-2019,temp_lodo,0.93,,0.0,0
electra-base,trec-dl-2019,temp_lodo,0.9400000000000001,,0.0,0
electra-base,trec-dl-2019,temp_lodo,0.9500000000000001,,0.0,0
electra-base,trec-dl-2019,temp_lodo,0.9600000000000001,,0.0,0
electra-base,trec-dl-2019,temp_lodo,0.97,,0.0,0
electra-base,trec-dl-2019,temp_lodo,0.98,,0.0,0
electra-base,trec-dl-2019,temp_lodo,0.99,,0.0,0
electra-base,trec-dl-2020,raw,0.01,0.3168469860896445,0.4551530073865635,1294
electra-base,trec-dl-2020,raw,0.02,0.3347457627118644,0.4150545198733732,1180
electra-base,trec-dl-2020,raw,0.03,0.35086128739800543,0.3879704537460429,1103
electra-base,trec-dl-2020,raw,0.04,0.3619047619047619,0.3693281744635948,1050
electra-base,trec-dl-2020,raw,0.05,0.3697148475909538,0.35772071755188184,1017
electra-base,trec-dl-2020,raw,0.060000000000000005,0.37857142857142856,0.34470629616602183,980
electra-base,trec-dl-2020,raw,0.06999999999999999,0.38477801268498946,0.3327470981357721,946
electra-base,trec-dl-2020,raw,0.08,0.3895538628944505,0.32325008793527965,919
electra-base,trec-dl-2020,raw,0.09,0.39553072625698327,0.3148083010903975,895
electra-base,trec-dl-2020,raw,0.09999999999999999,0.39931350114416475,0.30742173760112557,874
electra-base,trec-dl-2020,raw,0.11,0.4061032863849765,0.2996834329933169,852
electra-base,trec-dl-2020,raw,0.12,0.4119760479041916,0.29370383397819205,835
electra-base,trec-dl-2020,raw,0.13,0.41676942046855736,0.2852620471333099,811
electra-base,trec-dl-2020,raw,0.14,0.42138364779874216,0.2796341892367218,795
electra-base,trec-dl-2020,raw,0.15000000000000002,0.4263764404609475,0.2747098135772072,781
electra-base,trec-dl-2020,raw,0.16,0.42987012987012985,0.27084066127330286,770
electra-base,trec-dl-2020,raw,0.17,0.4330708661417323,0.2680267323250088,762
electra-base,trec-dl-2020,raw,0.18000000000000002,0.4332892998678996,0.266268026732325,757
electra-base,trec-dl-2020,raw,0.19,0.4381720430107527,0.2616953921913472,744
electra-base,trec-dl-2020,raw,0.2,0.44005449591280654,0.2581779810059796,734
electra-base,trec-dl-2020,raw,0.21000000000000002,0.44154057771664373,0.2557157931762223,727
electra-base,trec-dl-2020,raw,0.22,0.4419889502762431,0.254660569820612,724
electra-base,trec-dl-2020,raw,0.23,0.44490934449093444,0.25219838199085476,717
electra-base,trec-dl-2020,raw,0.24000000000000002,0.44537815126050423,0.25114315863524445,714
electra-base,trec-dl-2020,raw,0.25,0.44569816643159377,0.24938445304256068,709
electra-base,trec-dl-2020,raw,0.26,0.4474431818181818,0.2476257474498769,704
electra-base,trec-dl-2020,raw,0.27,0.45064377682403434,0.2458670418571931,699
electra-base,trec-dl-2020,raw,0.28,0.45244956772334294,0.2441083362645093,694
electra-base,trec-dl-2020,raw,0.29000000000000004,0.4544138929088278,0.24305311290889905,691
electra-base,trec-dl-2020,raw,0.3,0.45573294629898403,0.24234963067182555,689
electra-base,trec-dl-2020,raw,0.31,0.4570596797671033,0.24164614843475202,687
electra-base,trec-dl-2020,raw,0.32,0.4569343065693431,0.2409426661976785,685
electra-base,trec-dl-2020,raw,0.33,0.45760233918128657,0.24059092507914176,684
electra-base,trec-dl-2020,raw,0.34,0.4568081991215227,0.240239183960605,683
electra-base,trec-dl-2020,raw,0.35000000000000003,0.4566813509544787,0.23953570172353147,681
electra-base,trec-dl-2020,raw,0.36000000000000004,0.4566813509544787,0.23953570172353147,681
electra-base,trec-dl-2020,raw,0.37,0.4564254062038405,0.23812873724938446,677
electra-base,trec-dl-2020,raw,0.38,0.4577777777777778,0.23742525501231093,675
electra-base,trec-dl-2020,raw,0.39,0.4618834080717489,0.2353148083010904,669
electra-base,trec-dl-2020,raw,0.4,0.4618834080717489,0.2353148083010904,669
electra-base,trec-dl-2020,raw,0.41000000000000003,0.4625748502994012,0.23496306718255364,668
electra-base,trec-dl-2020,raw,0.42000000000000004,0.4631578947368421,0.23390784382694338,665
electra-base,trec-dl-2020,raw,0.43,0.4622356495468278,0.2328526204713331,662
electra-base,trec-dl-2020,raw,0.44,0.4622356495468278,0.2328526204713331,662
electra-base,trec-dl-2020,raw,0.45,0.4622356495468278,0.2328526204713331,662
electra-base,trec-dl-2020,raw,0.46,0.4613050075872534,0.23179739711572284,659
electra-base,trec-dl-2020,raw,0.47000000000000003,0.4613050075872534,0.23179739711572284,659
electra-base,trec-dl-2020,raw,0.48000000000000004,0.46248085758039814,0.2296869504045023,653
electra-base,trec-dl-2020,raw,0.49,0.46236559139784944,0.22898346816742876,651
electra-base,trec-dl-2020,raw,0.5,0.46236559139784944,0.22898346816742876,651
electra-base,trec-dl-2020,raw,0.51,0.46153846153846156,0.228631727048892,650
electra-base,trec-dl-2020,raw,0.52,0.46296296296296297,0.2279282448118185,648
electra-base,trec-dl-2020,raw,0.53,0.46367851622874806,0.22757650369328175,647
electra-base,trec-dl-2020,raw,0.54,0.4665629860031104,0.2261695392191347,643
electra-base,trec-dl-2020,raw,0.55,0.4672897196261682,0.22581779810059796,642
electra-base,trec-dl-2020,raw,0.56,0.4694835680751174,0.22476257474498768,639
electra-base,trec-dl-2020,raw,0.5700000000000001,0.47095761381475665,0.22405909250791417,637
electra-base,trec-dl-2020,raw,0.5800000000000001,0.4716981132075472,0.22370735138937742,636
electra-base,trec-dl-2020,raw,0.59,0.4716981132075472,0.22370735138937742,636
electra-base,trec-dl-2020,raw,0.6,0.47393364928909953,0.22265212803376716,633
electra-base,trec-dl-2020,raw,0.61,0.4754358161648177,0.22194864579669363,631
electra-base,trec-dl-2020,raw,0.62,0.47611464968152867,0.22089342244108337,628
electra-base,trec-dl-2020,raw,0.63,0.4768740031897927,0.22054168132254662,627
electra-base,trec-dl-2020,raw,0.64,0.47665056360708535,0.21843123461132607,621
electra-base,trec-dl-2020,raw,0.65,0.4774193548387097,0.2180794934927893,620
electra-base,trec-dl-2020,raw,0.66,0.47875816993464054,0.21526556454449525,612
electra-base,trec-dl-2020,raw,0.67,0.48344370860927155,0.2124516355962012,604
electra-base,trec-dl-2020,raw,0.68,0.4833887043189369,0.2117481533591277,602
electra-base,trec-dl-2020,raw,0.6900000000000001,0.4831081081081081,0.2082307421737601,592
electra-base,trec-dl-2020,raw,0.7000000000000001,0.4838160136286201,0.20647203658107632,587
electra-base,trec-dl-2020,raw,0.7100000000000001,0.4853195164075993,0.20365810763278228,579
electra-base,trec-dl-2020,raw,0.72,0.48951048951048953,0.20119591980302498,572
electra-base,trec-dl-2020,raw,0.73,0.49029982363315694,0.1994372142103412,567
electra-base,trec-dl-2020,raw,0.74,0.49019607843137253,0.19732676749912065,561
electra-base,trec-dl-2020,raw,0.75,0.492831541218638,0.19627154414351036,558
electra-base,trec-dl-2020,raw,0.76,0.4927797833935018,0.19486457966936335,554
electra-base,trec-dl-2020,raw,0.77,0.4907749077490775,0.19064368624692227,542
electra-base,trec-dl-2020,raw,0.78,0.4924812030075188,0.1871262750615547,532
electra-base,trec-dl-2020,raw,0.79,0.497131931166348,0.1839606049947239,523
electra-base,trec-dl-2020,raw,0.8,0.5009823182711198,0.1790362293352093,509
electra-base,trec-dl-2020,raw,0.81,0.5069860279441117,0.17622230038691522,501
electra-base,trec-dl-2020,raw,0.8200000000000001,0.5082644628099173,0.17024270137179037,484
electra-base,trec-dl-2020,raw,0.8300000000000001,0.5126050420168067,0.1674287724234963,476
electra-base,trec-dl-2020,raw,0.8400000000000001,0.5161987041036717,0.16285613788251846,463
electra-base,trec-dl-2020,raw,0.85,0.5227272727272727,0.15476609215617307,440
electra-base,trec-dl-2020,raw,0.86,0.5283018867924528,0.14913823425958495,424
electra-base,trec-dl-2020,raw,0.87,0.5302663438256658,0.1452690819556806,413
electra-base,trec-dl-2020,raw,0.88,0.5368956743002544,0.13823425958494548,393
electra-base,trec-dl-2020,raw,0.89,0.5501355013550135,0.1297924727400633,369
electra-base,trec-dl-2020,raw,0.9,0.5653409090909091,0.12381287372493845,352
electra-base,trec-dl-2020,raw,0.91,0.5762195121951219,0.11537108688005628,328
electra-base,trec-dl-2020,raw,0.92,0.597972972972973,0.10411537108688006,296
electra-base,trec-dl-2020,raw,0.93,0.6148148148148148,0.09497010200492438,270
electra-base,trec-dl-2020,raw,0.9400000000000001,0.6204081632653061,0.08617657404150546,245
electra-base,trec-dl-2020,raw,0.9500000000000001,0.6543778801843319,0.07632782272247626,217
electra-base,trec-dl-2020,raw,0.9600000000000001,0.6632124352331606,0.06788603587759409,193
electra-base,trec-dl-2020,raw,0.97,0.6728395061728395,0.056982061202954626,162
electra-base,trec-dl-2020,raw,0.98,0.7024793388429752,0.04256067534294759,121
electra-base,trec-dl-2020,raw,0.99,0.7183098591549296,0.024973619416109743,71
electra-base,trec-dl-2020,temp,0.01,0.16848399577910658,1.0,2843
electra-base,trec-dl-2020,temp,0.02,0.16848399577910658,1.0,2843
electra-base,trec-dl-2020,temp,0.03,0.2119981957600361,0.7798100597959902,2217
electra-base,trec-dl-2020,temp,0.04,0.229227761485826,0.7196623285262047,2046
electra-base,trec-dl-2020,temp,0.05,0.24110878661087867,0.6725290186422793,1912
electra-base,trec-dl-2020,temp,0.060000000000000005,0.25096101043382757,0.6405205768554344,1821
electra-base,trec-dl-2020,temp,0.06999999999999999,0.25947187141216993,0.6127330284910306,1742
electra-base,trec-dl-2020,temp,0.08,0.2658753709198813,0.5926837847344355,1685
electra-base,trec-dl-2020,temp,0.09,0.2718865598027127,0.5705240942666198,1622
electra-base,trec-dl-2020,temp,0.09999999999999999,0.27767235926628714,0.5561027084066127,1581
electra-base,trec-dl-2020,temp,0.11,0.2835723598435463,0.5395708758353852,1534
electra-base,trec-dl-2020,temp,0.12,0.2890835579514825,0.5219838199085474,1484
electra-base,trec-dl-2020,temp,0.13,0.29201101928374656,0.5107281041153711,1452
electra-base,trec-dl-2020,temp,0.14,0.30042918454935624,0.4917340837143862,1398
electra-base,trec-dl-2020,temp,0.15000000000000002,0.3084870848708487,0.4766092156173057,1355
electra-base,trec-dl-2020,temp,0.16,0.31574923547400613,0.4600773830460781,1308
electra-base,trec-dl-2020,temp,0.17,0.31896551724137934,0.44882166725290185,1276
electra-base,trec-dl-2020,temp,0.18000000000000002,0.32390953150242324,0.4354555047485051,1238
electra-base,trec-dl-2020,temp,0.19,0.3283705541770058,0.42525501231093915,1209
electra-base,trec-dl-2020,temp,0.2,0.33361486486486486,0.4164614843475202,1184
electra-base,trec-dl-2020,temp,0.21000000000000002,0.34176111595466435,0.4034470629616602,1147
electra-base,trec-dl-2020,temp,0.22,0.3470115967885816,0.39430179387970454,1121
electra-base,trec-dl-2020,temp,0.23,0.35283363802559414,0.3848047836792121,1094
electra-base,trec-dl-2020,temp,0.24000000000000002,0.3587570621468927,0.37354906788603587,1062
electra-base,trec-dl-2020,temp,0.25,0.36354869816779173,0.36475553992261694,1037
electra-base,trec-dl-2020,temp,0.26,0.3697148475909538,0.35772071755188184,1017
electra-base,trec-dl-2020,temp,0.27,0.3748743718592965,0.3499824129440732,995
electra-base,trec-dl-2020,temp,0.28,0.38055842812823165,0.340133661625044,967
electra-base,trec-dl-2020,temp,0.29000000000000004,0.3865814696485623,0.33028491030601476,939
electra-base,trec-dl-2020,temp,0.3,0.39211391018619934,0.3211396412240591,913
electra-base,trec-dl-2020,temp,0.31,0.3984198645598194,0.31164263102356665,886
electra-base,trec-dl-2020,temp,0.32,0.4037122969837587,0.3032008441786845,862
electra-base,trec-dl-2020,temp,0.33,0.4119760479041916,0.29370383397819205,835
electra-base,trec-dl-2020,temp,0.34,0.4183168316831683,0.2842068237776996,808
electra-base,trec-dl-2020,temp,0.35000000000000003,0.42493638676844786,0.27646851916989096,786
electra-base,trec-dl-2020,temp,0.36000000000000004,0.43137254901960786,0.26908195568061904,765
electra-base,trec-dl-2020,temp,0.37,0.43386243386243384,0.2659162856137883,756
electra-base,trec-dl-2020,temp,0.38,0.44005449591280654,0.2581779810059796,734
electra-base,trec-dl-2020,temp,0.39,0.4419889502762431,0.254660569820612,724
electra-base,trec-dl-2020,temp,0.4,0.44537815126050423,0.25114315863524445,714
electra-base,trec-dl-2020,temp,0.41000000000000003,0.44871794871794873,0.2469222652128034,702
electra-base,trec-dl-2020,temp,0.42000000000000004,0.4544138929088278,0.24305311290889905,691
electra-base,trec-dl-2020,temp,0.43,0.4570596797671033,0.24164614843475202,687
electra-base,trec-dl-2020,temp,0.44,0.45760233918128657,0.24059092507914176,684
electra-base,trec-dl-2020,temp,0.45,0.4566813509544787,0.23953570172353147,681
electra-base,trec-dl-2020,temp,0.46,0.4618834080717489,0.2353148083010904,669
electra-base,trec-dl-2020,temp,0.47000000000000003,0.4624624624624625,0.23425958494548013,666
electra-base,trec-dl-2020,temp,0.48000000000000004,0.4622356495468278,0.2328526204713331,662
electra-base,trec-dl-2020,temp,0.49,0.4627092846270928,0.2310939148786493,657
electra-base,trec-dl-2020,temp,0.5,0.46236559139784944,0.22898346816742876,651
electra-base,trec-dl-2020,temp,0.51,0.46367851622874806,0.22757650369328175,647
electra-base,trec-dl-2020,temp,0.52,0.4694835680751174,0.22476257474498768,639
electra-base,trec-dl-2020,temp,0.53,0.4716981132075472,0.22370735138937742,636
electra-base,trec-dl-2020,temp,0.54,0.4746031746031746,0.22159690467815688,630
electra-base,trec-dl-2020,temp,0.55,0.4767255216693419,0.21913471684839958,623
electra-base,trec-dl-2020,temp,0.56,0.4795417348608838,0.2149138234259585,611
electra-base,trec-dl-2020,temp,0.5700000000000001,0.4839797639123103,0.20858248329229687,593
electra-base,trec-dl-2020,temp,0.5800000000000001,0.4878472222222222,0.202602884277172,576
electra-base,trec-dl-2020,temp,0.59,0.4920071047957371,0.19803024973619415,563
electra-base,trec-dl-2020,temp,0.6,0.4927797833935018,0.19486457966936335,554
electra-base,trec-dl-2020,temp,0.61,0.4924812030075188,0.1871262750615547,532
electra-base,trec-dl-2020,temp,0.62,0.5009823182711198,0.1790362293352093,509
electra-base,trec-dl-2020,temp,0.63,0.5072164948453608,0.17059444249032713,485
electra-base,trec-dl-2020,temp,0.64,0.5170940170940171,0.16461484347520225,468
electra-base,trec-dl-2020,temp,0.65,0.5252293577981652,0.15335912768202603,436
electra-base,trec-dl-2020,temp,0.66,0.5275779376498801,0.14667604642982765,417
electra-base,trec-dl-2020,temp,0.67,0.541025641025641,0.13717903622933522,390
electra-base,trec-dl-2020,temp,0.68,0.5576923076923077,0.12803376714737952,364
electra-base,trec-dl-2020,temp,0.6900000000000001,0.5710059171597633,0.11888849806542384,338
electra-base,trec-dl-2020,temp,0.7000000000000001,0.5907590759075908,0.10657755891663735,303
electra-base,trec-dl-2020,temp,0.7100000000000001,0.6093189964157706,0.09813577207175518,279
electra-base,trec-dl-2020,temp,0.72,0.6147859922178989,0.09039746746394653,257
electra-base,trec-dl-2020,temp,0.73,0.6302521008403361,0.08371438621174815,238
electra-base,trec-dl-2020,temp,0.74,0.6542056074766355,0.07527259936686599,214
electra-base,trec-dl-2020,temp,0.75,0.6532663316582915,0.06999648258881463,199
electra-base,trec-dl-2020,temp,0.76,0.6648648648648648,0.06507210692930003,185
electra-base,trec-dl-2020,temp,0.77,0.6727272727272727,0.0580372845585649,165
electra-base,trec-dl-2020,temp,0.78,0.704225352112676,0.049947238832219486,142
electra-base,trec-dl-2020,temp,0.79,0.7045454545454546,0.04642982764685192,132
electra-base,trec-dl-2020,temp,0.8,0.7068965517241379,0.0408019697502638,116
electra-base,trec-dl-2020,temp,0.81,0.7047619047619048,0.03693281744635948,105
electra-base,trec-dl-2020,temp,0.8200000000000001,0.7096774193548387,0.0327119240239184,93
electra-base,trec-dl-2020,temp,0.8300000000000001,0.725,0.028139289482940557,80
electra-base,trec-dl-2020,temp,0.8400000000000001,0.7575757575757576,0.02321491382342596,66
electra-base,trec-dl-2020,temp,0.85,0.84,0.017587055926837847,50
electra-base,trec-dl-2020,temp,0.86,,0.0,0
electra-base,trec-dl-2020,temp,0.87,,0.0,0
electra-base,trec-dl-2020,temp,0.88,,0.0,0
electra-base,trec-dl-2020,temp,0.89,,0.0,0
electra-base,trec-dl-2020,temp,0.9,,0.0,0
electra-base,trec-dl-2020,temp,0.91,,0.0,0
electra-base,trec-dl-2020,temp,0.92,,0.0,0
electra-base,trec-dl-2020,temp,0.93,,0.0,0
electra-base,trec-dl-2020,temp,0.9400000000000001,,0.0,0
electra-base,trec-dl-2020,temp,0.9500000000000001,,0.0,0
electra-base,trec-dl-2020,temp,0.9600000000000001,,0.0,0
electra-base,trec-dl-2020,temp,0.97,,0.0,0
electra-base,trec-dl-2020,temp,0.98,,0.0,0
electra-base,trec-dl-2020,temp,0.99,,0.0,0
electra-base,trec-dl-2020,platt,0.01,0.16848399577910658,1.0,2843
electra-base,trec-dl-2020,platt,0.02,0.18703631393986725,0.9008090045726346,2561
electra-base,trec-dl-2020,platt,0.03,0.224450811843362,0.736545902215969,2094
electra-base,trec-dl-2020,platt,0.04,0.24272871496562665,0.6651424551530074,1891
electra-base,trec-dl-2020,platt,0.05,0.2577903682719547,0.620823074217376,1765
electra-base,trec-dl-2020,platt,0.060000000000000005,0.26690604428485937,0.5877594090749209,1671
electra-base,trec-dl-2020,platt,0.06999999999999999,0.2777777777777778,0.5571579317622231,1584
electra-base,trec-dl-2020,platt,0.08,0.2877076411960133,0.5293703833978192,1505
electra-base,trec-dl-2020,platt,0.09,0.2939541348158443,0.5061554695743933,1439
electra-base,trec-dl-2020,platt,0.09999999999999999,0.3078055964653903,0.47766443897291594,1358
electra-base,trec-dl-2020,platt,0.11,0.3175832687838885,0.45409778403095324,1291
electra-base,trec-dl-2020,platt,0.12,0.32441200324412,0.4336967991558213,1233
electra-base,trec-dl-2020,platt,0.13,0.33361486486486486,0.4164614843475202,1184
electra-base,trec-dl-2020,platt,0.14,0.3454384410983171,0.3971157228279986,1129
electra-base,trec-dl-2020,platt,0.15000000000000002,0.35543278084714547,0.38199085473091804,1086
electra-base,trec-dl-2020,platt,0.16,0.3642512077294686,0.36405205768554344,1035
electra-base,trec-dl-2020,platt,0.17,0.374,0.35174111853675694,1000
electra-base,trec-dl-2020,platt,0.18000000000000002,0.38275499474237645,0.33450580372845584,951
electra-base,trec-dl-2020,platt,0.19,0.3927392739273927,0.31973267674991207,909
electra-base,trec-dl-2020,platt,0.2,0.4,0.30601477312697856,870
electra-base,trec-dl-2020,platt,0.21000000000000002,0.41204819277108434,0.2919451283855083,830
electra-base,trec-dl-2020,platt,0.22,0.42385786802030456,0.27717200140696446,788
electra-base,trec-dl-2020,platt,0.23,0.4342105263157895,0.2673232500879353,760
electra-base,trec-dl-2020,platt,0.24000000000000002,0.4392905866302865,0.25782623988744285,733
electra-base,trec-dl-2020,platt,0.25,0.44490934449093444,0.25219838199085476,717
electra-base,trec-dl-2020,platt,0.26,0.44871794871794873,0.2469222652128034,702
electra-base,trec-dl-2020,platt,0.27,0.4563953488372093,0.24199788955328877,688
electra-base,trec-dl-2020,platt,0.28,0.4568081991215227,0.240239183960605,683
electra-base,trec-dl-2020,platt,0.29000000000000004,0.4577777777777778,0.23742525501231093,675
electra-base,trec-dl-2020,platt,0.3,0.4624624624624625,0.23425958494548013,666
electra-base,trec-dl-2020,platt,0.31,0.4621212121212121,0.2321491382342596,660
electra-base,trec-dl-2020,platt,0.32,0.46236559139784944,0.22898346816742876,651
electra-base,trec-dl-2020,platt,0.33,0.46439628482972134,0.227224762574745,646
electra-base,trec-dl-2020,platt,0.34,0.47095761381475665,0.22405909250791417,637
electra-base,trec-dl-2020,platt,0.35000000000000003,0.47468354430379744,0.22230038691523038,632
electra-base,trec-dl-2020,platt,0.36000000000000004,0.47665056360708535,0.21843123461132607,621
electra-base,trec-dl-2020,platt,0.37,0.48344370860927155,0.2124516355962012,604
electra-base,trec-dl-2020,platt,0.38,0.4845890410958904,0.20541681322546607,584
electra-base,trec-dl-2020,platt,0.39,0.4920353982300885,0.19873373197326769,565
electra-base,trec-dl-2020,platt,0.4,0.4927536231884058,0.19416109743228985,552
electra-base,trec-dl-2020,platt,0.41000000000000003,0.4961832061068702,0.18431234611326064,524
electra-base,trec-dl-2020,platt,0.42000000000000004,0.5069860279441117,0.17622230038691522,501
electra-base,trec-dl-2020,platt,0.43,0.5126050420168067,0.1674287724234963,476
electra-base,trec-dl-2020,platt,0.44,0.5203619909502263,0.15546957439324657,442
electra-base,trec-dl-2020,platt,0.45,0.5263157894736842,0.1470277875483644,418
electra-base,trec-dl-2020,platt,0.46,0.5396419437340153,0.13753077734787197,391
electra-base,trec-dl-2020,platt,0.47000000000000003,0.5576923076923077,0.12803376714737952,364
electra-base,trec-dl-2020,platt,0.48000000000000004,0.5727002967359051,0.11853675694688709,337
electra-base,trec-dl-2020,platt,0.49,0.5894039735099338,0.1062258177981006,302
electra-base,trec-dl-2020,platt,0.5,0.6086956521739131,0.09708054871614492,276
electra-base,trec-dl-2020,platt,0.51,0.6171875,0.09004572634540978,256
electra-base,trec-dl-2020,platt,0.52,0.6317991631799164,0.08406612733028491,239
electra-base,trec-dl-2020,platt,0.53,0.6542056074766355,0.07527259936686599,214
electra-base,trec-dl-2020,platt,0.54,0.6485148514851485,0.0710517059444249,202
electra-base,trec-dl-2020,platt,0.55,0.6684491978609626,0.06577558916637355,187
electra-base,trec-dl-2020,platt,0.56,0.6724137931034483,0.06120295462539571,174
electra-base,trec-dl-2020,platt,0.5700000000000001,0.673202614379085,0.05381639113612381,153
electra-base,trec-dl-2020,platt,0.5800000000000001,0.7050359712230215,0.048892015476609214,139
electra-base,trec-dl-2020,platt,0.59,0.703125,0.04502286317270489,128
electra-base,trec-dl-2020,platt,0.6,0.7068965517241379,0.0408019697502638,116
electra-base,trec-dl-2020,platt,0.61,0.7129629629629629,0.03798804080196975,108
electra-base,trec-dl-2020,platt,0.62,0.696078431372549,0.035877594090749206,102
electra-base,trec-dl-2020,platt,0.63,0.7111111111111111,0.03165670066830813,90
electra-base,trec-dl-2020,platt,0.64,0.725,0.028139289482940557,80
electra-base,trec-dl-2020,platt,0.65,0.7352941176470589,0.02391839606049947,68
electra-base,trec-dl-2020,platt,0.66,0.8,0.021104467112205417,60
electra-base,trec-dl-2020,platt,0.67,0.8297872340425532,0.016531832571227575,47
electra-base,trec-dl-2020,platt,0.68,,0.0,0
electra-base,trec-dl-2020,platt,0.6900000000000001,,0.0,0
electra-base,trec-dl-2020,platt,0.7000000000000001,,0.0,0
electra-base,trec-dl-2020,platt,0.7100000000000001,,0.0,0
electra-base,trec-dl-2020,platt,0.72,,0.0,0
electra-base,trec-dl-2020,platt,0.73,,0.0,0
electra-base,trec-dl-2020,platt,0.74,,0.0,0
electra-base,trec-dl-2020,platt,0.75,,0.0,0
electra-base,trec-dl-2020,platt,0.76,,0.0,0
electra-base,trec-dl-2020,platt,0.77,,0.0,0
electra-base,trec-dl-2020,platt,0.78,,0.0,0
electra-base,trec-dl-2020,platt,0.79,,0.0,0
electra-base,trec-dl-2020,platt,0.8,,0.0,0
electra-base,trec-dl-2020,platt,0.81,,0.0,0
electra-base,trec-dl-2020,platt,0.8200000000000001,,0.0,0
electra-base,trec-dl-2020,platt,0.8300000000000001,,0.0,0
electra-base,trec-dl-2020,platt,0.8400000000000001,,0.0,0
electra-base,trec-dl-2020,platt,0.85,,0.0,0
electra-base,trec-dl-2020,platt,0.86,,0.0,0
electra-base,trec-dl-2020,platt,0.87,,0.0,0
electra-base,trec-dl-2020,platt,0.88,,0.0,0
electra-base,trec-dl-2020,platt,0.89,,0.0,0
electra-base,trec-dl-2020,platt,0.9,,0.0,0
electra-base,trec-dl-2020,platt,0.91,,0.0,0
electra-base,trec-dl-2020,platt,0.92,,0.0,0
electra-base,trec-dl-2020,platt,0.93,,0.0,0
electra-base,trec-dl-2020,platt,0.9400000000000001,,0.0,0
electra-base,trec-dl-2020,platt,0.9500000000000001,,0.0,0
electra-base,trec-dl-2020,platt,0.9600000000000001,,0.0,0
electra-base,trec-dl-2020,platt,0.97,,0.0,0
electra-base,trec-dl-2020,platt,0.98,,0.0,0
electra-base,trec-dl-2020,platt,0.99,,0.0,0
electra-base,trec-dl-2020,iso,0.01,0.17833209233060313,0.9447766443897292,2686
electra-base,trec-dl-2020,iso,0.02,0.21993448759943846,0.7516707703130496,2137
electra-base,trec-dl-2020,iso,0.03,0.234375,0.6978543791769258,1984
electra-base,trec-dl-2020,iso,0.04,0.24272871496562665,0.6651424551530074,1891
electra-base,trec-dl-2020,iso,0.05,0.24272871496562665,0.6651424551530074,1891
electra-base,trec-dl-2020,iso,0.060000000000000005,0.24272871496562665,0.6651424551530074,1891
electra-base,trec-dl-2020,iso,0.06999999999999999,0.29155313351498635,0.5163559620119592,1468
electra-base,trec-dl-2020,iso,0.08,0.29155313351498635,0.5163559620119592,1468
electra-base,trec-dl-2020,iso,0.09,0.29155313351498635,0.5163559620119592,1468
electra-base,trec-dl-2020,iso,0.09999999999999999,0.29155313351498635,0.5163559620119592,1468
electra-base,trec-dl-2020,iso,0.11,0.29155313351498635,0.5163559620119592,1468
electra-base,trec-dl-2020,iso,0.12,0.29335161069225496,0.5131902919451284,1459
electra-base,trec-dl-2020,iso,0.13,0.29335161069225496,0.5131902919451284,1459
electra-base,trec-dl-2020,iso,0.14,0.29286694101508914,0.5128385508265916,1458
electra-base,trec-dl-2020,iso,0.15000000000000002,0.29286694101508914,0.5128385508265916,1458
electra-base,trec-dl-2020,iso,0.16,0.3865814696485623,0.33028491030601476,939
electra-base,trec-dl-2020,iso,0.17,0.3865814696485623,0.33028491030601476,939
electra-base,trec-dl-2020,iso,0.18000000000000002,0.3865814696485623,0.33028491030601476,939
electra-base,trec-dl-2020,iso,0.19,0.3865814696485623,0.33028491030601476,939
electra-base,trec-dl-2020,iso,0.2,0.44275862068965516,0.2550123109391488,725
electra-base,trec-dl-2020,iso,0.21000000000000002,0.44275862068965516,0.2550123109391488,725
electra-base,trec-dl-2020,iso,0.22,0.44275862068965516,0.2550123109391488,725
electra-base,trec-dl-2020,iso,0.23,0.4419889502762431,0.254660569820612,724
electra-base,trec-dl-2020,iso,0.24000000000000002,0.4419889502762431,0.254660569820612,724
electra-base,trec-dl-2020,iso,0.25,0.4419889502762431,0.254660569820612,724
electra-base,trec-dl-2020,iso,0.26,0.44321329639889195,0.2539570875835385,722
electra-base,trec-dl-2020,iso,0.27,0.44321329639889195,0.2539570875835385,722
electra-base,trec-dl-2020,iso,0.28,0.48105436573311366,0.21350685895181146,607
electra-base,trec-dl-2020,iso,0.29000000000000004,0.48105436573311366,0.21350685895181146,607
electra-base,trec-dl-2020,iso,0.3,0.48105436573311366,0.21350685895181146,607
electra-base,trec-dl-2020,iso,0.31,0.48105436573311366,0.21350685895181146,607
electra-base,trec-dl-2020,iso,0.32,0.48951048951048953,0.20119591980302498,572
electra-base,trec-dl-2020,iso,0.33,0.4886164623467601,0.20084417868448823,571
electra-base,trec-dl-2020,iso,0.34,0.48947368421052634,0.20049243756595145,570
electra-base,trec-dl-2020,iso,0.35000000000000003,0.48947368421052634,0.20049243756595145,570
electra-base,trec-dl-2020,iso,0.36000000000000004,0.48947368421052634,0.20049243756595145,570
electra-base,trec-dl-2020,iso,0.37,0.5291375291375291,0.15089693985226874,429
electra-base,trec-dl-2020,iso,0.38,0.5291375291375291,0.15089693985226874,429
electra-base,trec-dl-2020,iso,0.39,0.5445026178010471,0.13436510728104115,382
electra-base,trec-dl-2020,iso,0.4,0.5445026178010471,0.13436510728104115,382
electra-base,trec-dl-2020,iso,0.41000000000000003,0.5498652291105122,0.13049595497713684,371
electra-base,trec-dl-2020,iso,0.42000000000000004,0.5498652291105122,0.13049595497713684,371
electra-base,trec-dl-2020,iso,0.43,0.5498652291105122,0.13049595497713684,371
electra-base,trec-dl-2020,iso,0.44,0.5814696485623003,0.11009497010200492,313
electra-base,trec-dl-2020,iso,0.45,0.5814696485623003,0.11009497010200492,313
electra-base,trec-dl-2020,iso,0.46,0.5833333333333334,0.10974322898346817,312
electra-base,trec-dl-2020,iso,0.47000000000000003,0.6412556053811659,0.0784382694336968,223
electra-base,trec-dl-2020,iso,0.48000000000000004,0.6441441441441441,0.07808652831516004,222
electra-base,trec-dl-2020,iso,0.49,0.6470588235294118,0.07773478719662329,221
electra-base,trec-dl-2020,iso,0.5,0.6470588235294118,0.07773478719662329,221
electra-base,trec-dl-2020,iso,0.51,0.6454545454545455,0.07738304607808653,220
electra-base,trec-dl-2020,iso,0.52,0.6454545454545455,0.07738304607808653,220
electra-base,trec-dl-2020,iso,0.53,0.6484018264840182,0.07703130495954977,219
electra-base,trec-dl-2020,iso,0.54,0.6484018264840182,0.07703130495954977,219
electra-base,trec-dl-2020,iso,0.55,0.6513761467889908,0.07667956384101302,218
electra-base,trec-dl-2020,iso,0.56,0.6513761467889908,0.07667956384101302,218
electra-base,trec-dl-2020,iso,0.5700000000000001,0.7047619047619048,0.03693281744635948,105
electra-base,trec-dl-2020,iso,0.5800000000000001,0.7047619047619048,0.03693281744635948,105
electra-base,trec-dl-2020,iso,0.59,0.7047619047619048,0.03693281744635948,105
electra-base,trec-dl-2020,iso,0.6,0.7047619047619048,0.03693281744635948,105
electra-base,trec-dl-2020,iso,0.61,0.7047619047619048,0.03693281744635948,105
electra-base,trec-dl-2020,iso,0.62,0.7047619047619048,0.03693281744635948,105
electra-base,trec-dl-2020,iso,0.63,0.7047619047619048,0.03693281744635948,105
electra-base,trec-dl-2020,iso,0.64,0.7047619047619048,0.03693281744635948,105
electra-base,trec-dl-2020,iso,0.65,0.7047619047619048,0.03693281744635948,105
electra-base,trec-dl-2020,iso,0.66,0.7047619047619048,0.03693281744635948,105
electra-base,trec-dl-2020,iso,0.67,0.7047619047619048,0.03693281744635948,105
electra-base,trec-dl-2020,iso,0.68,0.7047619047619048,0.03693281744635948,105
electra-base,trec-dl-2020,iso,0.6900000000000001,0.7047619047619048,0.03693281744635948,105
electra-base,trec-dl-2020,iso,0.7000000000000001,0.7047619047619048,0.03693281744635948,105
electra-base,trec-dl-2020,iso,0.7100000000000001,0.7047619047619048,0.03693281744635948,105
electra-base,trec-dl-2020,iso,0.72,0.7047619047619048,0.03693281744635948,105
electra-base,trec-dl-2020,iso,0.73,0.7047619047619048,0.03693281744635948,105
electra-base,trec-dl-2020,iso,0.74,0.7047619047619048,0.03693281744635948,105
electra-base,trec-dl-2020,iso,0.75,0.7047619047619048,0.03693281744635948,105
electra-base,trec-dl-2020,iso,0.76,0.7047619047619048,0.03693281744635948,105
electra-base,trec-dl-2020,iso,0.77,0.8135593220338984,0.02075272599366866,59
electra-base,trec-dl-2020,iso,0.78,0.8135593220338984,0.02075272599366866,59
electra-base,trec-dl-2020,iso,0.79,0.8135593220338984,0.02075272599366866,59
electra-base,trec-dl-2020,iso,0.8,0.8275862068965517,0.0204009848751319,58
electra-base,trec-dl-2020,iso,0.81,0.8275862068965517,0.0204009848751319,58
electra-base,trec-dl-2020,iso,0.8200000000000001,0.8275862068965517,0.0204009848751319,58
electra-base,trec-dl-2020,iso,0.8300000000000001,0.8275862068965517,0.0204009848751319,58
electra-base,trec-dl-2020,iso,0.8400000000000001,0.825,0.014069644741470278,40
electra-base,trec-dl-2020,iso,0.85,0.825,0.014069644741470278,40
electra-base,trec-dl-2020,iso,0.86,0.825,0.014069644741470278,40
electra-base,trec-dl-2020,iso,0.87,0.825,0.014069644741470278,40
electra-base,trec-dl-2020,iso,0.88,0.825,0.014069644741470278,40
electra-base,trec-dl-2020,iso,0.89,0.825,0.014069644741470278,40
electra-base,trec-dl-2020,iso,0.9,,0.0007034822370735139,2
electra-base,trec-dl-2020,iso,0.91,,0.0007034822370735139,2
electra-base,trec-dl-2020,iso,0.92,,0.00035174111853675694,1
electra-base,trec-dl-2020,iso,0.93,,0.0,0
electra-base,trec-dl-2020,iso,0.9400000000000001,,0.0,0
electra-base,trec-dl-2020,iso,0.9500000000000001,,0.0,0
electra-base,trec-dl-2020,iso,0.9600000000000001,,0.0,0
electra-base,trec-dl-2020,iso,0.97,,0.0,0
electra-base,trec-dl-2020,iso,0.98,,0.0,0
electra-base,trec-dl-2020,iso,0.99,,0.0,0
electra-base,trec-dl-2020,temp_lodo,0.01,0.16848399577910658,1.0,2843
electra-base,trec-dl-2020,temp_lodo,0.02,0.16848399577910658,1.0,2843
electra-base,trec-dl-2020,temp_lodo,0.03,0.16848399577910658,1.0,2843
electra-base,trec-dl-2020,temp_lodo,0.04,0.16848399577910658,1.0,2843
electra-base,trec-dl-2020,temp_lodo,0.05,0.16848399577910658,1.0,2843
electra-base,trec-dl-2020,temp_lodo,0.060000000000000005,0.16848399577910658,1.0,2843
electra-base,trec-dl-2020,temp_lodo,0.06999999999999999,0.16848399577910658,1.0,2843
electra-base,trec-dl-2020,temp_lodo,0.08,0.16848399577910658,1.0,2843
electra-base,trec-dl-2020,temp_lodo,0.09,0.16848399577910658,1.0,2843
electra-base,trec-dl-2020,temp_lodo,0.09999999999999999,0.16848399577910658,1.0,2843
electra-base,trec-dl-2020,temp_lodo,0.11,0.16848399577910658,1.0,2843
electra-base,trec-dl-2020,temp_lodo,0.12,0.16848399577910658,1.0,2843
electra-base,trec-dl-2020,temp_lodo,0.13,0.16848399577910658,1.0,2843
electra-base,trec-dl-2020,temp_lodo,0.14,0.18769592476489028,0.8976433345058037,2552
electra-base,trec-dl-2020,temp_lodo,0.15000000000000002,0.20482966796032773,0.8156876538867394,2319
electra-base,trec-dl-2020,temp_lodo,0.16,0.2146118721461187,0.7703130495954977,2190
electra-base,trec-dl-2020,temp_lodo,0.17,0.2237029985721085,0.7390080900457263,2101
electra-base,trec-dl-2020,temp_lodo,0.18000000000000002,0.23122529644268774,0.711924023918396,2024
electra-base,trec-dl-2020,temp_lodo,0.19,0.23809523809523808,0.6869504045022863,1953
electra-base,trec-dl-2020,temp_lodo,0.2,0.24506139882541378,0.6588111150193457,1873
electra-base,trec-dl-2020,temp_lodo,0.21000000000000002,0.25096101043382757,0.6405205768554344,1821
electra-base,trec-dl-2020,temp_lodo,0.22,0.25753268902785675,0.6187126275061555,1759
electra-base,trec-dl-2020,temp_lodo,0.23,0.26362038664323373,0.6004220893422441,1707
electra-base,trec-dl-2020,temp_lodo,0.24000000000000002,0.26742788461538464,0.5852972212451636,1664
electra-base,trec-dl-2020,temp_lodo,0.25,0.2728960396039604,0.5684136475553992,1616
electra-base,trec-dl-2020,temp_lodo,0.26,0.27908455181182457,0.5532887794583187,1573
electra-base,trec-dl-2020,temp_lodo,0.27,0.2853385930309007,0.5349982412944073,1521
electra-base,trec-dl-2020,temp_lodo,0.28,0.2909585316111489,0.5174111853675695,1471
electra-base,trec-dl-2020,temp_lodo,0.29000000000000004,0.2968421052631579,0.5012310939148786,1425
electra-base,trec-dl-2020,temp_lodo,0.3,0.3057790782735918,0.48083010903974677,1367
electra-base,trec-dl-2020,temp_lodo,0.31,0.3152671755725191,0.4607808652831516,1310
electra-base,trec-dl-2020,temp_lodo,0.32,0.3201581027667984,0.4449525149489975,1265
electra-base,trec-dl-2020,temp_lodo,0.33,0.32624693376941943,0.43017938797045374,1223
electra-base,trec-dl-2020,temp_lodo,0.34,0.33417935702199664,0.4157580021104467,1182
electra-base,trec-dl-2020,temp_lodo,0.35000000000000003,0.34513274336283184,0.39746746394653537,1130
electra-base,trec-dl-2020,temp_lodo,0.36000000000000004,0.3541284403669725,0.38339781920506505,1090
electra-base,trec-dl-2020,temp_lodo,0.37,0.3624161073825503,0.3668659866338375,1043
electra-base,trec-dl-2020,temp_lodo,0.38,0.3714001986097319,0.35420330636651426,1007
electra-base,trec-dl-2020,temp_lodo,0.39,0.38284518828451886,0.33626450932113966,956
electra-base,trec-dl-2020,temp_lodo,0.4,0.3936052921719956,0.31902919451283857,907
electra-base,trec-dl-2020,temp_lodo,0.41000000000000003,0.4023121387283237,0.30425606753429474,865
electra-base,trec-dl-2020,temp_lodo,0.42000000000000004,0.41676942046855736,0.2852620471333099,811
electra-base,trec-dl-2020,temp_lodo,0.43,0.43060959792477305,0.2711924023918396,771
electra-base,trec-dl-2020,temp_lodo,0.44,0.43843031123139375,0.25993668659866337,739
electra-base,trec-dl-2020,temp_lodo,0.45,0.44553072625698326,0.25184664087231795,716
electra-base,trec-dl-2020,temp_lodo,0.46,0.45244956772334294,0.2441083362645093,694
electra-base,trec-dl-2020,temp_lodo,0.47000000000000003,0.45760233918128657,0.24059092507914176,684
electra-base,trec-dl-2020,temp_lodo,0.48000000000000004,0.45982142857142855,0.23637003165670067,672
electra-base,trec-dl-2020,temp_lodo,0.49,0.4622356495468278,0.2328526204713331,662
electra-base,trec-dl-2020,temp_lodo,0.5,0.46236559139784944,0.22898346816742876,651
electra-base,trec-dl-2020,temp_lodo,0.51,0.4694835680751174,0.22476257474498768,639
electra-base,trec-dl-2020,temp_lodo,0.52,0.4753577106518283,0.22124516355962012,629
electra-base,trec-dl-2020,temp_lodo,0.53,0.48344370860927155,0.2124516355962012,604
electra-base,trec-dl-2020,temp_lodo,0.54,0.48951048951048953,0.20119591980302498,572
electra-base,trec-dl-2020,temp_lodo,0.55,0.49177330895795246,0.19240239183960606,547
electra-base,trec-dl-2020,temp_lodo,0.56,0.502970297029703,0.17762926486106226,505
electra-base,trec-dl-2020,temp_lodo,0.5700000000000001,0.5161987041036717,0.16285613788251846,463
electra-base,trec-dl-2020,temp_lodo,0.5800000000000001,0.5315533980582524,0.14491734083714386,412
electra-base,trec-dl-2020,temp_lodo,0.59,0.5580110497237569,0.127330284910306,362
electra-base,trec-dl-2020,temp_lodo,0.6,0.5844155844155844,0.10833626450932114,308
electra-base,trec-dl-2020,temp_lodo,0.61,0.6138996138996139,0.09110094970102005,259
electra-base,trec-dl-2020,temp_lodo,0.62,0.6375545851528385,0.08054871614491733,229
electra-base,trec-dl-2020,temp_lodo,0.63,0.6548223350253807,0.06929300035174112,197
electra-base,trec-dl-2020,temp_lodo,0.64,0.6705202312138728,0.06085121350685895,173
electra-base,trec-dl-2020,temp_lodo,0.65,0.7050359712230215,0.048892015476609214,139
electra-base,trec-dl-2020,temp_lodo,0.66,0.711864406779661,0.04150545198733732,118
electra-base,trec-dl-2020,temp_lodo,0.67,0.6990291262135923,0.036229335209285965,103
electra-base,trec-dl-2020,temp_lodo,0.68,0.7261904761904762,0.029546253957087584,84
electra-base,trec-dl-2020,temp_lodo,0.6900000000000001,0.7692307692307693,0.0228631727048892,65
electra-base,trec-dl-2020,temp_lodo,0.7000000000000001,0.825,0.014069644741470278,40
electra-base,trec-dl-2020,temp_lodo,0.7100000000000001,,0.0,0
electra-base,trec-dl-2020,temp_lodo,0.72,,0.0,0
electra-base,trec-dl-2020,temp_lodo,0.73,,0.0,0
electra-base,trec-dl-2020,temp_lodo,0.74,,0.0,0
electra-base,trec-dl-2020,temp_lodo,0.75,,0.0,0
electra-base,trec-dl-2020,temp_lodo,0.76,,0.0,0
electra-base,trec-dl-2020,temp_lodo,0.77,,0.0,0
electra-base,trec-dl-2020,temp_lodo,0.78,,0.0,0
electra-base,trec-dl-2020,temp_lodo,0.79,,0.0,0
electra-base,trec-dl-2020,temp_lodo,0.8,,0.0,0
electra-base,trec-dl-2020,temp_lodo,0.81,,0.0,0
electra-base,trec-dl-2020,temp_lodo,0.8200000000000001,,0.0,0
electra-base,trec-dl-2020,temp_lodo,0.8300000000000001,,0.0,0
electra-base,trec-dl-2020,temp_lodo,0.8400000000000001,,0.0,0
electra-base,trec-dl-2020,temp_lodo,0.85,,0.0,0
electra-base,trec-dl-2020,temp_lodo,0.86,,0.0,0
electra-base,trec-dl-2020,temp_lodo,0.87,,0.0,0
electra-base,trec-dl-2020,temp_lodo,0.88,,0.0,0
electra-base,trec-dl-2020,temp_lodo,0.89,,0.0,0
electra-base,trec-dl-2020,temp_lodo,0.9,,0.0,0
electra-base,trec-dl-2020,temp_lodo,0.91,,0.0,0
electra-base,trec-dl-2020,temp_lodo,0.92,,0.0,0
electra-base,trec-dl-2020,temp_lodo,0.93,,0.0,0
electra-base,trec-dl-2020,temp_lodo,0.9400000000000001,,0.0,0
electra-base,trec-dl-2020,temp_lodo,0.9500000000000001,,0.0,0
electra-base,trec-dl-2020,temp_lodo,0.9600000000000001,,0.0,0
electra-base,trec-dl-2020,temp_lodo,0.97,,0.0,0
electra-base,trec-dl-2020,temp_lodo,0.98,,0.0,0
electra-base,trec-dl-2020,temp_lodo,0.99,,0.0,0
electra-base,webis-touche2020,raw,0.01,0.8407407407407408,0.8490566037735849,270
electra-base,webis-touche2020,raw,0.02,0.8484848484848485,0.8301886792452831,264
electra-base,webis-touche2020,raw,0.03,0.8605577689243028,0.789308176100629,251
electra-base,webis-touche2020,raw,0.04,0.8582995951417004,0.7767295597484277,247
electra-base,webis-touche2020,raw,0.05,0.860655737704918,0.7672955974842768,244
electra-base,webis-touche2020,raw,0.060000000000000005,0.8589211618257261,0.7578616352201258,241
electra-base,webis-touche2020,raw,0.06999999999999999,0.865546218487395,0.7484276729559748,238
electra-base,webis-touche2020,raw,0.08,0.8632478632478633,0.7358490566037735,234
electra-base,webis-touche2020,raw,0.09,0.8652173913043478,0.7232704402515723,230
electra-base,webis-touche2020,raw,0.09999999999999999,0.8640350877192983,0.7169811320754716,228
electra-base,webis-touche2020,raw,0.11,0.8678414096916299,0.7138364779874213,227
electra-base,webis-touche2020,raw,0.12,0.8666666666666667,0.7075471698113207,225
electra-base,webis-touche2020,raw,0.13,0.8660714285714286,0.7044025157232704,224
electra-base,webis-touche2020,raw,0.14,0.8642533936651584,0.6949685534591195,221
electra-base,webis-touche2020,raw,0.15000000000000002,0.8642533936651584,0.6949685534591195,221
electra-base,webis-touche2020,raw,0.16,0.8642533936651584,0.6949685534591195,221
electra-base,webis-touche2020,raw,0.17,0.863013698630137,0.6886792452830188,219
electra-base,webis-touche2020,raw,0.18000000000000002,0.863013698630137,0.6886792452830188,219
electra-base,webis-touche2020,raw,0.19,0.8623853211009175,0.6855345911949685,218
electra-base,webis-touche2020,raw,0.2,0.8623853211009175,0.6855345911949685,218
electra-base,webis-touche2020,raw,0.21000000000000002,0.8623853211009175,0.6855345911949685,218
electra-base,webis-touche2020,raw,0.22,0.8617511520737328,0.6823899371069182,217
electra-base,webis-touche2020,raw,0.23,0.8611111111111112,0.6792452830188679,216
electra-base,webis-touche2020,raw,0.24000000000000002,0.8604651162790697,0.6761006289308176,215
electra-base,webis-touche2020,raw,0.25,0.8604651162790697,0.6761006289308176,215
electra-base,webis-touche2020,raw,0.26,0.8598130841121495,0.6729559748427673,214
electra-base,webis-touche2020,raw,0.27,0.8598130841121495,0.6729559748427673,214
electra-base,webis-touche2020,raw,0.28,0.8591549295774648,0.6698113207547169,213
electra-base,webis-touche2020,raw,0.29000000000000004,0.8571428571428571,0.660377358490566,210
electra-base,webis-touche2020,raw,0.3,0.8571428571428571,0.660377358490566,210
electra-base,webis-touche2020,raw,0.31,0.8571428571428571,0.660377358490566,210
electra-base,webis-touche2020,raw,0.32,0.8605769230769231,0.6540880503144654,208
electra-base,webis-touche2020,raw,0.33,0.8605769230769231,0.6540880503144654,208
electra-base,webis-touche2020,raw,0.34,0.8605769230769231,0.6540880503144654,208
electra-base,webis-touche2020,raw,0.35000000000000003,0.8592233009708737,0.6477987421383647,206
electra-base,webis-touche2020,raw,0.36000000000000004,0.8592233009708737,0.6477987421383647,206
electra-base,webis-touche2020,raw,0.37,0.8592233009708737,0.6477987421383647,206
electra-base,webis-touche2020,raw,0.38,0.8592233009708737,0.6477987421383647,206
electra-base,webis-touche2020,raw,0.39,0.8592233009708737,0.6477987421383647,206
electra-base,webis-touche2020,raw,0.4,0.8592233009708737,0.6477987421383647,206
electra-base,webis-touche2020,raw,0.41000000000000003,0.8592233009708737,0.6477987421383647,206
electra-base,webis-touche2020,raw,0.42000000000000004,0.8592233009708737,0.6477987421383647,206
electra-base,webis-touche2020,raw,0.43,0.8585365853658536,0.6446540880503144,205
electra-base,webis-touche2020,raw,0.44,0.8585365853658536,0.6446540880503144,205
electra-base,webis-touche2020,raw,0.45,0.8585365853658536,0.6446540880503144,205
electra-base,webis-touche2020,raw,0.46,0.8585365853658536,0.6446540880503144,205
electra-base,webis-touche2020,raw,0.47000000000000003,0.8585365853658536,0.6446540880503144,205
electra-base,webis-touche2020,raw,0.48000000000000004,0.8585365853658536,0.6446540880503144,205
electra-base,webis-touche2020,raw,0.49,0.8585365853658536,0.6446540880503144,205
electra-base,webis-touche2020,raw,0.5,0.8585365853658536,0.6446540880503144,205
electra-base,webis-touche2020,raw,0.51,0.8578431372549019,0.6415094339622641,204
electra-base,webis-touche2020,raw,0.52,0.8578431372549019,0.6415094339622641,204
electra-base,webis-touche2020,raw,0.53,0.8578431372549019,0.6415094339622641,204
electra-base,webis-touche2020,raw,0.54,0.8578431372549019,0.6415094339622641,204
electra-base,webis-touche2020,raw,0.55,0.8578431372549019,0.6415094339622641,204
electra-base,webis-touche2020,raw,0.56,0.8578431372549019,0.6415094339622641,204
electra-base,webis-touche2020,raw,0.5700000000000001,0.8571428571428571,0.6383647798742138,203
electra-base,webis-touche2020,raw,0.5800000000000001,0.8571428571428571,0.6383647798742138,203
electra-base,webis-touche2020,raw,0.59,0.8557213930348259,0.6320754716981132,201
electra-base,webis-touche2020,raw,0.6,0.8557213930348259,0.6320754716981132,201
electra-base,webis-touche2020,raw,0.61,0.8557213930348259,0.6320754716981132,201
electra-base,webis-touche2020,raw,0.62,0.8557213930348259,0.6320754716981132,201
electra-base,webis-touche2020,raw,0.63,0.8557213930348259,0.6320754716981132,201
electra-base,webis-touche2020,raw,0.64,0.8557213930348259,0.6320754716981132,201
electra-base,webis-touche2020,raw,0.65,0.855,0.6289308176100629,200
electra-base,webis-touche2020,raw,0.66,0.8535353535353535,0.6226415094339622,198
electra-base,webis-touche2020,raw,0.67,0.8535353535353535,0.6226415094339622,198
electra-base,webis-touche2020,raw,0.68,0.8535353535353535,0.6226415094339622,198
electra-base,webis-touche2020,raw,0.6900000000000001,0.8535353535353535,0.6226415094339622,198
electra-base,webis-touche2020,raw,0.7000000000000001,0.8535353535353535,0.6226415094339622,198
electra-base,webis-touche2020,raw,0.7100000000000001,0.8527918781725888,0.6194968553459119,197
electra-base,webis-touche2020,raw,0.72,0.8527918781725888,0.6194968553459119,197
electra-base,webis-touche2020,raw,0.73,0.8608247422680413,0.610062893081761,194
electra-base,webis-touche2020,raw,0.74,0.8608247422680413,0.610062893081761,194
electra-base,webis-touche2020,raw,0.75,0.8608247422680413,0.610062893081761,194
electra-base,webis-touche2020,raw,0.76,0.8652849740932642,0.6069182389937107,193
electra-base,webis-touche2020,raw,0.77,0.8645833333333334,0.6037735849056604,192
electra-base,webis-touche2020,raw,0.78,0.8631578947368421,0.5974842767295597,190
electra-base,webis-touche2020,raw,0.79,0.8631578947368421,0.5974842767295597,190
electra-base,webis-touche2020,raw,0.8,0.8631578947368421,0.5974842767295597,190
electra-base,webis-touche2020,raw,0.81,0.8617021276595744,0.5911949685534591,188
electra-base,webis-touche2020,raw,0.8200000000000001,0.8617021276595744,0.5911949685534591,188
electra-base,webis-touche2020,raw,0.8300000000000001,0.8609625668449198,0.5880503144654088,187
electra-base,webis-touche2020,raw,0.8400000000000001,0.8602150537634409,0.5849056603773585,186
electra-base,webis-touche2020,raw,0.85,0.8594594594594595,0.5817610062893082,185
electra-base,webis-touche2020,raw,0.86,0.8633879781420765,0.5754716981132075,183
electra-base,webis-touche2020,raw,0.87,0.8611111111111112,0.5660377358490566,180
electra-base,webis-touche2020,raw,0.88,0.8587570621468926,0.5566037735849056,177
electra-base,webis-touche2020,raw,0.89,0.8604651162790697,0.5408805031446541,172
electra-base,webis-touche2020,raw,0.9,0.8630952380952381,0.5283018867924528,168
electra-base,webis-touche2020,raw,0.91,0.8597560975609756,0.5157232704402516,164
electra-base,webis-touche2020,raw,0.92,0.85625,0.5031446540880503,160
electra-base,webis-touche2020,raw,0.93,0.8525641025641025,0.49056603773584906,156
electra-base,webis-touche2020,raw,0.9400000000000001,0.8486842105263158,0.4779874213836478,152
electra-base,webis-touche2020,raw,0.9500000000000001,0.8380281690140845,0.44654088050314467,142
electra-base,webis-touche2020,raw,0.9600000000000001,0.8444444444444444,0.42452830188679247,135
electra-base,webis-touche2020,raw,0.97,0.8412698412698413,0.39622641509433965,126
electra-base,webis-touche2020,raw,0.98,0.8347826086956521,0.36163522012578614,115
electra-base,webis-touche2020,raw,0.99,0.7831325301204819,0.2610062893081761,83
electra-base,webis-touche2020,temp,0.01,0.779874213836478,1.0,318
electra-base,webis-touche2020,temp,0.02,0.779874213836478,1.0,318
electra-base,webis-touche2020,temp,0.03,0.779874213836478,1.0,318
electra-base,webis-touche2020,temp,0.04,0.779874213836478,1.0,318
electra-base,webis-touche2020,temp,0.05,0.779874213836478,1.0,318
electra-base,webis-touche2020,temp,0.060000000000000005,0.779874213836478,1.0,318
electra-base,webis-touche2020,temp,0.06999999999999999,0.779874213836478,1.0,318
electra-base,webis-touche2020,temp,0.08,0.779874213836478,1.0,318
electra-base,webis-touche2020,temp,0.09,0.779874213836478,1.0,318
electra-base,webis-touche2020,temp,0.09999999999999999,0.779874213836478,1.0,318
electra-base,webis-touche2020,temp,0.11,0.779874213836478,1.0,318
electra-base,webis-touche2020,temp,0.12,0.779874213836478,1.0,318
electra-base,webis-touche2020,temp,0.13,0.779874213836478,1.0,318
electra-base,webis-touche2020,temp,0.14,0.779874213836478,1.0,318
electra-base,webis-touche2020,temp,0.15000000000000002,0.7866242038216561,0.9874213836477987,314
electra-base,webis-touche2020,temp,0.16,0.7891373801916933,0.9842767295597484,313
electra-base,webis-touche2020,temp,0.17,0.8013029315960912,0.9654088050314465,307
electra-base,webis-touche2020,temp,0.18000000000000002,0.8026315789473685,0.9559748427672956,304
electra-base,webis-touche2020,temp,0.19,0.8079470198675497,0.949685534591195,302
electra-base,webis-touche2020,temp,0.2,0.8087248322147651,0.9371069182389937,298
electra-base,webis-touche2020,temp,0.21000000000000002,0.8067796610169492,0.9276729559748428,295
electra-base,webis-touche2020,temp,0.22,0.8067796610169492,0.9276729559748428,295
electra-base,webis-touche2020,temp,0.23,0.8137931034482758,0.9119496855345912,290
electra-base,webis-touche2020,temp,0.24000000000000002,0.8181818181818182,0.89937106918239,286
electra-base,webis-touche2020,temp,0.25,0.8210526315789474,0.8962264150943396,285
electra-base,webis-touche2020,temp,0.26,0.8210526315789474,0.8962264150943396,285
electra-base,webis-touche2020,temp,0.27,0.8291814946619217,0.8836477987421384,281
electra-base,webis-touche2020,temp,0.28,0.8369565217391305,0.8679245283018868,276
electra-base,webis-touche2020,temp,0.29000000000000004,0.8369565217391305,0.8679245283018868,276
electra-base,webis-touche2020,temp,0.3,0.8394160583941606,0.8616352201257862,274
electra-base,webis-touche2020,temp,0.31,0.8394160583941606,0.8616352201257862,274
electra-base,webis-touche2020,temp,0.32,0.8407407407407408,0.8490566037735849,270
electra-base,webis-touche2020,temp,0.33,0.846441947565543,0.839622641509434,267
electra-base,webis-touche2020,temp,0.34,0.8452830188679246,0.8333333333333334,265
electra-base,webis-touche2020,temp,0.35000000000000003,0.8544061302681992,0.8207547169811321,261
electra-base,webis-touche2020,temp,0.36000000000000004,0.8611111111111112,0.7924528301886793,252
electra-base,webis-touche2020,temp,0.37,0.8582995951417004,0.7767295597484277,247
electra-base,webis-touche2020,temp,0.38,0.8612244897959184,0.7704402515723271,245
electra-base,webis-touche2020,temp,0.39,0.8589211618257261,0.7578616352201258,241
electra-base,webis-touche2020,temp,0.4,0.8638297872340426,0.7389937106918238,235
electra-base,webis-touche2020,temp,0.41000000000000003,0.8646288209606987,0.720125786163522,229
electra-base,webis-touche2020,temp,0.42000000000000004,0.8660714285714286,0.7044025157232704,224
electra-base,webis-touche2020,temp,0.43,0.8642533936651584,0.6949685534591195,221
electra-base,webis-touche2020,temp,0.44,0.8623853211009175,0.6855345911949685,218
electra-base,webis-touche2020,temp,0.45,0.8611111111111112,0.6792452830188679,216
electra-base,webis-touche2020,temp,0.46,0.8591549295774648,0.6698113207547169,213
electra-base,webis-touche2020,temp,0.47000000000000003,0.8605769230769231,0.6540880503144654,208
electra-base,webis-touche2020,temp,0.48000000000000004,0.8592233009708737,0.6477987421383647,206
electra-base,webis-touche2020,temp,0.49,0.8585365853658536,0.6446540880503144,205
electra-base,webis-touche2020,temp,0.5,0.8585365853658536,0.6446540880503144,205
electra-base,webis-touche2020,temp,0.51,0.8578431372549019,0.6415094339622641,204
electra-base,webis-touche2020,temp,0.52,0.8557213930348259,0.6320754716981132,201
electra-base,webis-touche2020,temp,0.53,0.8535353535353535,0.6226415094339622,198
electra-base,webis-touche2020,temp,0.54,0.8571428571428571,0.6163522012578616,196
electra-base,webis-touche2020,temp,0.55,0.8638743455497382,0.60062893081761,191
electra-base,webis-touche2020,temp,0.56,0.8617021276595744,0.5911949685534591,188
electra-base,webis-touche2020,temp,0.5700000000000001,0.8594594594594595,0.5817610062893082,185
electra-base,webis-touche2020,temp,0.5800000000000001,0.8595505617977528,0.559748427672956,178
electra-base,webis-touche2020,temp,0.59,0.8630952380952381,0.5283018867924528,168
electra-base,webis-touche2020,temp,0.6,0.85625,0.5031446540880503,160
electra-base,webis-touche2020,temp,0.61,0.8486842105263158,0.4779874213836478,152
electra-base,webis-touche2020,temp,0.62,0.8380281690140845,0.44654088050314467,142
electra-base,webis-touche2020,temp,0.63,0.8396946564885496,0.4119496855345912,131
electra-base,webis-touche2020,temp,0.64,0.8412698412698413,0.39622641509433965,126
electra-base,webis-touche2020,temp,0.65,0.8360655737704918,0.3836477987421384,122
electra-base,webis-touche2020,temp,0.66,0.8303571428571429,0.3522012578616352,112
electra-base,webis-touche2020,temp,0.67,0.8118811881188119,0.31761006289308175,101
electra-base,webis-touche2020,temp,0.68,0.7831325301204819,0.2610062893081761,83
electra-base,webis-touche2020,temp,0.6900000000000001,0.7090909090909091,0.17295597484276728,55
electra-base,webis-touche2020,temp,0.7000000000000001,,0.0,0
electra-base,webis-touche2020,temp,0.7100000000000001,,0.0,0
electra-base,webis-touche2020,temp,0.72,,0.0,0
electra-base,webis-touche2020,temp,0.73,,0.0,0
electra-base,webis-touche2020,temp,0.74,,0.0,0
electra-base,webis-touche2020,temp,0.75,,0.0,0
electra-base,webis-touche2020,temp,0.76,,0.0,0
electra-base,webis-touche2020,temp,0.77,,0.0,0
electra-base,webis-touche2020,temp,0.78,,0.0,0
electra-base,webis-touche2020,temp,0.79,,0.0,0
electra-base,webis-touche2020,temp,0.8,,0.0,0
electra-base,webis-touche2020,temp,0.81,,0.0,0
electra-base,webis-touche2020,temp,0.8200000000000001,,0.0,0
electra-base,webis-touche2020,temp,0.8300000000000001,,0.0,0
electra-base,webis-touche2020,temp,0.8400000000000001,,0.0,0
electra-base,webis-touche2020,temp,0.85,,0.0,0
electra-base,webis-touche2020,temp,0.86,,0.0,0
electra-base,webis-touche2020,temp,0.87,,0.0,0
electra-base,webis-touche2020,temp,0.88,,0.0,0
electra-base,webis-touche2020,temp,0.89,,0.0,0
electra-base,webis-touche2020,temp,0.9,,0.0,0
electra-base,webis-touche2020,temp,0.91,,0.0,0
electra-base,webis-touche2020,temp,0.92,,0.0,0
electra-base,webis-touche2020,temp,0.93,,0.0,0
electra-base,webis-touche2020,temp,0.9400000000000001,,0.0,0
electra-base,webis-touche2020,temp,0.9500000000000001,,0.0,0
electra-base,webis-touche2020,temp,0.9600000000000001,,0.0,0
electra-base,webis-touche2020,temp,0.97,,0.0,0
electra-base,webis-touche2020,temp,0.98,,0.0,0
electra-base,webis-touche2020,temp,0.99,,0.0,0
electra-base,webis-touche2020,platt,0.01,0.779874213836478,1.0,318
electra-base,webis-touche2020,platt,0.02,0.779874213836478,1.0,318
electra-base,webis-touche2020,platt,0.03,0.779874213836478,1.0,318
electra-base,webis-touche2020,platt,0.04,0.779874213836478,1.0,318
electra-base,webis-touche2020,platt,0.05,0.779874213836478,1.0,318
electra-base,webis-touche2020,platt,0.060000000000000005,0.779874213836478,1.0,318
electra-base,webis-touche2020,platt,0.06999999999999999,0.779874213836478,1.0,318
electra-base,webis-touche2020,platt,0.08,0.779874213836478,1.0,318
electra-base,webis-touche2020,platt,0.09,0.779874213836478,1.0,318
electra-base,webis-touche2020,platt,0.09999999999999999,0.779874213836478,1.0,318
electra-base,webis-touche2020,platt,0.11,0.779874213836478,1.0,318
electra-base,webis-touche2020,platt,0.12,0.779874213836478,1.0,318
electra-base,webis-touche2020,platt,0.13,0.779874213836478,1.0,318
electra-base,webis-touche2020,platt,0.14,0.779874213836478,1.0,318
electra-base,webis-touche2020,platt,0.15000000000000002,0.779874213836478,1.0,318
electra-base,webis-touche2020,platt,0.16,0.779874213836478,1.0,318
electra-base,webis-touche2020,platt,0.17,0.779874213836478,1.0,318
electra-base,webis-touche2020,platt,0.18000000000000002,0.779874213836478,1.0,318
electra-base,webis-touche2020,platt,0.19,0.779874213836478,1.0,318
electra-base,webis-touche2020,platt,0.2,0.779874213836478,1.0,318
electra-base,webis-touche2020,platt,0.21000000000000002,0.779874213836478,1.0,318
electra-base,webis-touche2020,platt,0.22,0.779874213836478,1.0,318
electra-base,webis-touche2020,platt,0.23,0.779874213836478,1.0,318
electra-base,webis-touche2020,platt,0.24000000000000002,0.779874213836478,1.0,318
electra-base,webis-touche2020,platt,0.25,0.779874213836478,1.0,318
electra-base,webis-touche2020,platt,0.26,0.779874213836478,1.0,318
electra-base,webis-touche2020,platt,0.27,0.779874213836478,1.0,318
electra-base,webis-touche2020,platt,0.28,0.779874213836478,1.0,318
electra-base,webis-touche2020,platt,0.29000000000000004,0.779874213836478,1.0,318
electra-base,webis-touche2020,platt,0.3,0.779874213836478,1.0,318
electra-base,webis-touche2020,platt,0.31,0.779874213836478,1.0,318
electra-base,webis-touche2020,platt,0.32,0.779874213836478,1.0,318
electra-base,webis-touche2020,platt,0.33,0.7866242038216561,0.9874213836477987,314
electra-base,webis-touche2020,platt,0.34,0.7866242038216561,0.9874213836477987,314
electra-base,webis-touche2020,platt,0.35000000000000003,0.7866242038216561,0.9874213836477987,314
electra-base,webis-touche2020,platt,0.36000000000000004,0.7891373801916933,0.9842767295597484,313
electra-base,webis-touche2020,platt,0.37,0.7993527508090615,0.9716981132075472,309
electra-base,webis-touche2020,platt,0.38,0.8013029315960912,0.9654088050314465,307
electra-base,webis-touche2020,platt,0.39,0.8006535947712419,0.9622641509433962,306
electra-base,webis-touche2020,platt,0.4,0.8026315789473685,0.9559748427672956,304
electra-base,webis-touche2020,platt,0.41000000000000003,0.8052805280528053,0.9528301886792453,303
electra-base,webis-touche2020,platt,0.42000000000000004,0.8079470198675497,0.949685534591195,302
electra-base,webis-touche2020,platt,0.43,0.8060200668896321,0.940251572327044,299
electra-base,webis-touche2020,platt,0.44,0.8087248322147651,0.9371069182389937,298
electra-base,webis-touche2020,platt,0.45,0.8074324324324325,0.9308176100628931,296
electra-base,webis-touche2020,platt,0.46,0.8067796610169492,0.9276729559748428,295
electra-base,webis-touche2020,platt,0.47000000000000003,0.8067796610169492,0.9276729559748428,295
electra-base,webis-touche2020,platt,0.48000000000000004,0.8095238095238095,0.9245283018867925,294
electra-base,webis-touche2020,platt,0.49,0.8144329896907216,0.9150943396226415,291
electra-base,webis-touche2020,platt,0.5,0.818815331010453,0.9025157232704403,287
electra-base,webis-touche2020,platt,0.51,0.8181818181818182,0.89937106918239,286
electra-base,webis-touche2020,platt,0.52,0.8210526315789474,0.8962264150943396,285
electra-base,webis-touche2020,platt,0.53,0.8210526315789474,0.8962264150943396,285
electra-base,webis-touche2020,platt,0.54,0.8210526315789474,0.8962264150943396,285
electra-base,webis-touche2020,platt,0.55,0.8268551236749117,0.889937106918239,283
electra-base,webis-touche2020,platt,0.56,0.8345323741007195,0.8742138364779874,278
electra-base,webis-touche2020,platt,0.5700000000000001,0.8369565217391305,0.8679245283018868,276
electra-base,webis-touche2020,platt,0.5800000000000001,0.8369565217391305,0.8679245283018868,276
electra-base,webis-touche2020,platt,0.59,0.8363636363636363,0.8647798742138365,275
electra-base,webis-touche2020,platt,0.6,0.8363636363636363,0.8647798742138365,275
electra-base,webis-touche2020,platt,0.61,0.8394160583941606,0.8616352201257862,274
electra-base,webis-touche2020,platt,0.62,0.8394160583941606,0.8616352201257862,274
electra-base,webis-touche2020,platt,0.63,0.8407407407407408,0.8490566037735849,270
electra-base,webis-touche2020,platt,0.64,0.846441947565543,0.839622641509434,267
electra-base,webis-touche2020,platt,0.65,0.8452830188679246,0.8333333333333334,265
electra-base,webis-touche2020,platt,0.66,0.8484848484848485,0.8301886792452831,264
electra-base,webis-touche2020,platt,0.67,0.8538461538461538,0.8176100628930818,260
electra-base,webis-touche2020,platt,0.68,0.8605577689243028,0.789308176100629,251
electra-base,webis-touche2020,platt,0.6900000000000001,0.8582995951417004,0.7767295597484277,247
electra-base,webis-touche2020,platt,0.7000000000000001,0.8612244897959184,0.7704402515723271,245
electra-base,webis-touche2020,platt,0.7100000000000001,0.8589211618257261,0.7578616352201258,241
electra-base,webis-touche2020,platt,0.72,0.864406779661017,0.7421383647798742,236
electra-base,webis-touche2020,platt,0.73,0.8652173913043478,0.7232704402515723,230
electra-base,webis-touche2020,platt,0.74,0.8666666666666667,0.7075471698113207,225
electra-base,webis-touche2020,platt,0.75,0.8642533936651584,0.6949685534591195,221
electra-base,webis-touche2020,platt,0.76,0.8623853211009175,0.6855345911949685,218
electra-base,webis-touche2020,platt,0.77,0.8611111111111112,0.6792452830188679,216
electra-base,webis-touche2020,platt,0.78,0.8571428571428571,0.660377358490566,210
electra-base,webis-touche2020,platt,0.79,0.8592233009708737,0.6477987421383647,206
electra-base,webis-touche2020,platt,0.8,0.8585365853658536,0.6446540880503144,205
electra-base,webis-touche2020,platt,0.81,0.8578431372549019,0.6415094339622641,204
electra-base,webis-touche2020,platt,0.8200000000000001,0.8564356435643564,0.6352201257861635,202
electra-base,webis-touche2020,platt,0.8300000000000001,0.8535353535353535,0.6226415094339622,198
electra-base,webis-touche2020,platt,0.8400000000000001,0.8608247422680413,0.610062893081761,194
electra-base,webis-touche2020,platt,0.85,0.8624338624338624,0.5943396226415094,189
electra-base,webis-touche2020,platt,0.86,0.8626373626373627,0.5723270440251572,182
electra-base,webis-touche2020,platt,0.87,0.8597560975609756,0.5157232704402516,164
electra-base,webis-touche2020,platt,0.88,0.8486842105263158,0.4779874213836478,152
electra-base,webis-touche2020,platt,0.89,0.8421052631578947,0.41823899371069184,133
electra-base,webis-touche2020,platt,0.9,0.8360655737704918,0.3836477987421384,122
electra-base,webis-touche2020,platt,0.91,0.8118811881188119,0.31761006289308175,101
electra-base,webis-touche2020,platt,0.92,0.7058823529411765,0.1069182389937107,34
electra-base,webis-touche2020,platt,0.93,,0.0,0
electra-base,webis-touche2020,platt,0.9400000000000001,,0.0,0
electra-base,webis-touche2020,platt,0.9500000000000001,,0.0,0
electra-base,webis-touche2020,platt,0.9600000000000001,,0.0,0
electra-base,webis-touche2020,platt,0.97,,0.0,0
electra-base,webis-touche2020,platt,0.98,,0.0,0
electra-base,webis-touche2020,platt,0.99,,0.0,0
electra-base,webis-touche2020,iso,0.01,0.7967741935483871,0.9748427672955975,310
electra-base,webis-touche2020,iso,0.02,0.7967741935483871,0.9748427672955975,310
electra-base,webis-touche2020,iso,0.03,0.7967741935483871,0.9748427672955975,310
electra-base,webis-touche2020,iso,0.04,0.7967741935483871,0.9748427672955975,310
electra-base,webis-touche2020,iso,0.05,0.7993527508090615,0.9716981132075472,309
electra-base,webis-touche2020,iso,0.060000000000000005,0.7993527508090615,0.9716981132075472,309
electra-base,webis-touche2020,iso,0.06999999999999999,0.7993527508090615,0.9716981132075472,309
electra-base,webis-touche2020,iso,0.08,0.7993527508090615,0.9716981132075472,309
electra-base,webis-touche2020,iso,0.09,0.801948051948052,0.9685534591194969,308
electra-base,webis-touche2020,iso,0.09999999999999999,0.801948051948052,0.9685534591194969,308
electra-base,webis-touche2020,iso,0.11,0.801948051948052,0.9685534591194969,308
electra-base,webis-touche2020,iso,0.12,0.801948051948052,0.9685534591194969,308
electra-base,webis-touche2020,iso,0.13,0.801948051948052,0.9685534591194969,308
electra-base,webis-touche2020,iso,0.14,0.801948051948052,0.9685534591194969,308
electra-base,webis-touche2020,iso,0.15000000000000002,0.801948051948052,0.9685534591194969,308
electra-base,webis-touche2020,iso,0.16,0.801948051948052,0.9685534591194969,308
electra-base,webis-touche2020,iso,0.17,0.801948051948052,0.9685534591194969,308
electra-base,webis-touche2020,iso,0.18000000000000002,0.801948051948052,0.9685534591194969,308
electra-base,webis-touche2020,iso,0.19,0.801948051948052,0.9685534591194969,308
electra-base,webis-touche2020,iso,0.2,0.801948051948052,0.9685534591194969,308
electra-base,webis-touche2020,iso,0.21000000000000002,0.801948051948052,0.9685534591194969,308
electra-base,webis-touche2020,iso,0.22,0.801948051948052,0.9685534591194969,308
electra-base,webis-touche2020,iso,0.23,0.801948051948052,0.9685534591194969,308
electra-base,webis-touche2020,iso,0.24000000000000002,0.801948051948052,0.9685534591194969,308
electra-base,webis-touche2020,iso,0.25,0.8013029315960912,0.9654088050314465,307
electra-base,webis-touche2020,iso,0.26,0.8013029315960912,0.9654088050314465,307
electra-base,webis-touche2020,iso,0.27,0.8013029315960912,0.9654088050314465,307
electra-base,webis-touche2020,iso,0.28,0.8013029315960912,0.9654088050314465,307
electra-base,webis-touche2020,iso,0.29000000000000004,0.8013029315960912,0.9654088050314465,307
electra-base,webis-touche2020,iso,0.3,0.8013029315960912,0.9654088050314465,307
electra-base,webis-touche2020,iso,0.31,0.8026315789473685,0.9559748427672956,304
electra-base,webis-touche2020,iso,0.32,0.8026315789473685,0.9559748427672956,304
electra-base,webis-touche2020,iso,0.33,0.8026315789473685,0.9559748427672956,304
electra-base,webis-touche2020,iso,0.34,0.8052805280528053,0.9528301886792453,303
electra-base,webis-touche2020,iso,0.35000000000000003,0.8052805280528053,0.9528301886792453,303
electra-base,webis-touche2020,iso,0.36000000000000004,0.8052805280528053,0.9528301886792453,303
electra-base,webis-touche2020,iso,0.37,0.8052805280528053,0.9528301886792453,303
electra-base,webis-touche2020,iso,0.38,0.8052805280528053,0.9528301886792453,303
electra-base,webis-touche2020,iso,0.39,0.8052805280528053,0.9528301886792453,303
electra-base,webis-touche2020,iso,0.4,0.8079470198675497,0.949685534591195,302
electra-base,webis-touche2020,iso,0.41000000000000003,0.8079470198675497,0.949685534591195,302
electra-base,webis-touche2020,iso,0.42000000000000004,0.8079470198675497,0.949685534591195,302
electra-base,webis-touche2020,iso,0.43,0.8079470198675497,0.949685534591195,302
electra-base,webis-touche2020,iso,0.44,0.8079470198675497,0.949685534591195,302
electra-base,webis-touche2020,iso,0.45,0.8079470198675497,0.949685534591195,302
electra-base,webis-touche2020,iso,0.46,0.8079470198675497,0.949685534591195,302
electra-base,webis-touche2020,iso,0.47000000000000003,0.8079470198675497,0.949685534591195,302
electra-base,webis-touche2020,iso,0.48000000000000004,0.8079470198675497,0.949685534591195,302
electra-base,webis-touche2020,iso,0.49,0.8079470198675497,0.949685534591195,302
electra-base,webis-touche2020,iso,0.5,0.8079470198675497,0.949685534591195,302
electra-base,webis-touche2020,iso,0.51,0.8210526315789474,0.8962264150943396,285
electra-base,webis-touche2020,iso,0.52,0.8210526315789474,0.8962264150943396,285
electra-base,webis-touche2020,iso,0.53,0.8210526315789474,0.8962264150943396,285
electra-base,webis-touche2020,iso,0.54,0.8210526315789474,0.8962264150943396,285
electra-base,webis-touche2020,iso,0.55,0.8210526315789474,0.8962264150943396,285
electra-base,webis-touche2020,iso,0.56,0.8394160583941606,0.8616352201257862,274
electra-base,webis-touche2020,iso,0.5700000000000001,0.8394160583941606,0.8616352201257862,274
electra-base,webis-touche2020,iso,0.5800000000000001,0.8407407407407408,0.8490566037735849,270
electra-base,webis-touche2020,iso,0.59,0.8407407407407408,0.8490566037735849,270
electra-base,webis-touche2020,iso,0.6,0.8407407407407408,0.8490566037735849,270
electra-base,webis-touche2020,iso,0.61,0.8407407407407408,0.8490566037735849,270
electra-base,webis-touche2020,iso,0.62,0.8432835820895522,0.8427672955974843,268
electra-base,webis-touche2020,iso,0.63,0.8432835820895522,0.8427672955974843,268
electra-base,webis-touche2020,iso,0.64,0.8432835820895522,0.8427672955974843,268
electra-base,webis-touche2020,iso,0.65,0.8432835820895522,0.8427672955974843,268
electra-base,webis-touche2020,iso,0.66,0.8432835820895522,0.8427672955974843,268
electra-base,webis-touche2020,iso,0.67,0.8432835820895522,0.8427672955974843,268
electra-base,webis-touche2020,iso,0.68,0.8432835820895522,0.8427672955974843,268
electra-base,webis-touche2020,iso,0.6900000000000001,0.8432835820895522,0.8427672955974843,268
electra-base,webis-touche2020,iso,0.7000000000000001,0.8432835820895522,0.8427672955974843,268
electra-base,webis-touche2020,iso,0.7100000000000001,0.859504132231405,0.7610062893081762,242
electra-base,webis-touche2020,iso,0.72,0.859504132231405,0.7610062893081762,242
electra-base,webis-touche2020,iso,0.73,0.859504132231405,0.7610062893081762,242
electra-base,webis-touche2020,iso,0.74,0.859504132231405,0.7610062893081762,242
electra-base,webis-touche2020,iso,0.75,0.859504132231405,0.7610062893081762,242
electra-base,webis-touche2020,iso,0.76,0.859504132231405,0.7610062893081762,242
electra-base,webis-touche2020,iso,0.77,0.859504132231405,0.7610062893081762,242
electra-base,webis-touche2020,iso,0.78,0.859504132231405,0.7610062893081762,242
electra-base,webis-touche2020,iso,0.79,0.859504132231405,0.7610062893081762,242
electra-base,webis-touche2020,iso,0.8,0.859504132231405,0.7610062893081762,242
electra-base,webis-touche2020,iso,0.81,0.859504132231405,0.7610062893081762,242
electra-base,webis-touche2020,iso,0.8200000000000001,0.859504132231405,0.7610062893081762,242
electra-base,webis-touche2020,iso,0.8300000000000001,0.8617021276595744,0.5911949685534591,188
electra-base,webis-touche2020,iso,0.8400000000000001,0.8617021276595744,0.5911949685534591,188
electra-base,webis-touche2020,iso,0.85,0.8617021276595744,0.5911949685534591,188
electra-base,webis-touche2020,iso,0.86,0.8617021276595744,0.5911949685534591,188
electra-base,webis-touche2020,iso,0.87,0.8617021276595744,0.5911949685534591,188
electra-base,webis-touche2020,iso,0.88,0.8617021276595744,0.5911949685534591,188
electra-base,webis-touche2020,iso,0.89,0.8617021276595744,0.5911949685534591,188
electra-base,webis-touche2020,iso,0.9,0.8617021276595744,0.5911949685534591,188
electra-base,webis-touche2020,iso,0.91,,0.0,0
electra-base,webis-touche2020,iso,0.92,,0.0,0
electra-base,webis-touche2020,iso,0.93,,0.0,0
electra-base,webis-touche2020,iso,0.9400000000000001,,0.0,0
electra-base,webis-touche2020,iso,0.9500000000000001,,0.0,0
electra-base,webis-touche2020,iso,0.9600000000000001,,0.0,0
electra-base,webis-touche2020,iso,0.97,,0.0,0
electra-base,webis-touche2020,iso,0.98,,0.0,0
electra-base,webis-touche2020,iso,0.99,,0.0,0
electra-base,webis-touche2020,temp_lodo,0.01,0.779874213836478,1.0,318
electra-base,webis-touche2020,temp_lodo,0.02,0.779874213836478,1.0,318
electra-base,webis-touche2020,temp_lodo,0.03,0.779874213836478,1.0,318
electra-base,webis-touche2020,temp_lodo,0.04,0.779874213836478,1.0,318
electra-base,webis-touche2020,temp_lodo,0.05,0.779874213836478,1.0,318
electra-base,webis-touche2020,temp_lodo,0.060000000000000005,0.779874213836478,1.0,318
electra-base,webis-touche2020,temp_lodo,0.06999999999999999,0.779874213836478,1.0,318
electra-base,webis-touche2020,temp_lodo,0.08,0.779874213836478,1.0,318
electra-base,webis-touche2020,temp_lodo,0.09,0.7866242038216561,0.9874213836477987,314
electra-base,webis-touche2020,temp_lodo,0.09999999999999999,0.7866242038216561,0.9874213836477987,314
electra-base,webis-touche2020,temp_lodo,0.11,0.8013029315960912,0.9654088050314465,307
electra-base,webis-touche2020,temp_lodo,0.12,0.8026315789473685,0.9559748427672956,304
electra-base,webis-touche2020,temp_lodo,0.13,0.8079470198675497,0.949685534591195,302
electra-base,webis-touche2020,temp_lodo,0.14,0.8087248322147651,0.9371069182389937,298
electra-base,webis-touche2020,temp_lodo,0.15000000000000002,0.8067796610169492,0.9276729559748428,295
electra-base,webis-touche2020,temp_lodo,0.16,0.8067796610169492,0.9276729559748428,295
electra-base,webis-touche2020,temp_lodo,0.17,0.8166089965397924,0.9088050314465409,289
electra-base,webis-touche2020,temp_lodo,0.18000000000000002,0.8181818181818182,0.89937106918239,286
electra-base,webis-touche2020,temp_lodo,0.19,0.8210526315789474,0.8962264150943396,285
electra-base,webis-touche2020,temp_lodo,0.2,0.8210526315789474,0.8962264150943396,285
electra-base,webis-touche2020,temp_lodo,0.21000000000000002,0.8297872340425532,0.8867924528301887,282
electra-base,webis-touche2020,temp_lodo,0.22,0.8369565217391305,0.8679245283018868,276
electra-base,webis-touche2020,temp_lodo,0.23,0.8369565217391305,0.8679245283018868,276
electra-base,webis-touche2020,temp_lodo,0.24000000000000002,0.8363636363636363,0.8647798742138365,275
electra-base,webis-touche2020,temp_lodo,0.25,0.8394160583941606,0.8616352201257862,274
electra-base,webis-touche2020,temp_lodo,0.26,0.8394160583941606,0.8616352201257862,274
electra-base,webis-touche2020,temp_lodo,0.27,0.8407407407407408,0.8490566037735849,270
electra-base,webis-touche2020,temp_lodo,0.28,0.846441947565543,0.839622641509434,267
electra-base,webis-touche2020,temp_lodo,0.29000000000000004,0.8452830188679246,0.8333333333333334,265
electra-base,webis-touche2020,temp_lodo,0.3,0.8484848484848485,0.8301886792452831,264
electra-base,webis-touche2020,temp_lodo,0.31,0.8538461538461538,0.8176100628930818,260
electra-base,webis-touche2020,temp_lodo,0.32,0.8605577689243028,0.789308176100629,251
electra-base,webis-touche2020,temp_lodo,0.33,0.8582995951417004,0.7767295597484277,247
electra-base,webis-touche2020,temp_lodo,0.34,0.8612244897959184,0.7704402515723271,245
electra-base,webis-touche2020,temp_lodo,0.35000000000000003,0.859504132231405,0.7610062893081762,242
electra-base,webis-touche2020,temp_lodo,0.36000000000000004,0.8661087866108786,0.7515723270440252,239
electra-base,webis-touche2020,temp_lodo,0.37,0.8632478632478633,0.7358490566037735,234
electra-base,webis-touche2020,temp_lodo,0.38,0.8652173913043478,0.7232704402515723,230
electra-base,webis-touche2020,temp_lodo,0.39,0.8672566371681416,0.710691823899371,226
electra-base,webis-touche2020,temp_lodo,0.4,0.8642533936651584,0.6949685534591195,221
electra-base,webis-touche2020,temp_lodo,0.41000000000000003,0.8642533936651584,0.6949685534591195,221
electra-base,webis-touche2020,temp_lodo,0.42000000000000004,0.8623853211009175,0.6855345911949685,218
electra-base,webis-touche2020,temp_lodo,0.43,0.8623853211009175,0.6855345911949685,218
electra-base,webis-touche2020,temp_lodo,0.44,0.8604651162790697,0.6761006289308176,215
electra-base,webis-touche2020,temp_lodo,0.45,0.8591549295774648,0.6698113207547169,213
electra-base,webis-touche2020,temp_lodo,0.46,0.8605769230769231,0.6540880503144654,208
electra-base,webis-touche2020,temp_lodo,0.47000000000000003,0.8592233009708737,0.6477987421383647,206
electra-base,webis-touche2020,temp_lodo,0.48000000000000004,0.8592233009708737,0.6477987421383647,206
electra-base,webis-touche2020,temp_lodo,0.49,0.8585365853658536,0.6446540880503144,205
electra-base,webis-touche2020,temp_lodo,0.5,0.8585365853658536,0.6446540880503144,205
electra-base,webis-touche2020,temp_lodo,0.51,0.8578431372549019,0.6415094339622641,204
electra-base,webis-touche2020,temp_lodo,0.52,0.8557213930348259,0.6320754716981132,201
electra-base,webis-touche2020,temp_lodo,0.53,0.8557213930348259,0.6320754716981132,201
electra-base,webis-touche2020,temp_lodo,0.54,0.8535353535353535,0.6226415094339622,198
electra-base,webis-touche2020,temp_lodo,0.55,0.8527918781725888,0.6194968553459119,197
electra-base,webis-touche2020,temp_lodo,0.56,0.8608247422680413,0.610062893081761,194
electra-base,webis-touche2020,temp_lodo,0.5700000000000001,0.8631578947368421,0.5974842767295597,190
electra-base,webis-touche2020,temp_lodo,0.5800000000000001,0.8617021276595744,0.5911949685534591,188
electra-base,webis-touche2020,temp_lodo,0.59,0.8594594594594595,0.5817610062893082,185
electra-base,webis-touche2020,temp_lodo,0.6,0.8626373626373627,0.5723270440251572,182
electra-base,webis-touche2020,temp_lodo,0.61,0.861271676300578,0.5440251572327044,173
electra-base,webis-touche2020,temp_lodo,0.62,0.8597560975609756,0.5157232704402516,164
electra-base,webis-touche2020,temp_lodo,0.63,0.85625,0.5031446540880503,160
electra-base,webis-touche2020,temp_lodo,0.64,0.8506493506493507,0.48427672955974843,154
electra-base,webis-touche2020,temp_lodo,0.65,0.8435374149659864,0.46226415094339623,147
electra-base,webis-touche2020,temp_lodo,0.66,0.8428571428571429,0.44025157232704404,140
electra-base,webis-touche2020,temp_lodo,0.67,0.8384615384615385,0.4088050314465409,130
electra-base,webis-touche2020,temp_lodo,0.68,0.8412698412698413,0.39622641509433965,126
electra-base,webis-touche2020,temp_lodo,0.6900000000000001,0.8387096774193549,0.389937106918239,124
electra-base,webis-touche2020,temp_lodo,0.7000000000000001,0.8347826086956521,0.36163522012578614,115
electra-base,webis-touche2020,temp_lodo,0.7100000000000001,0.8240740740740741,0.33962264150943394,108
electra-base,webis-touche2020,temp_lodo,0.72,0.8080808080808081,0.3113207547169811,99
electra-base,webis-touche2020,temp_lodo,0.73,0.7831325301204819,0.2610062893081761,83
electra-base,webis-touche2020,temp_lodo,0.74,0.7288135593220338,0.18553459119496854,59
electra-base,webis-touche2020,temp_lodo,0.75,,0.0,0
electra-base,webis-touche2020,temp_lodo,0.76,,0.0,0
electra-base,webis-touche2020,temp_lodo,0.77,,0.0,0
electra-base,webis-touche2020,temp_lodo,0.78,,0.0,0
electra-base,webis-touche2020,temp_lodo,0.79,,0.0,0
electra-base,webis-touche2020,temp_lodo,0.8,,0.0,0
electra-base,webis-touche2020,temp_lodo,0.81,,0.0,0
electra-base,webis-touche2020,temp_lodo,0.8200000000000001,,0.0,0
electra-base,webis-touche2020,temp_lodo,0.8300000000000001,,0.0,0
electra-base,webis-touche2020,temp_lodo,0.8400000000000001,,0.0,0
electra-base,webis-touche2020,temp_lodo,0.85,,0.0,0
electra-base,webis-touche2020,temp_lodo,0.86,,0.0,0
electra-base,webis-touche2020,temp_lodo,0.87,,0.0,0
electra-base,webis-touche2020,temp_lodo,0.88,,0.0,0
electra-base,webis-touche2020,temp_lodo,0.89,,0.0,0
electra-base,webis-touche2020,temp_lodo,0.9,,0.0,0
electra-base,webis-touche2020,temp_lodo,0.91,,0.0,0
electra-base,webis-touche2020,temp_lodo,0.92,,0.0,0
electra-base,webis-touche2020,temp_lodo,0.93,,0.0,0
electra-base,webis-touche2020,temp_lodo,0.9400000000000001,,0.0,0
electra-base,webis-touche2020,temp_lodo,0.9500000000000001,,0.0,0
electra-base,webis-touche2020,temp_lodo,0.9600000000000001,,0.0,0
electra-base,webis-touche2020,temp_lodo,0.97,,0.0,0
electra-base,webis-touche2020,temp_lodo,0.98,,0.0,0
electra-base,webis-touche2020,temp_lodo,0.99,,0.0,0
